ID Pen Trait_1 Trait_2 Trait_3 Trait_4
F1250_4 1 0.223851353030689 0.751410836189596 0 -0.200502907674288
F1265_4 1 -0.502490190027665 0.0649461643900495 0 -0.421810754104181
F1767_4 1 0.557332084673797 -0.0272410086166766 0 0.358983138065264
F1975_4 1 -0.558648809306854 -0.369616776981858 0 0.294273524431142
F2226_4 1 -0.0383136734302754 -0.272923067609697 0 0.588578743702899
F2507_4 1 0.587915339377362 0.333106761881473 0 -0.15423732978409
F579_4 1 -0.619294053709925 -0.155438908455239 0 -0.170266399125617
M1017_4 1 -0.013867166817072 -0.372954439850145 0 0.770521921151274
M1301_4 1 -0.0654891375732629 -0.940972745847423 0 -0.090247980811935
M1533_4 1 -0.416593810490739 -0.129126503543483 0 0.305578391489836
M2177_4 1 -0.538858900288019 0.181143619014477 0 0.851384109450595
M2347_4 1 -0.495194814838284 0.712201976447406 0 0.317729117217767
M270_4 1 -0.0967368580089189 -0.212030066905065 0 -0.0990483428951325
M597_4 1 0.285038056875992 0.532874879886114 0 0.715310818910536
F100_4 2 0.304889150437934 -0.0785373941844243 0 0.184073524131413
F1113_4 2 0.267024977326867 -0.525449670268473 0 0.353071688613471
F1212_4 2 0.549732729566834 0.492437510860583 0 0.19441875468366
F2271_4 2 -0.156383031900689 0.347602912927362 0 1.06041644965256
F49_4 2 0.921416995833117 0.0422438782201924 0 -0.500527476392471
M1129_4 2 -0.248209113666066 0.58504097678609 0 0.670426356332586
M1749_4 2 -0.735571783530797 0.774931303755841 0 0.21945431014277
M1799_4 2 0.675834061694929 -0.559324833805825 0 0.249903561306965
M2378_4 2 -0.287994263190094 -0.0502756018095756 0 0.215688867269861
M330_4 2 -0.283844121527488 -0.0827451729199768 0 0.208860617247274
M37_4 2 -0.0886764876348937 -0.561792992004265 0 -0.45337085833901
M485_4 2 0.0953490195860534 1.41369457347447 0 0.126746923015047
M729_4 2 0.506152935289889 0.251542934289845 0 0.137660611693218
M878_4 2 -0.0177474587321996 -0.661538393175556 0 -0.367312507908186
F1336_4 3 -0.144165205558995 -0.164388813410381 0 0.68068466290685
F1544_4 3 0.373279617269187 -0.050106340357316 0 0.267587955638827
F1639_4 3 -0.337673798067559 0.733307940573164 0 0.638784620041291
F1833_4 3 0.2890530906558 0.909791611753306 0 0.0771427164318925
F1850_4 3 -0.384741141365936 1.07464090326937 0 -0.611700025996434
F676_4 3 -0.301146652847871 -0.678856640859389 0 0.495803037536446
M1222_4 3 -0.00772396050135776 0.327119718845303 0 0.79932128796667
M1446_4 3 0.07142525368871 -0.0473019487624061 0 -0.822987112057251
M1530_4 3 -0.332712400415754 -0.00119850490860551 0 -0.056500036318277
M1948_4 3 0.380454200392868 -0.0650510246226575 0 -0.0402494250504196
M2087_4 3 -0.545894536799708 -0.916417104708798 0 0.217395123663768
M2159_4 3 -0.38986722091088 0.577153911211794 0 0.564419741511614
M2426_4 3 -0.581300847204133 0.0931688774997631 0 -0.414689914297838
M2580_4 3 1.63929380423111 0.285813268300898 0 -0.0185536086765745
F1110_4 4 -0.0397345100634801 0.473329411613318 0 0.323987117476306
F2600_4 4 -0.113792232525991 -0.759273653621385 0 1.62195393654707
F2691_4 4 -0.453780254017796 0.0554947776278125 0 1.19975801172758
F2710_4 4 -0.537807433044869 0.103801764151099 0 0.357540452413728
F2722_4 4 -0.298085250897769 0.8954592270625 0 0.313560989389837
F58_4 4 0.305688439025392 0.707908585593972 0 0.612684416133656
M1069_4 4 0.0937179802243188 0.0851339479030743 0 -0.0636652329171308
M1128_4 4 -1.04167775180714 0.878733185732401 0 -0.137543641031194
M1696_4 4 -0.336132705072169 -0.366276266845922 0 0.153988398287168
M1791_4 4 -0.304928406135808 0.640838317739994 0 -0.19916540813016
M22_4 4 0.433611187072623 -0.512083645418167 0 -0.934055935981861
M2483_4 4 0.789477261242084 1.3873413358657 0 -0.444228100319971
M526_4 4 0.306933591675595 0.592000691503333 0 -0.409534723090552
M983_4 4 0.062233786413003 -0.107740122215062 0 1.36296210735042
F1063_4 5 -0.0404831194059316 0.231161000822367 0 0.611650545068057
F1190_4 5 -0.29724022672849 0.46092075193966 0 -0.138377474129107
F2139_4 5 0.511499891149808 -0.0389046373519311 0 -0.941420238935226
F2292_4 5 0.226170676540946 -0.334895340680224 0 -0.0125755087260868
F2461_4 5 0.45276996995213 0.181007740114258 0 0.16634126186695
F2768_4 5 0.610173073289497 0.271956992109956 0 0.0565491018448299
F301_4 5 -0.0682546723738279 0.41473656976057 0 -0.0543337599569124
M1134_4 5 0.0374366190870963 -0.84786310654491 0 -0.383484083199428
M1200_4 5 0.166449854263006 -0.992987912830656 0 0.268333907219925
M1639_4 5 0.58922479301826 -0.66066647237415 0 -0.471778485463385
M1895_4 5 -0.397093586024281 0.342692926299608 0 0.188498032133255
M2300_4 5 0.125921533327289 -0.778531117308037 0 0.744491709584444
M465_4 5 0.769664107613494 0.613836501354179 0 0.8406918666937
M84_4 5 0.102476558571163 1.08587284444194 0 0.294040801446771
F1872_4 6 0.463953063399785 0.0691832330047237 0 -0.103737600149984
F2371_4 6 0.112727592373381 1.06145688048333 0 0.892194357832494
F2610_4 6 -0.0964066349129994 0.749468928212796 0 0.682004755163514
F375_4 6 1.12694520429433 0.349068064803665 0 -0.0397079762694276
F417_4 6 -0.0793979263255751 0.619405031626962 0 -0.287539968735117
F902_4 6 0.0497184222985264 -0.366120060671453 0 0.617992239914765
M1328_4 6 0.208383719095699 0.144373698495573 0 -0.828750942986399
M1522_4 6 0.405677578648708 -0.852464507156746 0 -0.044632495456175
M287_4 6 -0.138645784129328 0.168077221484473 0 0.302820680240994
M316_4 6 -0.0604296156342586 -0.0803064493115362 0 0.619481844263122
M557_4 6 0.163187715729288 0.554610441351094 0 0.593088070080415
M733_4 6 0.368549818555139 0.256822848943414 0 -0.506588420741459
M858_4 6 -0.203056497047341 -0.525996402930545 0 0.143293705077612
M990_4 6 0.20652557382566 0.339614233448124 0 -0.147844987746034
F1192_4 7 0.38242184176085 0.425423702102024 0 0.389696428909357
F2107_4 7 0.319057380206222 -0.678426998232327 0 0.525681710922647
F2251_4 7 0.1973248640732 -0.300590034345946 0 0.19533859888923
F2284_4 7 -0.104469701305017 -0.545210783705163 0 -0.0200653602494492
F2363_4 7 0.791864397847149 0.749179190067663 0 -0.321729551437864
F486_4 7 -0.692079766375156 0.187549711727421 0 0.0112257108710829
F714_4 7 -0.314997154825673 0.0905901408507879 0 0.612040388656646
F947_4 7 -0.500160893134597 -0.109399098802133 0 -0.254860502696244
F988_4 7 0.675229774359567 -0.093093939131203 0 0.174589525799929
M1167_4 7 0.466047428223701 0.288056661285619 0 -0.0711015485614708
M1706_4 7 0.647394434255748 -0.259976522926737 0 0.244087440230737
M2330_4 7 0.0363976458215739 -0.308722744532666 0 0.512808511071909
M501_4 7 -0.286192128296901 -0.131378318859058 0 -0.406730393598196
M536_4 7 0.285295657907326 0.615846275795636 0 -0.62703533672209
F1382_4 8 -0.0374702431095299 0.259512567060363 0 -0.625253594482301
F1869_4 8 0.786748075294704 0.307944882786108 0 -0.538185636877477
F2134_4 8 0.0239055559672475 0.0555021416822846 0 0.449969318361455
F2321_4 8 -0.521099821236472 0.17741925337188 0 0.422826357589392
F862_4 8 0.56388912572076 0.416327596719163 0 -0.248186066130972
M1317_4 8 -0.472795627613504 -0.0666790717407578 0 -0.364469442082523
M1820_4 8 -0.131421825764152 -0.0478439352183562 0 -0.409609550758375
M1942_4 8 0.105513079374247 0.105528906526491 0 0.153281511218824
M1966_4 8 0.313922844779101 0.442254428348093 0 -0.217834665062761
M2281_4 8 -0.758811668457702 0.338199894130568 0 0.054307342403602
M2499_4 8 0.0281741877507625 -0.244950905574239 0 0.48190443140275
M29_4 8 -0.186614427636525 0.161514160778284 0 0.253057739277695
M355_4 8 -0.442205090599575 0.794584617369056 0 -0.595533094876812
M369_4 8 0.195386828991181 0.676189968408052 0 0.287572297964658
F1407_4 9 0.344137792273116 -0.721340691271823 0 -0.571269174294125
F1543_4 9 0.216938835346196 0.183972197332616 0 0.26462933465094
F1704_4 9 -0.551211135698693 0.214335367190206 0 0.299781125638311
F323_4 9 -0.509831507044206 -0.0704256593272616 0 0.523096134274718
F66_4 9 0.306148125084837 -0.145806485601275 0 -0.838806322012531
M1073_4 9 0.0878511948784412 0.736033107938133 0 0.290198766287209
M1266_4 9 0.877015844909625 0.177448307341686 0 -0.308463602701809
M1340_4 9 -0.326050339560847 -0.00538883661035516 0 0.305025004127591
M135_4 9 -0.40124080836427 -0.0356143299123785 0 0.585913670064271
M1841_4 9 -0.24693215241056 -0.0215137569750665 0 0.916639814420811
M219_4 9 -0.00949411721684901 -0.401944989673884 0 0.357278383115884
M361_4 9 -0.640058800281117 -0.247087604162145 0 -0.69857430845823
M532_4 9 -0.518383156371384 0.11444813860731 0 0.276025843900445
M751_4 9 0.242567721183705 0.0925464350737202 0 0.214804803682186
F1315_4 10 0.534060333577824 -0.128204895925674 0 -0.471229220786366
F1655_4 10 0.158976164619144 0.401680940438701 0 0.520265751369344
F628_4 10 -0.000900504838314581 -0.521748112489564 0 -0.190055001568004
F882_4 10 -0.966403995670153 -0.243300140646854 0 0.585067472545006
M1101_4 10 -0.848591364787243 -0.215232599873186 0 -0.598586106056884
M1148_4 10 -0.359223015284215 0.291528850584297 0 0.0115535753927005
M1218_4 10 -0.81664700525531 0.539435656521171 0 0.325013294576121
M1242_4 10 0.38264811130669 1.04761454430928 0 0.613926689664531
M2153_4 10 0.69921429692064 0.719705971544709 0 -0.171765178321446
M2178_4 10 0.34683477584603 -0.298448771533247 0 -0.198590348731469
M273_4 10 -0.314283445855993 -0.578727361400591 0 0.73033029784745
M418_4 10 0.0059537435516397 0.294316802658215 0 -0.113156577879728
M867_4 10 0.499174952612127 0.0936805191974973 0 -0.0608160269623126
M912_4 10 -0.475609187899608 -0.443497078294631 0 -0.148675700586534
F1021_4 11 -0.0841720374940301 0.701057435700644 0 0.391381536991715
F1699_4 11 0.164414951955589 -0.426585681918049 0 -0.207494360470872
F1930_4 11 0.189193021541449 0.0548369036686821 0 -0.291165197145712
F1982_4 11 0.000380448186064572 -0.727955747004949 0 0.637316062547452
F2336_4 11 -0.0863451860727679 0.573724033588577 0 -0.548755141166489
F2360_4 11 1.27440339050585 0.50056149692959 0 -0.128370242289647
F245_4 11 -0.0989651632050162 0.954874908201354 0 0.417727923773331
F410_4 11 -0.437220038823882 0.475801661054055 0 0.211446827453282
M1611_4 11 0.069585005749403 0.41793985016342 0 -0.220493450601572
M2652_4 11 0.238219487972779 -0.185787111027315 0 -0.063304430488005
M500_4 11 -0.311734908716944 0.114880141907136 0 -0.175716712817141
M664_4 11 0.0995377674227077 0.488467024849522 0 -0.0777170796567427
M719_4 11 -0.0714418569757191 0.978463712971226 0 0.265211475300719
M818_4 11 0.0975982002227055 0.14443494789367 0 0.419844590891959
F1422_4 12 -0.0366701759069444 -0.0652019095164444 0 0.909721647124789
F1436_4 12 0.0436770990231813 0.000318700840496455 0 0.147183280276904
F2294_4 12 0.269682440480815 -0.865799733922482 0 -0.231670425716838
F2656_4 12 -1.04638706919727 0.105515505444749 0 -0.277808549045781
F780_4 12 -0.152347310651198 0.640687970151211 0 -0.00970496773642926
F798_4 12 0.574835302430482 -0.301296062009727 0 -0.105739845233324
F900_4 12 0.186880902395664 0.149523992319685 0 -0.19723899227864
F9_4 12 0.903416648641068 0.701573118655677 0 0.0681234355232449
M1154_4 12 0.187625014040574 -0.127704368331365 0 -0.00190401481607888
M2319_4 12 -0.234375049283993 -0.17920794838754 0 0.627232788924846
M2625_4 12 -0.831741740198477 -0.324885067061844 0 -0.553143452040509
M421_4 12 0.237069758749906 -0.0331710115711101 0 -0.532453917732834
M423_4 12 -0.998420192814531 0.459181214488137 0 -0.850321001896961
M989_4 12 -0.412918090676578 -0.763678519108004 0 -1.04141496697642
F1112_4 13 -0.00947474116603379 -1.29010354304053 0 1.10403171159699
F1425_4 13 -0.743307169856637 0.449607935366258 0 -0.298872834170319
F1601_4 13 -0.461997324361916 0.449711426739341 0 0.39345780845914
F1654_4 13 0.0666801625466729 0.0408380685390765 0 -0.0511593994440848
F2277_4 13 -0.313524012401723 0.0269017766062638 0 -0.211962466862004
F723_4 13 -0.922023719325882 0.685653895043745 0 0.57479113867923
F996_4 13 0.00871662206692601 -0.1813829528742 0 0.706177775050309
M1572_4 13 -0.48355496018362 0.13314396525495 0 0.181962117676215
M1833_4 13 0.40618752812958 -0.217625322585643 0 0.321918886411792
M2461_4 13 0.000451022441813012 -0.260892371574768 0 0.169884696283242
M2624_4 13 0.35258280974399 -0.0576820553050513 0 -0.310957584013241
M309_4 13 0.0218622381033622 0.842247037769368 0 0.157379992417988
M504_4 13 -0.112780142007915 0.4383601291022 0 -0.727263557980812
M785_4 13 -0.471385614974408 -0.304096206546857 0 0.00877804425732931
F104_4 14 0.928918569865876 0.981216293701935 0 0.662546786998032
F122_4 14 -0.877065055161722 -0.78666793748115 0 -0.0582920846751096
F1278_4 14 -0.142648556560162 -0.558283257992369 0 0.349173004981193
F1605_4 14 -1.08174371370423 -0.333675301006097 0 -0.0429177911738844
F344_4 14 -0.225585586980849 -0.15957129069284 0 -0.0260289411831413
F389_4 14 0.146001050555867 0.257576101040793 0 -0.542817575741969
F886_4 14 -1.05757795104781 -0.363810534172242 0 0.467901256564261
M1360_4 14 -0.244917970927112 -0.524361701204165 0 0.177417973583525
M1790_4 14 0.195992244918097 -0.670472249959739 0 0.30175667234416
M1822_4 14 0.687170214002266 0.0843577958450324 0 0.0637376478317019
M349_4 14 0.197466754337297 0.251750525533905 0 -0.0138934378169562
M441_4 14 0.299176979024036 0.476782642289145 0 0.00818737946877551
M470_4 14 -0.409740109737051 -0.387553367170606 0 0.200711453763396
M894_4 14 0.572569726136315 -0.585163370836641 0 1.18999612533846
F1358_4 15 0.580887800523614 0.375420598686361 0 0.357476300087349
F1686_4 15 0.424556457959477 -1.01415164557047 0 -0.158300169863256
F1886_4 15 0.55902778255269 0.11918750531622 0 0.359646752394487
F2248_4 15 -0.543038710262627 -0.204550006707454 0 0.380551201928364
F2637_4 15 0.214522794485716 0.429555769650074 0 -0.319383582733848
F2644_4 15 0.589476802155929 0.151701542522917 0 0.325286120630957
F393_4 15 0.612864435724949 0.512943127154453 0 0.524772801045488
F506_4 15 -0.254133372131952 -0.174143257417439 0 0.0950673089832152
F566_4 15 -0.384275341664847 -0.279242341815096 0 -0.424466941697386
F756_4 15 0.926684815144649 -0.437087275458794 0 1.0034602961931
M15_4 15 -0.203539485528725 0.673210174413559 0 -0.0782860427874037
M1956_4 15 0.269725216680086 -0.463809346039616 0 -0.0311012326765784
M455_4 15 0.612526739551727 0.410341783079758 0 0.772023820225645
M474_4 15 -0.633407356368659 0.394913907128205 0 -0.149057636157994
F1284_4 16 0.109232996513399 0.686171385693349 0 -0.740276045024571
F1296_4 16 0.478770045118706 -0.00084467107214381 0 0.792854699708632
F1677_4 16 0.143340672212253 0.134607264100582 0 0.491857033816876
F2348_4 16 -0.0652168626503674 -0.301571281993431 0 -0.046876200253197
F2757_4 16 -0.731281886937034 0.010970866159961 0 0.0625917615543863
F2781_4 16 0.636282250087376 0.505959211725736 0 0.258132700517053
M1059_4 16 0.188052815037584 -0.914721958860827 0 -0.170937884584136
M1172_4 16 -1.22960530200965 0.123269158000209 0 -0.749057826161567
M1596_4 16 0.879049294269663 -0.998002834477801 0 0.585878104194664
M1668_4 16 1.04657590528565 0.742751455513938 0 -0.077257876354576
M2012_4 16 0.861282385785461 0.177011447731485 0 0.490594508282404
M2110_4 16 0.546255236194759 0.715726381549827 0 -0.257890702952723
M2597_4 16 0.0280896605457691 0.399644530523559 0 0.755800534082979
M797_4 16 0.764790304770732 -0.0109921251108483 0 -0.179400538384105
F1272_4 17 0.432877690815345 -0.436957632071553 0 -0.262195724345006
F1630_4 17 0.0191182254042877 0.0215962258303648 0 -0.27335586419735
F2257_4 17 0.377664900750005 -0.208710254197705 0 -0.117377917128404
F268_4 17 0.0790543609553798 1.17173593517132 0 -0.119539806205562
F2690_4 17 0.4604653707633 0.2642329570006 0 0.373648561480307
F40_4 17 0.649288295635299 0.0204383018449803 0 1.20035460847982
F554_4 17 -0.810157947129533 -0.693429317430345 0 0.104713282311867
F572_4 17 0.00255052861228981 0.644768910627873 0 -0.145533905775549
M1265_4 17 -0.140475046558681 0.220356196691808 0 0.162974163814311
M2079_4 17 0.0143276457787103 -0.204252729922954 0 -0.20890108451363
M2156_4 17 -0.15654774198048 -0.426598329289681 0 0.200951938051952
M2265_4 17 0.386540133991815 0.136859931799182 0 -0.155478469227981
M2762_4 17 -0.0414237979306434 -0.465033387294427 0 0.0046647391725983
M610_4 17 0.0130736967269162 -0.0305922075365786 0 0.625543799034831
F1259_4 18 -0.230435225421919 0.131621988571126 0 0.277231068554216
F1275_4 18 -0.341561598912759 0.308598201424229 0 -0.360870812893208
F1412_4 18 -0.0269606191122796 0.213390585324416 0 0.542043192393475
F164_4 18 -0.12922583381536 0.154032513017209 0 -0.355600294634028
F1864_4 18 0.0854060937979555 0.389959790173557 0 0.106694571132223
F2039_4 18 0.0220100809124528 0.38433033098234 0 0.599898823384187
F2298_4 18 0.090969550175703 0.233649713363952 0 -0.250066107974396
F2681_4 18 -0.363568348078218 0.234536302605558 0 0.518695642586664
F270_4 18 0.208493140108319 -0.198677464362794 0 0.364540753625088
F621_4 18 0.209185418000979 0.12172099065091 0 0.588933826969084
F706_4 18 1.06327955065609 0.189328087426604 0 1.0125223247793
F786_4 18 -0.518609104221556 -0.294080722453563 0 -0.014015975726429
M1760_4 18 -0.141851913162463 -0.818790228840564 0 0.529723417533544
M2043_4 18 1.10064072092782 -0.338723994626796 0 0.297349899419739
F1137_4 19 -0.440323034443377 -0.232560221716208 0 -0.184627504202557
F1249_4 19 1.11141150008295 -0.207691732259168 0 0.0525314324936086
F1703_4 19 -0.640545741951735 1.44008787605349 0 -0.183997860193383
F2403_4 19 0.124547032037406 0.146480981577583 0 -0.177927210021247
F2541_4 19 -0.568154013215975 -0.460916520117067 0 -0.612123825144981
F492_4 19 0.388359266156394 -0.490506452489746 0 -0.345888816563293
M1221_4 19 0.436016832232153 -0.0271222795191222 0 -0.567965540047001
M1463_4 19 -0.410702945283964 0.28193037698185 0 0.304808335056475
M1498_4 19 -0.51324366205824 -0.35579562039785 0 0.0574331145613082
M1957_4 19 0.700948247959082 -0.452305435863127 0 -0.327848293892032
M2033_4 19 -0.345410521531371 0.184392217435951 0 0.431639195668837
M2221_4 19 -0.293683661671576 0.355124181255708 0 0.785842079080314
M2283_4 19 0.432366906781094 0.051118552750377 0 0.812661060560234
M462_4 19 -1.03027394597702 0.0377560395759644 0 -0.758072071785383
F1005_4 20 -0.160816198088268 -0.921552299140195 0 0.646288128358352
F1114_4 20 -0.0923666938504398 -0.135070432840097 0 0.110937078125526
F13_4 20 0.430692799328944 -0.663521358773037 0 0.194560362688619
F1481_4 20 0.569972333071518 -0.0755644241431799 0 0.206447899601178
F1789_4 20 -0.352264802559949 0.0927196443176298 0 -0.294735664055175
F1971_4 20 0.320406527460606 -0.437872361307983 0 -0.302879204741289
F2500_4 20 -0.400461944945395 -0.204178457413445 0 -0.305726354859283
F974_4 20 -0.600505616038089 -1.16691416746816 0 -0.51498872548236
M1191_4 20 -0.0143180889369532 -0.237880585124592 0 0.758580874106445
M2017_4 20 -0.511529701586725 -0.424699845606129 0 -0.76722733894094
M2492_4 20 -0.304598334493856 0.419262215074452 0 0.488040739935283
M291_4 20 0.232564948273888 0.998849166820921 0 1.39640551149743
M731_4 20 -0.270233843821216 -0.461831246478402 0 -0.438797769388123
M966_4 20 0.810771804799037 0.516599949700574 0 0.288014982824135
F1179_4 21 -0.616621003256154 0.107958425443389 0 0.632669371835496
F1625_4 21 0.0796426122421137 -0.340303561299214 0 0.536296316636314
F1790_4 21 -0.21859021642794 -0.147313975067398 0 0.0933985248233238
F184_4 21 -0.607899449650682 0.501793479473215 0 0.263508541002825
F1949_4 21 0.0826654472735784 0.379108242125671 0 0.52733192117016
F353_4 21 -0.345955430303409 -0.571478740894574 0 -0.134879396184735
F588_4 21 -0.0904099632591809 -0.704246416676018 0 -0.0836126596047373
F618_4 21 0.500160983277845 0.0425243264328119 0 -0.533997472816881
F84_4 21 0.374425321257198 -0.832903193412442 0 0.402779884426874
M247_4 21 0.245798813349771 0.733201551613447 0 0.334188334113208
M2482_4 21 0.404516660620508 -0.792732823933551 0 0.326662486827303
M2722_4 21 -0.711926324758223 -0.360722069126334 0 0.919311966851645
M56_4 21 0.303770809479128 -0.331481282079084 0 0.346742640883116
M934_4 21 -0.0564753826027695 0.917186683603706 0 -0.635429075885623
F1356_4 22 -0.656467726689354 0.266872390657831 0 0.621091009928035
F1457_4 22 0.244422315842877 -0.346259553736204 0 -0.0478408846302677
F1477_4 22 0.398022687715255 0.358495778331636 0 -0.169168646569103
F1556_4 22 -0.917308425705167 0.3032416711118 0 0.193944032265426
F166_4 22 0.0115346344086096 -0.207687626360833 0 0.427657704727306
F2323_4 22 0.624491700561735 -0.764722046768026 0 -0.78262904207787
F2453_4 22 -0.672045026869964 0.988871463608787 0 -0.806091785127998
F2508_4 22 0.178441668647715 0.791870472552975 0 -0.504150534901915
F752_4 22 0.357690753913067 0.578055934972679 0 0.233740201371038
M127_4 22 0.304243131121447 -0.29413729330764 0 -1.10322585745629
M2152_4 22 -0.30773842367102 0.356537654654991 0 -0.348441956108927
M2432_4 22 0.227155824351669 0.578866517860779 0 0.143270669537697
M2496_4 22 -0.034503216756267 -0.302498903082154 0 0.604029302659434
M717_4 22 -0.511248618976544 0.0689984807791078 0 0.975447258282937
F1197_4 23 0.219235486253972 -0.579352199043469 0 0.26276518481611
F1404_4 23 0.0920755722311089 0.640688584608553 0 0.257310277668062
F1446_4 23 0.332102728586153 0.122161765913496 0 0.627918402689334
F1587_4 23 0.419254004704507 0.844989134894184 0 -0.23359815926588
F15_4 23 -0.229304398024754 -0.62052398595339 0 -0.454532634727661
F1907_4 23 0.793787877729374 -0.282842069596832 0 0.747846684007207
M121_4 23 -0.123001218498446 -0.411330327955379 0 0.189248500832188
M1452_4 23 -0.162846038177835 0.403222276249066 0 0.540340704790834
M148_4 23 0.56767898759089 0.881747717394444 0 0.877136751991024
M1491_4 23 0.247097256002391 0.129297675039055 0 -0.40994077464552
M169_4 23 0.607725640834581 1.06022974263636 0 0.90810210577439
M1993_4 23 0.70851661735598 -0.0826112076358939 0 0.0847484729534665
M598_4 23 0.0357564487869394 -0.59536411065057 0 0.387147555231137
M676_4 23 0.618010760091869 0.0431421872220287 0 -0.945221128474483
F1069_4 24 -0.116508905010141 0.161225975379539 0 1.05162434830209
F1292_4 24 -0.0686189719776303 0.0575445392439273 0 0.588310594060799
F1347_4 24 0.438645395304472 -0.418567634683553 0 0.352696311449464
F751_4 24 1.08342608947172 -1.21422526821866 0 0.546976249385278
F816_4 24 0.197351765808205 -0.28880202486496 0 -0.374289241637365
M1115_4 24 -0.509619255803167 -0.20530083855425 0 0.160847421315903
M1580_4 24 0.653685241213841 0.420194858942293 0 -0.243336424591674
M1783_4 24 -0.345448515563175 -0.194109355848032 0 -0.239862626748756
M2137_4 24 -0.276439936319966 0.0706595921921357 0 -0.0701967551167076
M2167_4 24 0.0572885813963606 0.213885384326832 0 0.535720656913954
M2513_4 24 -0.365961412522106 -0.0160927743431105 0 0.145436252659072
M2578_4 24 -0.0371353536104303 -0.508620609366084 0 -0.318278339858242
M436_4 24 0.272873829160364 -0.626590438741783 0 0.940586112654688
M533_4 24 -0.430654017550944 -0.414228620623734 0 0.386697929379447
F2391_4 25 0.126846824069842 -0.140124418988259 0 0.509489378639005
F2537_4 25 0.090342250464639 -0.570104186567724 0 0.594960561040834
F2614_4 25 0.379464472007265 0.0468194460135843 0 1.13283300672526
F2680_4 25 -0.163996820237871 0.45714500202854 0 0.105982148768511
F2724_4 25 0.741184332650753 0.176428000195935 0 1.41291843101091
F33_4 25 0.137924851905384 -0.31658689367927 0 0.903988452337334
F686_4 25 0.113228974361747 0.316307142056087 0 -0.0602390058766541
F765_4 25 -0.177604164472097 0.608231151015903 0 -0.231875199332113
M1381_4 25 0.706842286939738 0.192409642239362 0 -0.0962376299922621
M1813_4 25 0.377368921975733 -0.00288375534626184 0 0.253160145448822
M1926_4 25 0.785051873698169 -0.333215748276068 0 0.133201587236498
M2752_4 25 -1.13824307996931 -0.0142092307348251 0 -0.385286758423982
M570_4 25 0.301954032250102 0.133951491973603 0 0.31117525995711
M846_4 25 -0.456604037370159 -0.46264939686989 0 0.53641350651191
F1263_4 26 0.0494039771094461 -0.071621186307508 0 -0.159249930888203
F1929_4 26 0.0622411394717506 0.332942507117629 0 0.207253250845461
F2361_4 26 -0.58562767065872 0.0409408671919296 0 -0.617261524503753
F2399_4 26 -0.0929394224156332 0.0617154340578976 0 -0.267632171536917
F2560_4 26 0.0537966119248893 -0.234499798483644 0 0.445047507949347
F2652_4 26 -0.169769970459038 0.326831464508349 0 0.946806256889273
F455_4 26 -0.398507046044719 0.188139678611971 0 -1.05927639926625
M1354_4 26 0.645445566047442 0.14962923457731 0 0.634413642503841
M1858_4 26 0.332315061190593 -0.0298036897392663 0 0.0781793613436508
M1949_4 26 -0.426624978880097 -0.308293483875406 0 0.0444598635261967
M2053_4 26 -0.537418083910197 -0.138858838818409 0 -0.623496559364005
M281_4 26 0.736751434631 -0.308163519010894 0 0.035887534878777
M492_4 26 0.489602137432561 -0.06747534494554 0 0.911961442611006
M724_4 26 0.567087763786302 -0.945508759954769 0 -0.341219629400622
F1866_4 27 0.0343951908733799 0.191256361257343 0 0.652119214362317
F2046_4 27 -0.484591476161836 0.283830585977791 0 0.317071677502957
F2638_4 27 0.625423871199351 -0.547369459155446 0 1.44924398819405
F2_4 27 1.12674929704718 -0.113269144929184 0 0.347672108558054
F41_4 27 0.594620085822773 0.874385793648832 0 -0.299463139243769
M1253_4 27 0.967144261908413 -0.341627401776236 0 0.574551916965165
M132_4 27 0.288724020271808 -0.484921779018661 0 0.140657291498442
M1421_4 27 -0.649526401635149 0.589207150406967 0 0.68967280745902
M1659_4 27 -0.403578482893669 -0.625806043667582 0 0.84516365119992
M2016_4 27 -0.393362313869333 0.301546687269012 0 0.363843234548504
M2117_4 27 0.625603417043923 -0.769851163010631 0 -0.549486305563707
M2181_4 27 0.00925494485720002 0.207790003675565 0 0.695487554352075
M2189_4 27 0.0907249287360908 0.612502802974502 0 0.623917307160251
M514_4 27 0.26729304636811 0.377977252183793 0 0.205774628021303
F1411_4 28 -0.0406363518787734 -0.0280998491826199 0 -0.594271851937959
F2148_4 28 -0.617618748801272 0.381312356637513 0 0.746995597657091
F2240_4 28 -0.517903846348028 0.145037150966562 0 -0.613314494450439
F2667_4 28 0.307068300927039 0.0855339962176365 0 -0.298227292702493
F705_4 28 0.319507027938848 -0.806443009711782 0 0.566373351075718
F725_4 28 -0.716542406393409 -0.778923310547591 0 -0.500518716473205
M1474_4 28 -0.0464157722878399 0.201723639243967 0 -0.233799106570663
M1544_4 28 -0.587528370907496 1.25824674048591 0 -0.241747567091355
M1766_4 28 -0.344880273727923 0.419010958264764 0 0.185579165216967
M1838_4 28 0.812983494294961 0.261657808392644 0 0.573592013273791
M1839_4 28 0.504201111088101 -0.367254260376984 0 0.735802481250005
M2312_4 28 -0.000810827489169927 -0.373681406936074 0 0.0522124039422522
M2643_4 28 0.477481253091082 0.557112601300512 0 -0.794101512288193
M320_4 28 -0.0866042279905062 -0.136572143264745 0 0.81490108315879
F1117_4 29 -0.406730035465048 -0.508065196622668 0 0.195930908382073
F1341_4 29 -0.702344627282904 0.434935739993565 0 1.14510459704342
F2178_4 29 -0.111084079656306 -0.737935131729961 0 0.164041499836423
F2471_4 29 -0.956864680539772 -0.18118393715685 0 0.090591059256749
F2609_4 29 0.462520770174709 0.811283049684871 0 -0.586219670388422
F2716_4 29 0.555622605378069 -0.114501538141604 0 0.165853986594278
F960_4 29 -0.407134699143845 -0.622196269320251 0 -0.797770544600305
M109_4 29 0.152527520251688 0.783625944934252 0 0.490090456331872
M2018_4 29 -0.0317255392716238 -0.692877988623803 0 -0.683340493955696
M2543_4 29 -0.079194208571813 0.188438773851035 0 0.0438186230790659
M2587_4 29 -0.00848267855684591 -0.0453046487041525 0 -0.576105238592034
M393_4 29 0.00261694608836682 -0.96002311996597 0 -0.37764440851757
M648_4 29 -0.0230527413434937 0.112848521223256 0 -0.0456222972747357
M753_4 29 0.59571081067934 0.293361700872509 0 0.451673171449158
F1140_4 30 0.213140087689015 0.109654601480028 0 0.656209085506809
F1408_4 30 0.158243832690027 0.0149261676054264 0 0.791829895233075
F1454_4 30 0.127749936562915 -0.286247223365561 0 0.174003372916266
F1518_4 30 0.785000348036008 0.169988794288665 0 -0.697553317789002
F2236_4 30 -0.0961804561374295 0.780782799838934 0 0.912957788312305
F2246_4 30 -0.110305408464643 0.381789320932319 0 -0.468143179796904
F22_4 30 -0.246627996152146 0.105748996749205 0 0.486867063674934
F2347_4 30 -0.767968337960892 0.379960206108873 0 -0.151200157181523
F2432_4 30 -0.0826121535454623 0.0734984238642589 0 -0.269372790082779
F2516_4 30 0.196420602844028 -0.0284397218352404 0 -0.671897888276915
F2620_4 30 0.487927180905795 0.213747153654079 0 -0.645787954440597
F989_4 30 -0.384902549495189 0.793215320484187 0 -0.0623888966339599
M1937_4 30 0.0633227773320743 -0.202140252180509 0 -0.101374093606498
M2778_4 30 0.122062969916375 -0.0768379709990868 0 -0.28043996799982
F1022_4 31 -0.430079520620017 -0.521153879062964 0 -0.171696623538218
F1596_4 31 0.838805128885628 -0.403065697298077 0 -0.365755261187495
F1636_4 31 -0.524996871960849 -0.483059537179507 0 0.000640958298470773
F1708_4 31 0.413997633424078 -0.0885476061870458 0 -0.280650637929504
F2079_4 31 0.462624511740456 -0.598826327880863 0 0.0512913711950365
F2317_4 31 -0.388172187324216 0.109354974759466 0 0.840370816737091
F242_4 31 -0.590653863544437 0.0529858256609396 0 0.993264967622853
F400_4 31 0.219650734210857 0.0785305643837698 0 0.896058551560232
F533_4 31 0.207357948619107 0.0487377568744011 0 0.453723850425562
M1139_4 31 0.382692542783654 -0.252877143651696 0 0.9629862958121
M1190_4 31 0.156343945247781 0.191317699169616 0 0.468335230092218
M1459_4 31 0.12821653563978 1.00718327418906 0 -0.656233275713356
M2542_4 31 0.0507018036918448 0.206187992942016 0 -0.584615084095304
M99_4 31 -0.508780724346053 -0.0076971077185507 0 0.773688236083167
F106_4 32 0.704612015763934 -0.401409430619875 0 0.301258927324843
F148_4 32 -0.293685195717292 0.453280187707844 0 0.34801263890089
F2783_4 32 -0.349941309819674 0.222488393981964 0 1.30469829699231
F357_4 32 -0.454039176049721 0.636176351155855 0 -0.0745803181823186
F549_4 32 -0.955665955068461 -0.31306466927208 0 0.00237898534102454
M1018_4 32 -0.478408330815512 0.221575469082563 0 -0.0419117590097685
M116_4 32 0.577932709767778 0.358369342206057 0 0.0590475374098771
M1232_4 32 -0.578620679846064 0.135636450208364 0 -0.585407559617136
M1326_4 32 -0.658257829349659 -0.84216067462749 0 0.54163171626953
M1776_4 32 0.589990929063806 -0.188510468909778 0 0.00670836266912467
M1847_4 32 0.239889838101582 0.151734107076461 0 0.274337663249974
M383_4 32 0.156615450778572 -0.434373100124642 0 0.367943322302845
M728_4 32 -0.480627315078262 -0.554306677273952 0 -0.586039371511117
M771_4 32 0.291187542790235 -0.116560658061521 0 -0.384283447503798
F1087_4 33 0.0904062804759441 0.196983911834046 0 0.015556110874956
F1799_4 33 -0.0598659514367469 0.747493521029722 0 -0.545175015534842
F2001_4 33 -0.343184935056397 0.722296913544236 0 -0.874624662060727
F383_4 33 0.324627486683332 0.423088754639247 0 -0.212435528028195
F422_4 33 -0.623685811716207 0.503695013822097 0 0.417745754193311
F580_4 33 -0.600668676118747 -1.09390444513636 0 -0.25580862096439
F788_4 33 0.391264089410591 -0.365598471106232 0 0.902241834911243
M1509_4 33 -0.245010249776913 0.0854198459089206 0 -0.219760475739856
M1700_4 33 0.478801335554163 0.762200174812855 0 -0.240960565560981
M2021_4 33 -0.111731390084941 0.333930726329927 0 0.0665420426351624
M2563_4 33 0.00366334805228315 0.258830217919854 0 0.0498921626493792
M2800_4 33 -0.308227318714155 0.867227840662724 0 0.38553335232469
M484_4 33 -0.384884461307784 -0.498116501222051 0 0.395468500768077
M58_4 33 0.588449242160601 0.499752400180204 0 0.170801391089376
F1340_4 34 0.473262015187064 -0.0740848467508118 0 0.478787050398984
F1638_4 34 -0.405523528184086 0.45509595263664 0 0.305379027103289
F2598_4 34 0.654217680778422 -0.0528124980078882 0 -0.257462164824501
F2703_4 34 -0.000747876956667143 -0.242643145660778 0 0.731015095166915
F320_4 34 -0.49740183876353 -0.0190670204465658 0 -0.334769556837281
F582_4 34 0.509078287107231 0.586067898408402 0 0.320735757390071
F987_4 34 -0.0930819303669938 -0.598221638425584 0 0.091320455891857
M1124_4 34 -0.206851729897339 -0.206537375640216 0 -0.659617952305722
M1414_4 34 0.171282784342683 0.757688715059127 0 -0.532053663493997
M1803_4 34 0.157490789676055 -0.561519896672355 0 0.204530186270619
M2004_4 34 -0.215674280314912 0.131426142603204 0 0.831617805835052
M2170_4 34 -0.242076568333953 0.0109001882185409 0 -1.21321415384428
M313_4 34 0.261061870480452 0.491003330048422 0 0.683842365791344
M822_4 34 0.217872440327174 -0.188623521817878 0 -0.35849898512285
F1592_4 35 0.203459821840159 0.00646604136932638 0 0.323960264344898
F1611_4 35 -0.14661922728796 -0.132842415463545 0 -0.00890024197471295
F326_4 35 0.210403411562145 -0.019859153185692 0 0.641509257428859
F528_4 35 -0.158839611707571 0.759036279978929 0 0.756780221848053
F530_4 35 0.133549604154417 -0.469129400647404 0 0.0261875987191791
F560_4 35 0.127629980211461 -0.342364120439263 0 0.409315992222453
M1401_4 35 0.257514155805831 0.111658429484857 0 -0.173393395755044
M1786_4 35 -0.408614024828127 -0.292043769950325 0 0.904028371944695
M2194_4 35 0.962473529110915 0.12020366254338 0 0.925063479865005
M234_4 35 -0.188197848416223 0.14909780925762 0 -0.503731282742632
M2775_4 35 -0.359041974227124 0.0272968139324309 0 -0.396487181655746
M2796_4 35 -1.02996753128457 -0.593496928463559 0 0.405114729758078
M435_4 35 0.356355428716259 0.152703505892304 0 0.241327388276784
M81_4 35 1.15391144590738 -0.0513435220998239 0 0.561946541486544
F1126_4 36 -0.293786490701331 -0.221234549519216 0 0.465194119262507
F1478_4 36 -0.357479787052635 1.16331097202045 0 -0.789405636539631
F1806_4 36 -0.28903578486807 0.304749976544442 0 1.79000549271177
F2013_4 36 0.433153083197598 0.137030984659136 0 0.199456106866506
F2418_4 36 0.431309725248093 -1.32743062649556 0 -0.0345965937953284
F2460_4 36 -0.780731580141887 0.576943947152133 0 0.701203843827808
F2672_4 36 0.653642159523574 -0.146217568808029 0 -0.184376061423576
F671_4 36 -0.0377797585259274 -0.0355586949563497 0 -0.0200389783968962
M1089_4 36 -0.696615755034011 -0.00651455106114918 0 -0.574343720508732
M1779_4 36 -1.00343211758901 -0.267340911392433 0 -0.00105946467463203
M1861_4 36 0.0451454329566402 -0.415149926267276 0 0.309829576229907
M2615_4 36 -0.128451582487791 0.493252382817452 0 0.235331594768273
M61_4 36 -0.669626640616148 1.24892537184361 0 0.237983586581785
M649_4 36 -0.00320596663129555 0.326199812035393 0 0.577182601730576
F1749_4 37 -0.40843251674801 -0.278904491703055 0 0.157760286578189
F192_4 37 0.246475706587542 0.456753114551438 0 -0.644700189478669
F2319_4 37 -0.27626259832201 0.0879786472730628 0 0.745521477603411
F615_4 37 -1.19414588479555 -0.22093872777046 0 0.166168811008366
F652_4 37 0.236768842421177 0.281219903334852 0 -0.419423342362855
F906_4 37 0.0694147293204376 0.595206468607347 0 0.319694693533719
F997_4 37 0.474357546216062 0.480700903916707 0 -0.259509997181429
M1057_4 37 -0.787215081857187 -0.168294492239695 0 -0.2358992197319
M1177_4 37 0.144725044893458 -0.0302839734232428 0 -0.671882900146745
M1525_4 37 -0.318329336922331 0.461164919752557 0 0.272877516709714
M17_4 37 0.568847007051725 -0.409318594135238 0 0.376252532527451
M2114_4 37 -0.398917527761127 0.598838374727289 0 -0.0839565278996458
M2257_4 37 0.172595468086879 -0.303495515016375 0 0.73039283184766
M2649_4 37 0.241793043775895 0.00719245118940237 0 -0.259807534231269
F1768_4 38 0.160852093269564 -0.407595936912535 0 0.365260892169119
F1920_4 38 -0.500508712026343 -0.368631855885654 0 -0.429291220149207
F2098_4 38 0.0483507181036124 0.597178631203772 0 0.696562322567536
F237_4 38 0.861050612229805 0.152407683185468 0 -0.351328208797354
F2573_4 38 -0.510745667720512 0.412968817100332 0 0.364254312865062
F498_4 38 -0.765108964643966 -0.115971941072506 0 -0.389062354869338
F758_4 38 -0.063146411700138 -0.363766745100856 0 0.125802370519449
F851_4 38 0.292794215994275 -0.73605702122613 0 0.530918963930678
M1871_4 38 0.416884986021159 0.153044573977331 0 0.351784448792295
M2298_4 38 0.256304022518367 -0.245951269030014 0 0.370996890701858
M2351_4 38 0.243988810212968 0.584433248389692 0 -0.101186846918169
M2744_4 38 -0.52536925761434 0.330924851807707 0 0.0778298304218079
M573_4 38 0.437798738038944 -0.292571489755454 0 -0.0891274882726372
M795_4 38 -0.2779755951758 -0.340438473039998 0 -0.217056046411024
F1132_4 39 0.269827919846636 -0.463943350559396 0 0.196374828674689
F1890_4 39 -0.115285930547148 -0.123432478130195 0 0.223446872846162
F2205_4 39 -0.410582710561551 -0.478350634602965 0 -0.240970761331546
F2234_4 39 0.350892103291924 -0.417921734560792 0 -0.499787019278742
F436_4 39 -0.343139790809773 0.429404124266791 0 -0.244642035984968
F529_4 39 -0.348894305414866 -0.633162185210092 0 0.243357391579374
M1267_4 39 0.332641015685292 -0.683566458779733 0 0.727729983186423
M1378_4 39 -0.753167937344699 -0.118295343713187 0 0.493940136406615
M1694_4 39 -0.0339593954399043 0.485653024018557 0 -0.127413272703621
M2373_4 39 -0.34697590323214 -1.12128631873702 0 0.474549316452952
M2573_4 39 -0.108300638047451 -0.24645370465831 0 0.0846636884408618
M363_4 39 0.390338057259073 0.309765862579723 0 -0.593997226054758
M624_4 39 0.897949118505601 -0.23553210067503 0 0.431520602773659
M702_4 39 0.0399369995219025 -0.0338346048240439 0 0.696407243352005
F1578_4 40 0.461774379149521 0.0863418193609222 0 0.301640864943038
F1774_4 40 0.688966038157616 0.620179625368774 0 0.225078326166043
F2231_4 40 0.588084240179342 0.232058368472608 0 -0.128815630532241
F244_4 40 -0.578654416097553 -0.00319904910275903 0 0.397539365883471
F2566_4 40 0.1366885830314 0.169801118725146 0 -0.36261364027111
F2664_4 40 -0.00919134947013359 -0.587912981407844 0 0.114455118622545
M1489_4 40 0.7494030671999 0.455393473525292 0 -0.10429531268705
M1592_4 40 -0.155469924973923 0.306945281023063 0 0.891782856955316
M2273_4 40 -0.407820109503401 -0.521591186102028 0 0.0147942170995248
M2290_4 40 -0.0914590252464456 0.12710289398396 0 0.480840489071343
M397_4 40 0.903989847432902 -0.564548407986018 0 0.095720596546519
M564_4 40 0.302558635099279 -0.177229668667291 0 -0.885028957720819
M744_4 40 0.256119017277159 -0.478378100613488 0 0.169415993598279
M959_4 40 0.344687145872772 -0.684824175216649 0 0.000558129230454951
F1262_4 41 0.670417572940738 -0.286304281413231 0 0.075630218556165
F1513_4 41 -0.540918707173125 0.312822121494141 0 0.484090220005226
F2310_4 41 0.102393800475692 -0.587295920724302 0 0.170073802901906
F2636_4 41 -0.0803371138655203 0.079215188195366 0 0.625849722984389
F659_4 41 0.00527464800480738 0.622112796318457 0 -0.407899737020386
F682_4 41 -0.101290345006934 -0.0762965753220081 0 0.402782168769463
M1104_4 41 -0.136563217838592 -0.122297476582988 0 -0.478338237474672
M1493_4 41 -0.222199703507174 -0.326584714093955 0 0.0977500029140738
M1518_4 41 -0.508356550781628 -0.824472408500682 0 0.122219387448175
M2399_4 41 0.32723409897976 0.528772014820421 0 0.233272262464539
M2446_4 41 0.543246288514811 0.25223826118882 0 1.05635559871374
M628_4 41 -0.0564341244035729 0.701523369960168 0 0.47755769762844
M860_4 41 -0.287778337917413 0.568797610166476 0 -0.151455901592899
M87_4 41 -0.655401879680922 0.00483196476114744 0 0.51880057985084
F11_4 42 0.201873683372103 -0.199730289800343 0 -0.225865418455761
F1564_4 42 -0.0185861229873878 0.883059375563813 0 -0.385286679039774
F1602_4 42 0.107987510212956 -0.190868380791321 0 0.399024604594525
F1772_4 42 -0.92915227834258 -1.00014212739038 0 0.401853379827706
F1945_4 42 -0.135784806488557 0.207876023529626 0 -0.279693321693246
F1984_4 42 -0.0794618663965656 0.194342034086666 0 0.93847481898257
F2133_4 42 0.677193900187273 -0.450059360835028 0 0.177320818727329
F2289_4 42 0.0422320846316784 0.67513989812657 0 0.53316899452924
F2467_4 42 0.0366951412429616 -0.113992486579568 0 0.507719037047703
F2665_4 42 0.117793115171322 0.952227790873272 0 -0.243579972736459
M1473_4 42 0.112406279802682 -0.741937557049259 0 -0.341659129701475
M2569_4 42 0.000436086851453618 0.357035490820098 0 0.857125368116491
M2572_4 42 1.2980142126888 0.258307628805007 0 -0.118459567358667
M671_4 42 0.30733828112338 0.0615277892768344 0 0.288380052377596
F1266_4 43 -0.261997734416008 0.538590063270009 0 0.328165583878379
F173_4 43 -0.606340770593252 -0.211548984760741 0 -0.315386623943849
F204_4 43 -0.336924913883236 0.521562671213054 0 0.615543903217378
F550_4 43 0.851597976144827 0.119071098289471 0 0.503117895995061
F657_4 43 -0.5558416692331 -0.82428718539956 0 0.0542545104889087
F697_4 43 0.641154403471484 0.10077219523489 0 0.42987339096644
F844_4 43 0.0906636729673839 -0.183333052092888 0 0.246506417941915
M102_4 43 0.401171319005963 -0.513169482917939 0 0.386642985870727
M128_4 43 0.153367528250936 0.384222699475336 0 -0.291973069624188
M1435_4 43 -1.06314433173585 0.805813220359077 0 0.0120248931855845
M2370_4 43 0.441308146537398 -0.599439915107992 0 0.886349614323886
M2551_4 43 0.693208810511596 -0.134669211076549 0 -0.495908906203234
M2678_4 43 0.827381484840916 0.502541985980001 0 0.0899121886067005
M453_4 43 0.475705756545332 -0.0690521912853175 0 0.385065338127227
F1054_4 44 1.22782882511486 -0.597573238824573 0 -0.447152793546076
F1309_4 44 0.558050499968201 -0.114943210468273 0 -0.353240167338513
F1785_4 44 -0.438287504338242 0.591429530445218 0 0.312039925096167
F2219_4 44 -0.339214662293344 -0.600291972173847 0 0.142511388457253
F2587_4 44 -0.191996214176045 0.0458642351939117 0 -0.598836698466625
F637_4 44 0.296920312836359 0.202242548080273 0 0.18787986912969
F668_4 44 0.299584155625103 -0.103501221102321 0 0.305738189619858
M1174_4 44 -0.313024947352716 -0.122126326606403 0 0.718785709791788
M2402_4 44 0.0267575691884125 0.423009375297603 0 -0.361637577938611
M2608_4 44 -0.161364251621112 0.171708919867836 0 0.803305543898516
M48_4 44 0.460704678821976 0.464054343744194 0 -0.322392569867117
M574_4 44 0.274175855661339 0.632288197889891 0 0.0173648005929005
M644_4 44 0.348685894892003 0.0581861917908351 0 0.711382632488287
M815_4 44 0.0186483327868736 0.0255583631237458 0 0.71973496449238
F1323_4 45 0.333360592025067 -0.143932997710125 0 -0.481379605685291
F1365_4 45 -0.121647479193888 0.787192804864369 0 0.36697117152498
F1558_4 45 -0.657131325349923 -0.375708153166492 0 0.0170874217986611
F1893_4 45 0.104657243635604 0.308199611202666 0 0.885488721018607
F2279_4 45 -0.0662315892504677 0.406624478274548 0 0.28791097055991
F552_4 45 -0.452896287475203 -0.957393446401572 0 -0.673350641887941
F99_4 45 0.0480044684863608 0.212168609871469 0 0.175810492162545
M1529_4 45 0.0765814092280308 0.982056611480692 0 0.711817225634314
M1550_4 45 -0.348961456530297 -0.270687845818965 0 0.140157788026353
M1590_4 45 0.175060611066498 0.626644509035918 0 0.613722618992314
M1821_4 45 -0.567438239601257 0.220147008227495 0 -0.0626445788742066
M2280_4 45 0.143987781226437 0.34769246039735 0 -0.0648869493620746
M601_4 45 -0.0233933268267113 0.168364461153575 0 0.576412719293175
M835_4 45 0.716212990405938 -0.268177207891466 0 0.0608177707582918
F1124_4 46 0.0876604224466659 -0.20750076456876 0 0.0276911585081075
F1757_4 46 -0.557052441657633 -0.137009537576034 0 0.690650340134874
F2583_4 46 -0.0718061757686037 0.477355448208812 0 0.720185364860692
F2682_4 46 1.52296200182008 -0.1407528757457 0 -0.761971452280404
M1019_4 46 -0.523879607553108 -0.00376600156877682 0 0.466706381743834
M1734_4 46 0.369633357109099 -0.499546963618625 0 0.713752395584366
M1759_4 46 -0.356605386844576 -0.00553390253036457 0 -0.903233083932028
M1930_4 46 0.0430575200861034 0.0141380129881459 0 0.865663780455986
M2020_4 46 -0.637833477839676 0.134964221284491 0 -0.0273250580514873
M2107_4 46 0.198442363755358 -0.47608119029289 0 0.317044004804017
M296_4 46 -0.0818986421599117 0.0607195011787199 0 0.88805843543721
M543_4 46 -0.189791122864424 -0.512583934332222 0 0.895040525314906
M718_4 46 -0.886272791656468 0.47458247286386 0 0.146992116221292
M764_4 46 -0.391618189646626 -0.680495256984772 0 -0.031390886768618
F1762_4 47 -0.366708741925369 -0.42599475733656 0 0.237469807067006
F1873_4 47 -0.343690341522132 0.763958029958876 0 -0.19218935071717
F2409_4 47 0.254955915776523 0.336020404975657 0 -0.424826635891563
F2440_4 47 -0.0984215289734256 -0.838228989854695 0 0.936479214101154
F2442_4 47 0.503986012242183 0.839944593573216 0 -0.062705897938168
F247_4 47 -0.0724259496770628 0.125232216947631 0 0.643005514751192
M1043_4 47 0.109588075533206 -0.584839137555417 0 0.0983097676589778
M122_4 47 -0.678646363951002 -0.0406159058495667 0 0.617336715601848
M1366_4 47 -0.232029067793791 -0.910567866363209 0 -0.0573565341058672
M1487_4 47 0.0963385863062462 0.0176166069531724 0 0.180884506000629
M2734_4 47 0.376807721406015 1.0349107660784 0 -0.0958209997625713
M376_4 47 -0.125531027317115 0.277264900769965 0 0.713150926881888
M498_4 47 -0.324366398295113 -0.594426537271898 0 0.496965797872127
M919_4 47 0.396630640543929 0.89447318310298 0 -0.239988805140228
F1062_4 48 1.17149754358789 -0.0327928042387083 0 0.269034592299153
F1337_4 48 0.249001938135007 -0.566780520531308 0 0.237480827658858
F1421_4 48 0.0115659501408251 -0.106550221453261 0 0.664511412076498
F1635_4 48 -0.0221082679725382 0.45158703352806 0 -0.627778387119563
F218_4 48 -0.423830810774131 0.533222962652324 0 -0.224019922525595
M108_4 48 -0.336116009996711 -0.393838370784323 0 0.0636875651736301
M1814_4 48 0.0407184733512221 1.05833320904696 0 0.111526955276519
M2056_4 48 -0.695074767402602 -0.520187685814295 0 0.63174944225673
M2145_4 48 0.235192044753329 0.113935198008063 0 -0.181994843090042
M2285_4 48 -0.040076955657704 0.251075571841436 0 0.017035460364086
M2490_4 48 -0.547941581423986 0.218283461559917 0 0.0035255508455419
M396_4 48 -0.317828629971371 0.297806505352115 0 -0.641655352641002
M525_4 48 0.238011184537207 0.891372381542497 0 -0.08982021005087
M854_4 48 0.916884288291979 0.0441771192401197 0 0.116938638458393
F2097_4 49 0.377787932693142 -0.821791962974608 0 -0.136104389720401
F2334_4 49 0.396434963827273 0.395122866405876 0 -0.335365464120838
F490_4 49 -0.208999421407091 -0.573032588637569 0 0.157173529703082
F791_4 49 0.401542881719906 0.646658799791168 0 0.13794707564091
F933_4 49 -0.211918485834703 -0.0337178280708088 0 -0.55621656801101
M133_4 49 0.234769072993098 0.519415285784164 0 -0.147258799038549
M144_4 49 0.131295492117299 -0.422026430595109 0 0.597814801070772
M1641_4 49 -0.361851651798681 0.53417541409749 0 -0.796402692510609
M1835_4 49 -0.766300018269127 0.771571798720198 0 -0.0687386609956304
M2069_4 49 0.115844761237065 0.392929235791908 0 -0.640967100009481
M2346_4 49 0.0821848071545219 0.293155188511778 0 0.840909939689588
M2504_4 49 -0.534214850404254 1.22022156815646 0 0.0838034408004527
M2507_4 49 -0.503979545791356 0.291799763750587 0 1.00541052264054
M252_4 49 -0.531262101230574 -0.61564001948294 0 0.236258031805005
F1497_4 50 -0.559022224678722 -0.764444448341272 0 0.0230306756864366
F2423_4 50 -0.0479779336108314 0.609568678459948 0 -0.157358109008344
F2434_4 50 0.108077945257931 1.08719437664751 0 0.578545831074614
F2443_4 50 -0.332588681805579 0.857233230774655 0 0.905912865153244
F2470_4 50 -0.437669398800583 -0.0899411107337192 0 0.257614912599994
F454_4 50 -0.0860815908913272 0.0944398550333482 0 0.639205695311105
M1802_4 50 -0.219701009301103 -0.847494805339888 0 -0.414594485566488
M2158_4 50 0.110748026348087 -0.282844417565232 0 -0.304610781316754
M290_4 50 -0.29062469314755 0.883634246342602 0 1.00514755941527
M386_4 50 0.332073468441785 1.20127757370109 0 -0.0794777011882718
M487_4 50 -0.226433269594606 0.13539231589446 0 0.950285903509725
M770_4 50 0.563145843276114 0.143744397573761 0 0.433487386870862
M902_4 50 0.241793745309946 0.80810082892921 0 -0.262573085887654
M908_4 50 -0.081140337879935 -0.362351280407416 0 -0.110568835024227
F1207_4 51 -0.173724479605374 -0.320633646630103 0 0.292589922391821
F1479_4 51 0.0721355703797955 -0.535497281324467 0 0.755570106694979
F1486_4 51 0.621691071884878 0.540241121482001 0 0.696316180038555
F2518_4 51 -0.0194312447860646 -0.873307284538937 0 0.439532552361193
F2641_4 51 0.245418926142625 -0.577344893339318 0 0.824218634022801
F330_4 51 0.528689962243276 -0.275915241959871 0 -0.293412734382104
F563_4 51 -0.514347957295795 -0.00519576906044228 0 0.19650872074699
F914_4 51 -0.33704648821312 -0.319047730132455 0 -0.319809335063635
M1800_4 51 0.0434028676913212 1.12972577893657 0 -0.0292438519291506
M2362_4 51 -0.222748422025409 0.15301300113581 0 -0.0398033900256293
M457_4 51 -0.345455109692617 0.387543871657081 0 0.201659304329175
M583_4 51 -0.179683419036993 -0.315723324915197 0 -0.368426553965554
M647_4 51 0.0555578926638393 0.518711971274105 0 0.00156755619845422
M991_4 51 0.209822120924596 -1.33192038712906 0 0.464364444036521
F1007_4 52 0.838418661297334 0.0357136992767203 0 -0.258893675820661
F1230_4 52 0.268212607147744 -0.462807831972123 0 -0.842967585822993
F2441_4 52 -1.18782398707377 0.235826445978023 0 0.40991349883902
F2552_4 52 -0.175814383899494 0.581714912406303 0 0.751858038387893
F2763_4 52 0.277941158037403 0.996425111138643 0 0.369651070971845
F329_4 52 -0.122852416933489 0.795075509182884 0 -0.066380979750247
M1443_4 52 0.633979438090941 -0.579022120684454 0 -0.335347983320563
M1620_4 52 0.790210607051026 1.12843898757151 0 -0.623306033031529
M1780_4 52 -0.413526569220575 0.266747744820196 0 0.229270345978517
M1787_4 52 -0.400666125099477 -0.0230477940541775 0 -0.170712005113915
M1864_4 52 1.16380664616371 0.228796025378769 0 0.313967450753697
M2037_4 52 0.679990677006764 0.642013677519638 0 0.249161122549201
M2732_4 52 0.354879714000541 0.560609363364921 0 -0.0455019689979609
M553_4 52 -0.026243015231465 -1.12500938939968 0 -0.654402788760939
F1530_4 53 -0.695200774499448 -0.329570317436805 0 0.27965892064925
F2186_4 53 0.417430806060705 -0.527605859804649 0 0.360524844976576
F2261_4 53 0.542019712751629 0.173863148833483 0 -0.0884064045439757
F2270_4 53 0.157955910543494 -0.831533356129893 0 0.330957258691445
F227_4 53 0.516389178215275 -0.514762129131783 0 0.0520335752970891
F2565_4 53 0.900262144873209 -0.269803102379551 0 0.10575840012692
F2791_4 53 0.0099100281165046 -0.0838720767360865 0 0.930492185107912
F602_4 53 0.0690966431607452 0.522148541583139 0 1.2157200360371
F608_4 53 -0.0412133302613191 -0.688339577926964 0 -0.158326431850037
F617_4 53 -0.169101472757243 0.521712697855702 0 -0.305491678480637
M1031_4 53 -0.505454010355375 0.146654875789222 0 0.035044979202401
M1587_4 53 -0.0782392308399996 1.10337362755283 0 0.456189860680866
M1651_4 53 0.362759715415289 0.18205686665162 0 0.490111721972695
M2531_4 53 0.185865907474422 0.983527060565385 0 0.139799099501038
F1146_4 54 -0.709225251378442 -0.0775108789972955 0 0.162861322614225
F1285_4 54 0.316297520758891 -0.702925927380612 0 -0.0904652879745364
F1618_4 54 0.366985674511414 0.753641182524817 0 0.27787319437505
F1688_4 54 0.425921609299885 -0.318876497325403 0 -0.0485386276507304
F2221_4 54 0.0305740450337309 -0.928321886210129 0 0.0681000703294399
F835_4 54 0.706669029103004 0.32275472067331 0 0.29584978767518
M1418_4 54 0.542686456993781 0.281491736180735 0 0.118781888495595
M151_4 54 -0.513759730872777 0.3578386837231 0 0.18781988994983
M1524_4 54 0.0368168023891802 0.367726472946384 0 -0.263863191229868
M1630_4 54 -0.011785708645205 -0.637042376538633 0 -0.346101352259319
M2136_4 54 -0.120297483640598 -0.643466358632874 0 0.465220087657818
M672_4 54 -1.33552198570285 -0.667083090698612 0 -0.159905961709439
M786_4 54 -0.949696666808721 -0.66230893394636 0 0.178491168032159
M827_4 54 0.317582283208835 0.341831838308141 0 -0.135161836703854
F1176_4 55 -0.357948076835558 -0.239116255180638 0 -0.264226656520594
F1533_4 55 -0.3244801779828 -1.26555522724421 0 0.426243925737962
F1604_4 55 -0.494818951417859 -0.181338932084044 0 0.632685881410553
F1878_4 55 0.43101573918279 -0.315339964502283 0 -0.622149427371112
F2058_4 55 0.120843051279235 -0.135213682896116 0 0.584770770286185
F39_4 55 0.449539475585103 0.00765028728301154 0 0.753263951873857
F413_4 55 -0.372052732219095 0.096436958566296 0 0.0815479121355067
M1131_4 55 -0.0926867485642381 -1.03677705388834 0 -0.305462788062926
M1203_4 55 -0.0710181706175696 0.0629417313406263 0 -0.353113483440557
M1890_4 55 0.269272112515006 -0.520500273956755 0 0.114996863294003
M2616_4 55 0.922198261709297 -0.239789072689661 0 0.186895702703877
M2684_4 55 0.396161879521324 -0.0462983883086047 0 -0.0777011578944487
M633_4 55 -0.00153203929448006 -0.355060412861579 0 0.0919452329114903
M776_4 55 0.223602570507492 -0.127839389512196 0 0.748062938442291
F1035_4 56 1.08636785195964 -0.933481650469866 0 -0.429595540514768
F1607_4 56 0.524244432777028 0.667663984498698 0 0.549029128985312
F1685_4 56 0.198478353161166 0.00296347041680289 0 0.423048447631511
F1830_4 56 -0.971497226474586 0.331541649012069 0 0.594097081341433
F197_4 56 0.186303985171341 0.0461397557000675 0 -0.0912101572695231
F2089_4 56 -0.236035600102922 -0.199114226242138 0 -0.70601300508405
F360_4 56 0.250007828776057 -0.13206323479076 0 0.262105988552386
F584_4 56 0.555601904100743 0.0904574349937288 0 0.0595620847647111
M186_4 56 -0.310063129759305 0.0893934570842152 0 -0.0122943005260651
M1967_4 56 0.162441270419488 0.483202417607201 0 0.579054994521835
M2019_4 56 -0.416700328510603 0.105262125220258 0 0.722025843500933
M2400_4 56 -0.441926259539265 0.539589358176113 0 -0.428025368679
M2548_4 56 0.8606335502281 -0.518463923829387 0 -0.379744168032866
M347_4 56 0.306653681335979 -0.163738247278964 0 0.549297093728188
F1410_4 57 0.0249639581148137 -0.169326632072089 0 0.285339542339698
F1690_4 57 -0.836731346594084 -0.222552756012859 0 -0.593479416644044
F2648_4 57 1.07557555007158 -0.29451206487987 0 0.876667647233445
F345_4 57 0.255836007126631 0.354328727260498 0 0.350061836682786
M1216_4 57 -0.0570253409011307 -0.542243427284854 0 -0.0562547430023171
M129_4 57 -0.0443859300671086 0.614589879069873 0 -0.100546992961
M1584_4 57 0.0609015236958178 0.393432609808454 0 0.432758307645537
M1774_4 57 0.0479934929470988 0.355897468008136 0 0.48923509146904
M1792_4 57 -0.201999754759265 -0.00122989042238009 0 -0.328191512836472
M2161_4 57 0.470156466135771 0.232818934631862 0 0.21679630082213
M231_4 57 -0.571494134359251 -0.0858019408981257 0 0.438574261655131
M2395_4 57 0.0506090153508922 0.183258286520607 0 0.239111380666841
M2424_4 57 0.0223412796606018 -0.0510803163021629 0 0.704473914757271
M589_4 57 -0.1657531292491 0.00372724023828952 0 0.118581156868525
F1139_4 58 0.142022864168546 0.28830878777476 0 -0.00750929855556309
F1524_4 58 0.24650845054591 0.478259256784735 0 0.232797329326619
F2454_4 58 0.598376532263485 -0.0876673954938688 0 -0.0172099833384692
F779_4 58 -0.253868685392228 -0.600199206785494 0 0.159333287157918
F973_4 58 -0.210832164256426 0.26150704481063 0 -0.431263245162528
M1210_4 58 -0.0288190854043504 -0.00333594869044651 0 0.588352856915323
M1866_4 58 -0.270693153279882 0.0508547298935891 0 -0.471790880490842
M2524_4 58 0.805429779619428 -0.126119716875226 0 -0.415720523406088
M2792_4 58 -0.0399979315038967 -0.12974998151378 0 0.153892710809057
M280_4 58 -0.231251108006444 0.730194656706629 0 0.516976202276125
M314_4 58 0.314097512090035 -0.542995292736715 0 0.13438066525283
M407_4 58 0.194847831026834 0.542922005726721 0 0.0970905841342706
M689_4 58 -0.0301820151754331 -0.102449765986705 0 0.408624427263714
M823_4 58 0.123875377997203 -0.474319309973383 0 0.160778605888865
F1455_4 59 -0.0828149172205014 -0.065958277225643 0 0.921942313599287
F2085_4 59 0.064356893651935 -0.37317954428923 0 0.320068551939295
F2633_4 59 -0.298395814584446 -0.329669197092867 0 -0.554972911583673
F593_4 59 -0.17330573164667 -0.136692958569137 0 0.184112951332876
F665_4 59 -0.368360784245402 0.775461024399695 0 0.481635786464449
F720_4 59 -0.109055022182701 -0.503214032221681 0 -0.110957497703037
F747_4 59 -0.269374378365156 0.0139854139108936 0 0.499900155401328
F790_4 59 -0.173493508701297 1.01803923670402 0 1.12119438539459
F993_4 59 0.0426980186402326 0.0162670191803018 0 0.736121886582509
M517_4 59 -0.33871224478114 0.00564490289900454 0 -0.327204497150314
M669_4 59 -0.376332782286191 -0.126808311632934 0 0.292998310849935
M703_4 59 -1.60671023527855 -0.366892267713392 0 0.711630637578957
M793_4 59 0.318904888535552 -0.046165273497434 0 0.0528089719418273
M851_4 59 -0.140395918918424 0.797217202855672 0 -0.0587298913285419
F2242_4 60 0.536460028079443 0.507824131487896 0 -0.184128399080644
F590_4 60 0.412016330805797 -0.0232986409470871 0 -0.117265013141574
F729_4 60 -1.24256369853374 -0.0584592492457691 0 0.299955700431209
F841_4 60 -0.0786877123400117 0.0101841450906139 0 -0.659042200329648
M1038_4 60 -0.62154630221627 -0.398217305314594 0 -0.211477977695066
M1373_4 60 0.155298556053184 0.429610762735232 0 0.657198454515736
M1575_4 60 0.802097396047601 -0.539097994633204 0 0.0993678268140771
M1591_4 60 0.607212803328128 0.464798418323215 0 0.240010002136314
M2106_4 60 -0.104053991389906 -0.647190109633195 0 -0.337212607956916
M2320_4 60 -0.410086019411113 0.554042081916544 0 0.613580905816006
M235_4 60 -0.501197142192161 -0.329259315932695 0 0.053885254567893
M324_4 60 -0.544276247977732 -1.42586747691627 0 0.536051734970421
M660_4 60 0.107550555646534 0.355719046176728 0 -0.50255396311822
M787_4 60 -0.182630240180927 -0.753368860599055 0 -0.309802592135755
F1169_4 61 -1.0078710772266 0.148821009124164 0 -0.0589880558916498
F124_4 61 -0.618860078133565 -0.681039964810203 0 0.477257846199613
F1758_4 61 -0.0762906371904725 0.244498287204154 0 -0.178613767434377
F1779_4 61 -0.753324131530209 0.153474531194402 0 -0.076572426353545
F2128_4 61 0.174559920208081 0.277976793012025 0 0.554417553945104
F2138_4 61 0.412582703946343 0.195397208701911 0 1.13583925279215
F2536_4 61 -0.882772282021072 -0.334812608029899 0 0.750396333959442
F2789_4 61 0.10029210464932 0.101276676000809 0 -0.065504018809847
M2131_4 61 0.162502510350421 0.155284023210144 0 -0.520580572509005
M2680_4 61 0.213538988296424 -0.459350374837449 0 0.342147090714641
M306_4 61 0.446433023328217 0.270246257640693 0 0.531367024069166
M626_4 61 -0.366664673484295 -0.631760893070529 0 -0.452367314718708
M64_4 61 -0.403587752157625 -0.136661485127442 0 0.0467560159636821
M920_4 61 0.0634193803922601 0.721876049112862 0 -0.439056469289352
F2650_4 62 0.540095437341618 -0.863374976810744 0 -0.279440420200603
F327_4 62 0.512173939236462 -0.0974005605248467 0 -0.580255583392761
F437_4 62 0.585850586509027 0.236148134141443 0 -0.019162659300117
M1108_4 62 0.485240251654339 -0.362699870006193 0 -0.514480695073044
M1313_4 62 0.308554676549299 0.0395439133095519 0 0.0321423960947919
M1355_4 62 -0.148877674803277 0.230649691634497 0 0.74758715867605
M1863_4 62 0.26514944625798 -0.289278814938303 0 -0.560412038098032
M1950_4 62 -0.234456852891014 0.334493478432688 0 0.41711211794115
M2308_4 62 -0.170197184794338 -0.88664933634895 0 0.661211151428178
M2506_4 62 -0.78379554754811 -1.02319968041625 0 -0.44131950830342
M2605_4 62 -0.215213234852049 0.104304691925717 0 -0.159856492851016
M284_4 62 0.298435586318076 -1.21480573055866 0 -0.218154981691818
M375_4 62 0.559963356321515 0.889617211646605 0 0.02526794082214
M416_4 62 -0.27045220966812 -0.00732566648929711 0 -0.504575350700129
F1223_4 63 -0.044819475392892 0.147737770408674 0 -0.0843100005706269
F1406_4 63 0.229856999955335 -0.357506352819311 0 0.538423476628424
F1470_4 63 0.0745147982201093 0.121118649767834 0 -1.03071107837699
F1600_4 63 -0.358651329493725 0.644296584174069 0 0.194659048511146
F2307_4 63 -0.122537223491723 -0.430536601622335 0 0.06721294537902
F2626_4 63 0.29090896919708 0.407011814586358 0 0.309505556709198
F2714_4 63 -0.113275181427851 -0.00208795234838921 0 -0.0993524686440409
F285_4 63 -0.438759988367659 -0.0926691397135571 0 -0.0417834804327772
F929_4 63 0.0347737718718915 -0.255232323039914 0 0.0926088714645465
M1198_4 63 -0.686139536905054 0.300027832090863 0 0.298153353647231
M2111_4 63 0.375299652291902 0.83717618661057 0 0.109602334916854
M2223_4 63 -0.0971661293536979 -0.848143509390151 0 -0.181696460333212
M384_4 63 0.856471220678121 -0.726423003239323 0 -0.274026830052008
M452_4 63 0.559020281555526 -0.411701582594563 0 -0.820715607263875
F1283_4 64 1.02847504249998 -0.35800633617651 0 -0.374068886024298
F2173_4 64 -0.0441306961014302 -0.274254004571795 0 -0.0354592986967063
F2345_4 64 -0.806447979715406 -0.433941246876892 0 -0.661458286720621
F2622_4 64 0.322104687677753 -0.573105020915137 0 0.808326703101077
F2657_4 64 0.261603854504468 -0.104073319136057 0 0.232238840888176
F2692_4 64 -0.341777829746571 -0.105984750934655 0 -0.107751252359049
F651_4 64 -0.92649138728708 -0.29390163697724 0 0.00105775591045215
F981_4 64 -0.555981946867869 0.590194424082081 0 -0.598617049071625
M1492_4 64 0.238365057111206 -0.0731771309171023 0 0.650403565919698
M153_4 64 -0.468099024582668 -0.374936569311479 0 0.271317480083285
M1922_4 64 -0.685443579292232 0.286007329216805 0 -0.742781788629502
M197_4 64 0.3023093367116 -0.130108066362892 0 -0.150719280699662
M352_4 64 0.188696131372877 -0.212678754024796 0 0.772001073964522
M479_4 64 0.866276118420215 -0.89263901687284 0 -0.588866859914666
F1264_4 65 0.680837869261542 -0.0463868233461033 0 0.577858178627147
F1386_4 65 -0.419670397809123 -0.353798384752213 0 -0.185526001746424
F1565_4 65 0.0377411229482429 1.13995255506466 0 0.611669930883201
F1946_4 65 -0.71793536913256 0.287558304028103 0 0.745001194769525
F2510_4 65 0.308190810233556 0.178278940887441 0 -0.598170323081499
F847_4 65 0.332937157327085 -0.645916244282104 0 -0.0250156858718341
M1812_4 65 0.36029909828084 0.134117903381271 0 0.457709598453397
M1876_4 65 -0.251784010341796 0.0737139222482863 0 0.0790689359147979
M2038_4 65 0.375926286529574 0.82867276760806 0 -0.217047208047594
M2389_4 65 -0.25670091667403 -0.14581677525311 0 -0.750991963975755
M249_4 65 -0.473380543029942 -1.19882758261109 0 -0.139221384500539
M2664_4 65 -0.359240527919738 0.695504099018952 0 0.0669735139147001
M635_4 65 0.473736130686444 -0.110295416379382 0 1.15820247618274
M779_4 65 0.341673680847962 0.628728409201472 0 0.521770364148951
F1214_4 66 0.511962755880986 0.598970498141144 0 0.686834423034441
F1310_4 66 -0.102761287263993 0.478399757305015 0 0.361001420900776
F1876_4 66 -0.683108478493361 -0.634175642884781 0 0.633635905950099
F2057_4 66 0.609537265653638 0.731322377802786 0 -0.391946185594291
F2283_4 66 0.315386458897428 -0.778736171789313 0 0.0499647726388391
F2484_4 66 -0.314406258261549 1.02064277646836 0 -0.168095982339949
F2527_4 66 -0.533070113549187 -0.230378103283192 0 0.119341071220909
F865_4 66 0.0495446301483074 -0.923227359461689 0 -0.237186454539206
M101_4 66 -0.680062863570458 1.25822412397692 0 0.5087762787285
M1846_4 66 -0.503445570529908 1.18965598273245 0 0.57092401685223
M2599_4 66 -0.160367305855194 -0.357462068725867 0 0.203604123321773
M520_4 66 -0.0882665415443342 -0.891599990741157 0 0.792513366365106
M617_4 66 0.250349561774418 0.0508530027525534 0 0.661942959725753
M650_4 66 0.434566080903321 -0.218499064807854 0 0.374962451531175
F1305_4 67 0.56722655999066 -0.305038592436047 0 0.0181732705936832
F1423_4 67 0.282385564306695 0.273720068363254 0 0.643365476701889
F1800_4 67 -0.0553931190309694 0.17671038019786 0 -0.29124368942356
F2312_4 67 0.0895718992529647 -0.00440334008784904 0 0.760240625962957
F233_4 67 0.303066936713077 1.24612434122826 0 0.139133102809252
F527_4 67 -0.850245974834151 0.163886440057324 0 0.861505775430213
F538_4 67 -0.0282940874320977 -0.130900277829925 0 -0.137252046477484
F880_4 67 0.452255703556622 0.137404283986957 0 -0.315451751213911
M1247_4 67 0.272258995465244 0.498179947461775 0 0.144329762521703
M1428_4 67 -0.03893206883741 -0.386254648841488 0 -0.328921520388045
M1600_4 67 -0.121380452435009 0.459098095888827 0 0.000988705962131353
M2465_4 67 -0.283108286719935 0.48798286894262 0 -0.171858821301452
M2577_4 67 -0.560509076468295 -0.651240612149847 0 -0.196647637441531
M909_4 67 0.207247530653463 -0.214018474821906 0 1.0113868715899
F1453_4 68 0.640035372275343 0.157417107163496 0 -0.5230347038737
F1782_4 68 -0.178588242328021 0.681885228405316 0 0.702978231661068
F2525_4 68 -0.50075549501999 0.163227053517769 0 0.174989254899884
F337_4 68 0.136610814343082 -0.344906339306484 0 -0.286932044270729
M1562_4 68 -0.0232285643444052 -0.812788562212837 0 -0.30158092883394
M1653_4 68 0.310797559144304 0.590737239858568 0 0.171617582008634
M206_4 68 0.288204800493285 0.672384096359385 0 -0.00367537393822243
M2480_4 68 -0.426988905874127 -0.252319788399883 0 -0.87470388311983
M2622_4 68 -0.544868773763887 -0.404493497834223 0 0.105543835962715
M2737_4 68 -0.515893171163943 -0.773686333458679 0 0.237791474348894
M338_4 68 -0.0385069197974957 -0.74705735465371 0 0.524968139732608
M442_4 68 -0.0210709314043158 -0.285525598758403 0 0.564308056645676
M586_4 68 0.0363147234887715 -0.764161633443684 0 0.326228282911748
M812_4 68 0.268817121893141 0.27026148542263 0 -0.207163162983402
F1840_4 69 -0.380663878648924 -0.0309890625062277 0 0.00184375347160715
F2082_4 69 0.514233962722249 0.585322986365679 0 0.399305457193502
F2222_4 69 0.376375006930741 0.169382146299834 0 0.906419093064851
F23_4 69 -0.643874474463707 -0.467670493912484 0 0.835578004596854
F2615_4 69 0.0925765552264599 -0.289308520477236 0 -0.438941062358054
M1372_4 69 -0.356279327359752 0.165826460704387 0 -0.345188134869755
M1647_4 69 0.204954863185835 0.495560452459482 0 0.320475703155752
M2045_4 69 -1.01789274381871 -0.494353901503018 0 0.237401544300376
M220_4 69 0.568520316975724 -0.0653609354443543 0 -0.468811166295873
M2214_4 69 -0.559358729586453 -0.354650616961697 0 0.670627712025099
M2267_4 69 -0.0159880117714612 0.467413593955974 0 0.101505702010545
M552_4 69 0.108639055210015 -0.294762342052188 0 -0.461194708728434
M590_4 69 -0.169383440536219 1.17924280624644 0 -0.476325108039404
M817_4 69 1.07571469643343 0.872909035063679 0 0.478035838138438
F2003_4 70 0.112003022476564 -0.487035699584155 0 -0.0728656992835452
F2503_4 70 0.0919348974155587 0.109150623877026 0 -0.0920903518437792
F2545_4 70 -0.336374630212718 -0.424793306833183 0 0.85636077254286
F263_4 70 0.0125994828796559 -0.625783974839873 0 -0.501056706668281
F71_4 70 0.465664211835717 0.0949873911981044 0 0.347535457996335
F831_4 70 0.600952629111162 -0.0440510917888754 0 0.139863027895623
F863_4 70 0.25910129113693 0.0359001734889671 0 0.433667960453738
M1299_4 70 -0.0345242579260638 -0.555401971661724 0 -0.103678002389774
M217_4 70 0.334752761366524 0.624531856306391 0 0.886249077292277
M2493_4 70 0.737287595739068 -0.100801692782606 0 0.3475098788381
M2512_4 70 -0.155346724497861 -1.13348650399511 0 -0.261046968469325
M271_4 70 -0.463912161181387 -0.0254977191176962 0 -0.685840539680713
M522_4 70 -0.352990243942309 0.629033645662804 0 0.792418864826039
M611_4 70 -0.200667265945279 -0.270107761594279 0 0.640343593539437
F1371_4 71 -0.290923232784403 -0.348663729463608 0 0.346226886042264
F137_4 71 0.049075679545227 -0.120453135023493 0 0.294478379346979
F1440_4 71 0.170160495154256 -0.528496990886843 0 0.0801411827479184
F1492_4 71 -0.0302146711052844 -0.307532148309315 0 -0.894094414634104
F1585_4 71 -0.401240672809268 -0.231850597862529 0 0.250460782070238
F1778_4 71 0.514080621417761 0.205648242188096 0 -0.120290044752389
F2075_4 71 0.166252554478618 0.0834163885391592 0 0.830195245954967
F2437_4 71 -0.361661590337118 0.896760326120323 0 0.247789821848157
M1747_4 71 0.253806383297465 0.109455843007167 0 0.264526083825836
M2464_4 71 -0.377703456382087 -0.0146578086466447 0 -0.22054015902363
M2672_4 71 -0.511002150336083 -0.0392386319146752 0 -0.042809892584796
M2724_4 71 -0.0401580812104298 -1.13882515605846 0 -0.613736078941892
M27_4 71 -0.108696131767943 -1.21486112939679 0 -0.159138488061865
M561_4 71 0.38451987189562 0.157582228486349 0 -0.601371342747567
F1931_4 72 0.485229839220542 -0.504934134034627 0 -0.377568900746828
F2125_4 72 -0.283446395662116 -0.100660136151008 0 0.611444940017226
F2619_4 72 0.208128815920642 -0.0158102686653443 0 0.407159898620893
F2709_4 72 -0.460335622204014 -0.30301301187979 0 0.743963549107094
F2800_4 72 0.613031153785211 0.0333051577521266 0 0.287853876720718
F315_4 72 -0.667105383913329 -0.680658091195072 0 0.763485562822913
F731_4 72 -0.396473805826623 0.189006693661605 0 -0.525882085359835
F764_4 72 -0.195047422289524 -0.125831473752661 0 0.779075495579612
F966_4 72 -0.0769182902747217 -0.495521449934663 0 -0.502920583860422
M1598_4 72 0.104966751624469 0.405866719891948 0 1.27563251946787
M213_4 72 0.264971329190325 0.804481104463343 0 0.0957015753612626
M251_4 72 -0.168809477154093 -0.19886230269603 0 0.550382813926127
M2693_4 72 0.405219945821858 0.354282980398747 0 0.209472414050554
M888_4 72 0.276003534066664 -1.16706976808254 0 -0.0356783817359752
F1127_4 73 0.426279002476676 -0.202982008391171 0 0.517327439206042
F2594_4 73 0.0772373039195514 0.305518981714069 0 0.0385810961790983
F64_4 73 0.0974914025449252 0.650717508328879 0 0.541921269246791
F772_4 73 0.645233790322336 -0.518356565627652 0 0.731507811037668
M1071_4 73 0.4008779094965 0.36622943326322 0 -0.345357181794822
M1088_4 73 -0.0990303119995123 -0.169500951579514 0 -0.352779995469442
M1161_4 73 -0.527306125573563 -0.100328171759057 0 -0.354741654038967
M2095_4 73 0.23628707829585 -1.14484427484485 0 0.165177528399669
M2439_4 73 -0.504560424622801 -0.252832381862155 0 -0.0156302154407021
M2541_4 73 0.335033875185587 0.101083926443577 0 0.316281929692148
M2761_4 73 -0.0645740837893421 -0.70334635731677 0 0.185080668197001
M503_4 73 -0.0742242324601552 -0.221586364565018 0 0.474856545523805
M859_4 73 0.646126806065974 0.796165301946998 0 -0.83037344647014
M979_4 73 0.373524951742942 0.0938144609846214 0 -0.279863934616719
F1351_4 74 -0.0911887722824702 -0.761803382193311 0 0.459507906546438
F1527_4 74 0.0729260508005765 -0.570740736619493 0 0.318376293798173
F1889_4 74 0.0940831598345191 -0.7551794565868 0 -0.546712898083751
F2570_4 74 -0.436211463743357 0.375135402928962 0 -0.40624770814543
F26_4 74 0.559920546720074 -0.564235149183492 0 -0.121636207845013
F2726_4 74 0.656713020470827 -0.09955983635772 0 0.560563319958395
F352_4 74 0.312268726821969 -0.776918533717181 0 0.59308599222998
F388_4 74 -0.284608402068116 0.434663005884985 0 0.193023082304888
M1252_4 74 0.582345391462064 -0.681687892115944 0 0.0597906716085946
M2022_4 74 0.377980185041965 0.185652611657388 0 -0.510449370004133
M2116_4 74 -0.00792552589711487 -0.440041610039732 0 0.215864384899042
M2284_4 74 0.0515646386399898 -0.0108920183366993 0 0.0526080846266935
M490_4 74 0.526428220984336 -0.530858077863458 0 0.278213409585337
M656_4 74 -0.180849715940587 -0.107769925147792 0 0.218889444795388
F1303_4 75 -0.39164025010926 -0.31510761720093 0 -0.228150566990706
F1881_4 75 -0.276476772181405 -0.5157891979833 0 0.818121342667619
F1912_4 75 -0.593167079679099 0.987445365537689 0 -0.133068591451988
F2201_4 75 0.14650378459653 -0.299262243685173 0 0.633037980545259
M1037_4 75 0.304066896735373 -0.699815721102976 0 0.16478290766159
M1259_4 75 -0.0387234915016202 -0.135059162090928 0 0.77504139375806
M139_4 75 0.598386718815037 -0.371283751562219 0 0.806195042026672
M1436_4 75 -0.424532929156885 0.550783977770755 0 0.732227001054213
M1546_4 75 -0.913696160958926 -0.501150745467858 0 -0.262698907555127
M1654_4 75 -0.896810446662456 -0.329896804090983 0 -0.156336163622888
M203_4 75 0.898119090729149 0.64974619749016 0 0.217219711085151
M2391_4 75 0.192159015167027 -0.139848858408908 0 0.0639072911010696
M2469_4 75 -0.226472402248764 -0.613022166107597 0 0.611424342483351
M413_4 75 -0.707585840607253 0.99935166284628 0 0.261139754632383
F1562_4 76 -0.4298135983533 0.323636379413063 0 0.114882508512758
F156_4 76 0.0128454769443851 0.244796822458935 0 -0.907168095569979
F1986_4 76 0.345932674665201 0.0715880079081591 0 0.217246263787323
F2188_4 76 -0.274225785505196 0.403083639032974 0 0.0720712282861665
F260_4 76 -0.032118727264188 -0.353359274316745 0 0.341484654376
F314_4 76 -0.451274425555193 0.659613726432981 0 0.325103599977971
F399_4 76 0.0619210205511924 0.655457297335861 0 -0.0420589587962101
M1716_4 76 0.235107603350905 0.182253873492879 0 -0.46961414898738
M1817_4 76 -0.574167039047677 0.0530571870369732 0 0.111863562397791
M225_4 76 0.363579059448425 0.404737927271284 0 -0.752950280980285
M427_4 76 0.535046907788361 -0.221946872161782 0 0.18544404459578
M576_4 76 -0.629536369777506 0.278340979842627 0 0.145625255511766
M582_4 76 -0.187855381678559 0.255008557195271 0 -0.380148723199771
M863_4 76 -0.528151995946827 -0.643746024097885 0 0.25857205888321
F1042_4 77 -0.00694067386899938 -0.112180048295634 0 -1.25926484886392
F128_4 77 -1.09504035871759 -0.680768135370045 0 0.206302213912292
F2287_4 77 0.0292348701354692 0.994874331494084 0 0.178210143971703
F2430_4 77 0.144114028420855 0.139366929132658 0 0.425393252842677
F2487_4 77 -0.0988086754329945 -0.251392039455035 0 0.913491558101532
F2760_4 77 0.274794741580858 0.0250252345092173 0 0.282029928711136
F879_4 77 0.172179152867034 -0.0906641133872796 0 0.245760257322884
F88_4 77 -0.82117246897021 -0.0557397495738196 0 -0.168329012184652
M1670_4 77 0.537399417381188 0.589702418667813 0 0.233402701125405
M185_4 77 -0.63729394400579 -0.314323463816735 0 -0.494242214606949
M245_4 77 0.0215453131798556 -0.395567177402848 0 -0.71141898364471
M450_4 77 0.0943441384964873 -0.13355994485978 0 -0.352714106901122
M614_4 77 -0.363790638344159 -0.319889295351071 0 -0.0972367561460858
M665_4 77 0.911035193658301 -0.156787129868375 0 0.459698129243204
F1033_4 78 -0.742816641556179 -0.0418556438343211 0 1.15772079629436
F2114_4 78 0.168883143603653 0.421688637203819 0 -0.323775813505985
F376_4 78 -0.6287449182078 0.9898760533815 0 0.199014921884535
F513_4 78 -0.445958441517687 0.597061554973657 0 -0.512205352556891
F915_4 78 0.0318640422615658 -0.24140423922301 0 -0.520662243959979
M1090_4 78 0.0333623854056584 -0.855881589395402 0 0.488589029545113
M1249_4 78 -0.178196571968923 -0.461699523749045 0 0.0166431042110076
M1432_4 78 0.396991263046841 -0.360056490076686 0 0.609700488246764
M1552_4 78 -0.767224057178843 0.522783097549004 0 1.27279031376874
M1798_4 78 -0.857862899629479 -0.149706067368913 0 -0.369921798896697
M1961_4 78 0.219083142712705 0.585333610024812 0 -0.250801321179605
M2403_4 78 0.0920658698073142 -0.598665440252952 0 0.34731533555522
M39_4 78 0.245562917466094 0.364098779749321 0 -0.239756350502937
M721_4 78 0.117110091157228 0.258584859723898 0 -0.440299121686612
F1000_4 79 0.168912577216641 1.02410790621576 0 0.105781366126621
F1239_4 79 -0.898402157758254 0.465887566728987 0 0.330453644806602
F155_4 79 -0.752688264942987 0.464962931337944 0 0.143409679875254
F1660_4 79 -0.327070622214961 -0.564662662428931 0 1.00421024950978
F1940_4 79 0.828257887617441 -1.11336890839485 0 0.489170530438958
F2316_4 79 -0.0348138725134483 -0.890710693825353 0 0.657064956108981
F2457_4 79 -1.22751918050596 0.524227662783645 0 -0.552571564551524
F43_4 79 1.3389466832859 0.0354742139279207 0 -0.976942427314486
M1044_4 79 -0.658949392142982 0.397508138186159 0 0.424648075874203
M1205_4 79 0.6085438054739 -0.360441644248308 0 -0.964876868490172
M1311_4 79 1.1162791569069 0.236039592337836 0 -0.551179544421004
M1768_4 79 0.146932821492393 0.252365540967043 0 0.969156468779887
M327_4 79 0.39256784034674 0.859312528112932 0 0.724150835236882
M837_4 79 0.336968833091721 0.010552377277175 0 0.350909850316302
F1078_4 80 0.62375950411428 -0.0117095912116846 0 0.324981571858318
F1177_4 80 0.938470083193011 0.0309956470698916 0 0.4462795661859
F1238_4 80 -0.36820619115655 0.266785686783179 0 0.312876388672053
F1674_4 80 0.172556494233575 -0.531055012496451 0 0.469849376353533
F2367_4 80 0.0402141228412523 -0.0597140133364898 0 -0.237363507914383
F2743_4 80 -0.407138270360087 0.781188275934037 0 -0.177671648279539
F412_4 80 -0.0219706473945251 0.277252563419583 0 0.568204928849479
F516_4 80 0.152130806719354 -0.175922532485881 0 -0.0436000697462334
F522_4 80 -0.094824335805025 0.17519903863759 0 0.124755867797853
M1693_4 80 -0.947919972387351 -0.0791774716649034 0 0.0980853264396374
M1852_4 80 -0.689621323148701 -0.58092119556517 0 -0.00860582962562745
M2296_4 80 0.0197244233778406 0.464691274333282 0 0.870356672813045
M556_4 80 0.28666110676368 -0.617845588140562 0 -0.0905778882311059
M838_4 80 -0.335782711609006 -0.418593989502986 0 0.152815599518357
F1420_4 81 -0.188924291666487 -0.0284868560730303 0 1.13530063255198
F1546_4 81 -0.584747150000866 -0.401911996391581 0 0.100591900043331
F1783_4 81 -0.0148589323945233 0.334559228367706 0 -0.564902948889529
F1952_4 81 0.109744961987603 0.0821641533180892 0 0.564209613262518
F203_4 81 -0.144532521857607 -0.197694816183372 0 0.567121986866069
F2118_4 81 -0.443964856014807 0.141926801044279 0 -0.232222423692688
F2519_4 81 0.267914876683452 -0.141826313605401 0 0.811734912399267
F648_4 81 -0.0744195952160549 -0.00825981746269444 0 -0.440953909003249
M1279_4 81 -0.318449156736854 0.632383642910863 0 0.753538872613841
M224_4 81 -0.204731040399864 0.0413826349075727 0 1.0941837466967
M2435_4 81 -0.0678994692596499 0.653406915722356 0 -0.989704590677101
M2772_4 81 0.0498494708663747 0.464634149657354 0 -0.185276175858836
M749_4 81 0.919514730843141 0.104795776088627 0 -0.296056583920672
M945_4 81 0.206546518254772 -0.670690842754861 0 1.21989677775468
F1560_4 82 -0.322425302616726 0.0191950479853671 0 -0.278443089590615
F1871_4 82 0.355020679599866 -0.291845899624008 0 -0.031731418054131
F1904_4 82 -0.232468307619446 0.592952791079244 0 0.466061995216425
F1951_4 82 0.252249482312569 0.862839584360651 0 -0.0766788068033113
F222_4 82 -0.153140877482946 -0.5927172137635 0 0.138944523434327
F2297_4 82 0.330083556048223 0.00636297656857543 0 0.101583679938204
F2417_4 82 -0.260779956218337 0.1424934567942 0 0.390193381464263
F468_4 82 -0.11673426348041 0.58358606820039 0 0.788702348110535
F921_4 82 0.137574314219094 0.11525287444936 0 -0.154152224633406
M1526_4 82 -0.768638469234096 0.289123201969467 0 0.236437822669686
M2240_4 82 -0.739480914876019 -0.599773540266414 0 -0.247283892235593
M2423_4 82 -1.30964871183012 -0.184711184193871 0 -0.425757269223969
M2765_4 82 0.0138072758800153 -0.233982810387754 0 1.05009166211946
M534_4 82 -0.131491855371479 0.0348768812373783 0 -0.723959724146203
F1129_4 83 -1.11121921212928 0.242344265358913 0 -0.0662451521511246
F1184_4 83 0.713476628344996 -0.238702761622463 0 -0.485433988902557
F2017_4 83 -0.0594792326167572 0.306240282713908 0 1.05447228162152
F2365_4 83 0.0501097347474703 -0.67137656544796 0 0.712558973853282
F479_4 83 -0.271268948094954 1.04981431335311 0 0.466103397565576
F488_4 83 -0.403481978251422 0.691533763593171 0 -0.156115640028626
F928_4 83 0.340678636671404 0.486506010523681 0 -0.272081093347309
M1302_4 83 -0.172948012884815 -0.3886466318724 0 0.11024481180351
M2046_4 83 1.14056312354144 -0.464411893741216 0 0.188475625245893
M2374_4 83 -0.0527981054512345 0.64071289990966 0 0.200713906692701
M2751_4 83 -0.207102861888856 0.106343395403348 0 0.0612643539301591
M34_4 83 -0.758197108694631 0.209608562592728 0 0.452394332525545
M401_4 83 -0.250293184493007 0.866018758835441 0 -0.0745260283825248
M877_4 83 -0.0725162798958334 -0.357677693935872 0 1.19927665768844
F1378_4 84 -0.237495455819264 -0.249794551422757 0 0.773615856914443
F1812_4 84 -0.476662893250205 -0.948563994728878 0 0.849133327227001
F1815_4 84 0.656276962802911 -1.21113566667023 0 -0.641348744817215
F1997_4 84 -0.0401064672567846 0.011200194451676 0 1.18636802709617
F2639_4 84 0.00580022576211321 0.0634420263828512 0 -0.821373050747458
F955_4 84 -0.462919183874762 0.0109970238464655 0 0.575440258591733
M173_4 84 1.21465876132092 0.600560725072635 0 0.773835100988348
M1882_4 84 0.553570943593716 -0.262396125119995 0 -0.643664396718056
M2206_4 84 0.0427757299567752 -0.468861849583827 0 0.0227884160561857
M2350_4 84 -0.0682552525041477 -0.984637214264768 0 -0.346701106109187
M391_4 84 -0.0689586006211139 -0.747158310064369 0 -0.434940786128143
M571_4 84 0.692872727000745 -1.04138483900032 0 0.0899864535443317
M68_4 84 0.615403673448565 -0.718403951597212 0 0.551399618238635
M855_4 84 0.276706957752643 0.135147384566244 0 -0.365365962162464
F1136_4 85 0.150797481682371 0.399629017295868 0 0.150310446442332
F1183_4 85 -0.361331218695946 -0.191967061620715 0 0.195610805581988
F1653_4 85 0.0186527081510503 0.225926613024566 0 0.239368403138922
F1875_4 85 -0.041584138465869 -0.214950984246896 0 0.202553204781366
F644_4 85 0.479133488685791 1.2518055332604 0 -0.750140091885787
F753_4 85 0.0594395996558127 0.0627306318075357 0 0.273553803631988
F78_4 85 0.232046983247817 0.586589702575164 0 -0.0149743601825595
M1316_4 85 0.251623554536366 -0.383690388494764 0 -0.562784896807643
M2289_4 85 0.280938272263876 -0.355331732000235 0 0.296567685052231
M2408_4 85 0.866789427140414 0.536723040265624 0 0.399102522336169
M2438_4 85 0.412824690472924 0.282552120287902 0 -0.644522835933886
M505_4 85 0.313204711534768 -0.304608103698271 0 0.374040132541925
M90_4 85 -0.482224596180018 -0.709693129867858 0 0.107383535225977
M935_4 85 0.435123413931162 0.758669825692892 0 -0.355756019419159
F1342_4 86 0.375068578395449 -0.184123296297314 0 0.728773706779005
F1797_4 86 0.642620293518105 -0.387439925320811 0 0.853042021588313
F2749_4 86 0.106859803546945 0.301301415696141 0 0.0859192463288839
F2762_4 86 0.00193618121456421 0.094723088431549 0 1.32784191357744
F36_4 86 -0.070733621475149 -0.174576027404365 0 -0.0345564706474817
F587_4 86 0.516380030784566 -0.239145281691901 0 -0.351556083086079
F710_4 86 -0.221862876629159 0.028131019137957 0 0.442992431597226
M1511_4 86 -0.982727098644657 -0.699065266292583 0 0.0511027473501853
M1514_4 86 0.172438866416284 0.246015233486418 0 -0.273682784577758
M1623_4 86 0.246200223294016 0.490658836168831 0 -0.242322091817426
M1689_4 86 0.42337719058156 -0.193148745823854 0 -0.474524417074316
M1954_4 86 0.29695547915079 0.747922921455437 0 0.427945230265559
M2600_4 86 -1.23241211770348 0.0651581656066503 0 0.713223063957562
M773_4 86 0.739880634144149 -0.981702921636685 0 0.114753882451163
F1090_4 87 0.668715036275828 0.22238540042019 0 0.191874090797482
F1439_4 87 -0.0563607642233758 -0.526511966111333 0 0.359770152940777
F1813_4 87 -0.0628290845042256 0.213663965909723 0 -0.263318895760965
F2117_4 87 0.468158209761614 -0.508867508732812 0 -0.850533565866561
F2136_4 87 -0.730041553883547 -1.09873462269733 0 0.307224542896121
F358_4 87 -0.0587893451041238 0.21083897556975 0 0.589403223390463
F575_4 87 0.0566508996319778 -0.500771731670467 0 -0.102869147342308
F724_4 87 0.360972395914865 -0.7440358277392 0 1.08498794136982
F850_4 87 -0.495631918362667 -0.284884194190731 0 -0.0996717818673792
M113_4 87 -0.537069879326666 0.0156346606461291 0 -0.521977773674936
M2255_4 87 -0.0869636172428972 -0.1275023078921 0 0.402560358588102
M2690_4 87 0.499996172143032 0.636869132280846 0 0.404677880493921
M40_4 87 -0.607307974354319 0.518301418102566 0 0.0508778951107683
M41_4 87 -0.319862097685468 0.443177162673839 0 1.16105450407681
F1311_4 88 -0.228279054400277 -0.176345010484403 0 0.0278286946276028
F1839_4 88 0.476064081198546 0.0602154193879368 0 0.359756568842169
F1995_4 88 0.600993278700471 0.328544258559115 0 1.09891001589768
F2115_4 88 0.264355495747404 0.311689341804047 0 0.499672308117321
F2412_4 88 -0.0740286105261617 -0.312268326284528 0 -0.662966759329487
F359_4 88 -0.444465851004692 -0.484975405770794 0 0.764893146378631
F635_4 88 0.00123501983835812 -0.95509446877396 0 0.251260394342781
M1359_4 88 0.135056141578487 0.0486934897918804 0 -0.0346979108018471
M1581_4 88 -0.716844854908134 0.607739907404348 0 0.260049317477401
M1830_4 88 -0.361604316817715 0.495637001953574 0 0.742723685819368
M2579_4 88 -0.261321410191498 0.284305733414713 0 0.538349424137413
M2705_4 88 0.592404128157018 0.286334626455162 0 -0.750635247823538
M667_4 88 -0.455175787424923 0.623123173882579 0 -0.320678358071167
M794_4 88 0.782218950300159 -0.618642193396937 0 0.178039357088953
F1498_4 89 -0.595457147437624 -0.16306301597176 0 0.0905010195575229
F1837_4 89 0.217150847742094 0.698140886962201 0 1.01405388143774
F2007_4 89 0.217301885846626 -0.757875919272101 0 -0.00691331552641139
F2130_4 89 0.775118310069456 -0.136044069893285 0 -0.14395806871728
F2362_4 89 -0.47178805554083 0.25941840929199 0 0.831185116242936
F852_4 89 0.280614188593542 -0.0323714635034101 0 0.286484627770594
F89_4 89 0.36700845082058 -0.285394321611203 0 1.01253198242525
M1778_4 89 -0.592087318654827 0.0847219991101479 0 -0.145314977934917
M2002_4 89 -0.081003454153226 -0.761314773234093 0 0.408984688342184
M2511_4 89 0.0714094533707873 0.332368414565307 0 -0.265430062485285
M2522_4 89 -0.252776074211649 -1.2669646265091 0 0.0550142096852749
M2756_4 89 -0.376848622503475 0.490512700617714 0 0.164243417014159
M738_4 89 0.429214890341848 -0.329409560221892 0 1.02197188522127
M798_4 89 0.121833731490226 0.329454349660597 0 0.216143520139698
F1120_4 90 0.401322600529225 0.394687810698634 0 0.504974682713766
F1307_4 90 0.00808425502704736 0.18658790253649 0 0.767811090109476
F1720_4 90 0.169343756779654 -1.03344823285003 0 -0.279279906800847
F2549_4 90 -0.48206284964767 0.901028216948481 0 0.317105612035554
F2702_4 90 -0.182697050839247 -0.285475197500651 0 0.220086666087538
F477_4 90 0.18445948235547 -0.486663074022425 0 -0.115907004631847
M1258_4 90 0.424887421560691 -0.118253275102897 0 0.873945227563674
M1560_4 90 -0.345185781406891 -0.620261855873899 0 -0.387900925555161
M2169_4 90 0.14464931822576 0.373813104271026 0 -0.0270533593894746
M2228_4 90 -0.206691473140076 0.287125887367541 0 -0.324969080916141
M2617_4 90 -0.710398706195065 0.726848398548454 0 0.333572606287317
M340_4 90 -0.0238369984088538 -0.392217511968362 0 0.361724339922474
M699_4 90 0.600779092744298 0.0926928655307974 0 -0.452740639540972
M759_4 90 0.110463264958393 0.070148541202379 0 0.927688000324318
F1014_4 91 -0.569455078971018 0.0985286204383545 0 1.14834178303502
F1045_4 91 0.380609943653498 -0.683446284953691 0 0.0353250727589762
F1193_4 91 0.0821853350884589 0.908740026629085 0 0.00546032902588378
F1218_4 91 -0.377693655332524 0.202921932579463 0 -0.0247965906561964
F2070_4 91 -0.268828566686312 0.280186098881781 0 0.595774398273412
F2735_4 91 -0.0378962826339584 -0.351312415188111 0 -0.759344102236143
F613_4 91 0.494039213090123 0.0995689446137 0 0.280772153077418
F626_4 91 0.421731612661105 0.744195103553829 0 0.387847827602542
F870_4 91 -0.633859292415805 0.201207761782203 0 0.743209353420841
F992_4 91 0.413698315308554 0.595608659550494 0 -0.433902028379775
M1376_4 91 -0.539904927230844 -0.0787231556333602 0 -0.179977155176829
M1698_4 91 0.274598531016854 -0.579759562225513 0 -0.497984869547538
M2235_4 91 0.202191391314844 -0.00087299408046726 0 0.776774023352077
M2560_4 91 -0.5101578886515 -0.224421381653147 0 0.0708260933384562
F1156_4 92 0.545198208842525 -0.582957018687946 0 -1.42430707336975
F1253_4 92 1.11520450388834 0.376120253002987 0 0.398464314529699
F134_4 92 0.37835955270347 0.355522818905014 0 0.634370871412592
F1691_4 92 -0.206968582223485 0.222321845779603 0 0.526344589192574
F1710_4 92 0.108793165799454 0.574400208458589 0 0.538264428247769
F2651_4 92 0.155478583995597 0.0714264719581532 0 -0.0674955915386674
F2666_4 92 0.221803412967562 -0.0107212970663886 0 1.00097845416058
M1000_4 92 -0.501326910713048 0.231643814745929 0 -0.0664821688854578
M1098_4 92 -0.411621459598685 -0.661773910997822 0 -0.386423970661831
M2041_4 92 -0.0515988661496006 0.369648961397547 0 0.221725941637442
M2166_4 92 0.110992502782483 -0.157454956720583 0 0.246651501370878
M2538_4 92 -0.472248323319671 -0.878713146745177 0 0.0147612455771811
M2565_4 92 -0.344108502673459 -0.00506780981613897 0 0.332754656318333
M814_4 92 0.697977902263197 0.263458959605028 0 0.235041283013943
F1458_4 93 0.180130093572357 0.209890581416055 0 0.224435116576423
F1798_4 93 0.261045930804324 0.626193964778873 0 0.105119248149311
F2404_4 93 0.622063779755538 -0.0608051181064538 0 0.282359879050771
F2452_4 93 -0.663731536695082 0.463089175966111 0 1.27360631509447
F77_4 93 0.606572885920675 0.118372655947477 0 -0.175829925535645
M1144_4 93 0.0961097989286312 0.0443973887114411 0 1.0717583574199
M1243_4 93 -0.251257136122981 0.767329663570233 0 -0.45487738357881
M1636_4 93 0.338617917903116 0.273519252885075 0 0.677599311580459
M2182_4 93 0.377235217621795 0.110835858581207 0 0.320435536047137
M2185_4 93 -0.501458971248169 -0.421135600676027 0 0.271255022277877
M2282_4 93 -0.881658289347595 0.832950806542886 0 0.417943128836172
M2539_4 93 0.221451509110833 -0.551840384155818 0 0.441050495990505
M2663_4 93 0.351409205546217 0.24555599025601 0 -0.11960656721685
M619_4 93 -0.281261820329455 0.724567970025867 0 -0.43254251947944
F1349_4 94 0.29597725591363 -0.256834094880258 0 0.378220131296194
F1648_4 94 -0.110327453443468 -1.06368510120304 0 0.635417427870471
F1804_4 94 -0.0985370242465964 -0.336553540595636 0 -0.194953908209183
F2214_4 94 0.340610523232165 0.459425542814791 0 -0.34302365990184
F761_4 94 0.407801546812966 0.0241631047294223 0 -0.147056567259821
M1092_4 94 0.535031149588667 0.538384155826002 0 -0.370748922006469
M1261_4 94 -0.217866357513133 0.541686105396199 0 0.122882296377122
M1742_4 94 0.163377682430384 -0.976871949187888 0 0.344426056498779
M1827_4 94 0.285662892248601 -0.816091268576159 0 0.822012958166339
M1965_4 94 0.793175997410469 -0.122989527861314 0 -0.739986826476175
M2129_4 94 -0.370046743930672 -0.131997259250783 0 0.00681888229512295
M2520_4 94 0.770897379241166 0.839664919697713 0 0.105845465552496
M310_4 94 -0.453308091086767 -0.290397270388973 0 -0.0424483434628254
M616_4 94 -0.284125697357195 -0.302926221727818 0 0.450262426154816
F1286_4 95 0.0719207406949339 0.535139787659883 0 0.622039843460097
F1319_4 95 -0.138674596514397 0.419141963951604 0 0.310687402873895
F1741_4 95 -1.05220764662941 0.26818288990715 0 0.0827906332925267
F1925_4 95 -0.485146930179054 -0.750200564247365 0 0.157906990452227
F2066_4 95 -0.368936988018559 0.155422483343692 0 0.446405587126102
F2146_4 95 -0.900806780478265 -0.178573705648853 0 0.0439531057603855
F2374_4 95 0.194657996574852 -0.226962204695142 0 0.184542260947324
M1163_4 95 -0.227913815372197 0.109729181363664 0 0.497666729390725
M1411_4 95 0.570758198768531 -0.00674848879138368 0 0.0728059464583688
M1782_4 95 -0.145517861773864 -0.373289208809972 0 0.747211980776213
M1818_4 95 0.274369446032512 -0.159058373856273 0 0.0988190933958876
M2211_4 95 0.180685709455591 -0.596961429187695 0 0.228009258614763
M547_4 95 -0.00770973416822693 0.558251788639507 0 0.171005223990971
M756_4 95 0.14270397100903 -1.12756532707028 0 -0.0520972390544411
F1368_4 96 0.440366457893943 -0.129285880770947 0 0.0113727855938838
F1496_4 96 0.12960053424645 -0.224687973746389 0 0.606924226549714
F1695_4 96 -0.158807234498812 -0.491928145802949 0 0.375081273430375
F2108_4 96 -0.312354245730918 0.46349309322595 0 0.696447568176107
F2300_4 96 -0.193334129091024 0.172680996172843 0 0.628805095119003
F2733_4 96 -0.0560858965960144 -0.173858837644811 0 0.263272308572229
F509_4 96 -0.259490313142846 1.066901609587 0 0.448687056636748
M1558_4 96 0.52915865082548 -0.871197951022067 0 -0.486652033735457
M1619_4 96 -0.715263654624047 0.128626802098612 0 0.365370015938681
M1929_4 96 0.823131660995335 -0.213116179799018 0 -0.15204823692457
M2112_4 96 -0.744705857969156 -0.116067886639336 0 0.113098109855972
M240_4 96 -0.626238600540982 0.41892536090476 0 -0.611459633489228
M2602_4 96 -0.455699251132865 1.13589017639569 0 -0.606681316274342
M406_4 96 -0.329437641418535 0.38928742612867 0 0.417368165830402
F1727_4 97 -0.206333293158558 0.253100981247384 0 -0.10854619614303
F2200_4 97 0.219996191488664 0.291740277044519 0 0.859589004931767
F2554_4 97 0.312240426635717 -0.073998104630298 0 -0.104415699181522
F457_4 97 0.0689731202224495 0.0121902661639774 0 0.0336251102653524
F466_4 97 0.922891043626163 -0.0510943236626638 0 0.193721111414974
M1214_4 97 -0.179870800231551 -0.343000821603125 0 0.0990017285342379
M2272_4 97 0.575446183444096 -0.0278875261223545 0 0.243956662368036
M2595_4 97 -0.215182400593599 0.274756484159925 0 0.114570573687626
M2604_4 97 -0.500026807850975 0.19509582652309 0 0.195056360728907
M54_4 97 -0.489864503313688 -0.786214301512713 0 -0.483848580406408
M569_4 97 0.325634331996451 1.03622317571479 0 0.480953583159194
M777_4 97 0.669563297174896 0.0798306856422348 0 0.476967461367034
M830_4 97 -0.151266455499907 0.704784186907432 0 0.432066535525602
M965_4 97 0.307889240114719 0.498968723844816 0 -0.303652993082747
F130_4 98 0.0630437263692158 -0.7062772979375 0 0.207449559784549
F1362_4 98 -0.391788862721151 -0.157999356772815 0 -0.145479299327507
F1388_4 98 -0.499486390092175 -0.230844064411513 0 0.214036849720243
F2084_4 98 0.338127616132153 0.271580013180751 0 0.894612121642118
F20_4 98 1.58748458949413 -0.327120953581562 0 0.416154769954874
F2616_4 98 -0.682052608659376 -0.230138213744416 0 -0.321025075950548
M1983_4 98 -0.296093433966045 0.788855802752747 0 0.310824383984286
M2222_4 98 0.351882217467628 0.534094605108162 0 -0.952321958075734
M229_4 98 -0.244720411452182 -0.465578469313944 0 -0.00887017631891929
M2301_4 98 -1.05847850115875 -0.366887194858568 0 -0.33620308870953
M2359_4 98 0.16114786575264 -0.36751330647112 0 -0.357769057084443
M2562_4 98 0.398789666271883 -1.06399410635971 0 0.175951410969317
M51_4 98 0.477924041091657 -0.0122511974610293 0 0.408424450576056
M7_4 98 -0.502684690740452 -0.0821723203308048 0 -0.997886043045787
F1002_4 99 -0.0469164458380757 0.136226581687108 0 -0.258501354533265
F1434_4 99 -0.163816570906172 -0.541164335713424 0 0.590850830148972
F1882_4 99 -0.35908236104296 -0.881585736709894 0 0.446569696344386
F2604_4 99 -0.167138269506293 0.0571239605184206 0 0.504325341937718
F303_4 99 -0.577328718149982 0.518566333756738 0 0.229836873557284
M1362_4 99 0.230439280302881 -0.924836915957019 0 -0.693290558712513
M1740_4 99 -0.782726568682089 0.283628506282151 0 -0.264156242566826
M1869_4 99 0.833203935444406 0.528833743728772 0 0.0124616124095888
M1951_4 99 0.612654747217137 0.780349273667638 0 0.0957976116606252
M2124_4 99 -0.207834848693431 0.698487346992948 0 0.112103240369691
M2379_4 99 0.438055038049038 0.489985212133827 0 -0.765142649727808
M2409_4 99 0.352903664983654 0.183090877471231 0 -1.19644832352776
M2766_4 99 0.273323806225049 -0.0352750667643414 0 0.156759494305737
M864_4 99 -0.325913578615546 0.523811276794912 0 0.133395891199228
F1038_4 100 -0.0395253036428747 -0.358027560850078 0 -0.345237881510918
F1350_4 100 0.646544756681793 -0.260929640709313 0 -0.37769394342208
F1711_4 100 -0.680629513494819 0.569303557503969 0 0.14398634746423
F2154_4 100 0.426161747624563 -0.226725501162922 0 0.233265247456665
F2576_4 100 -0.64069270966937 0.195258532218255 0 -0.115300561987964
M1106_4 100 -0.319258755415243 0.835604780896603 0 0.474327070941215
M1209_4 100 -0.225210930662008 0.00332482546506674 0 0.16170884373816
M1762_4 100 -0.165808456332695 0.60174343306912 0 0.639443825961827
M1919_4 100 -0.451953602587207 -0.0232368718538404 0 -0.671301663593822
M1996_4 100 0.110280697901365 0.125634743240546 0 0.327303866734521
M1998_4 100 0.0641362646486281 -0.440854376043065 0 0.896497154047764
M2030_4 100 -0.654080506781111 -0.332502071103908 0 0.550619800582525
M335_4 100 0.412552077333301 0.176828311184386 0 -0.667130484378147
M464_4 100 0.203681618117004 -0.327192436675362 0 0.0861922943642834
F1004_4 101 0.825452350516681 -0.00590409507817857 0 0.594989179387934
F1018_4 101 0.19394808004927 0.318473253979285 0 -0.238859892895953
F1189_4 101 0.473465580862613 -0.260282040039868 0 0.224232778951539
F2276_4 101 -0.668636629812918 0.495029792498148 0 -0.434215982987808
F2315_4 101 0.721588756753839 -1.0291709287464 0 -0.956965850446336
F2379_4 101 0.0906371594994292 -0.308539855011552 0 0.666575784843008
F251_4 101 -0.0954383968777407 -0.858954048485191 0 0.380524752561752
F435_4 101 -0.289405684658797 -0.469044450222869 0 -0.413495740578084
M1025_4 101 0.00641836172241643 -0.305764532489896 0 -0.767064659887102
M1935_4 101 0.119391600644619 -0.413927117367664 0 0.808401659187349
M2044_4 101 1.13037176721462 -0.0323494525592362 0 0.885438707331243
M2380_4 101 -0.16797812909858 0.242525606975819 0 -0.388367171754334
M44_4 101 0.500467349183108 0.189183437126378 0 0.392014120089537
M704_4 101 0.217680695598477 0.259035015977701 0 -0.206338291212975
F1581_4 102 -0.427112491605821 -0.771036371772442 0 -0.114044949490139
F1617_4 102 0.311030621913159 -0.19348719811585 0 0.3465241074489
F1818_4 102 -0.435801080717019 0.554621760824858 0 -0.0942833418383283
F1961_4 102 0.0697278874997143 0.405695199748324 0 0.216168707308474
F2026_4 102 -0.317728573877541 -0.766196550416676 0 0.365022836958754
F2564_4 102 0.46818208469821 0.278441718603763 0 -0.166942309622582
F2761_4 102 0.392979614824267 0.356731953373141 0 -0.153042631622352
F627_4 102 0.157128836385632 -0.713962389817221 0 0.315371036749953
M1439_4 102 0.383434204598693 -0.0161777143318869 0 0.190641317868788
M1936_4 102 -0.37001454032518 0.011719405539875 0 -0.241341553143301
M2051_4 102 0.136255828950628 -0.244168625709222 0 0.517374953886567
M2287_4 102 -0.522442969768296 -0.732152450499204 0 0.173938943543655
M2509_4 102 -0.59876547543489 -0.90000001283423 0 -0.116043871639782
M332_4 102 0.086335500251827 -0.0591699216100102 0 -0.369378778501615
F1079_4 103 -0.127272964545881 -0.550335615421635 0 0.313515432825607
F1115_4 103 0.252535569056585 0.0579932636438896 0 -0.0968577488552683
F1780_4 103 -0.31785107498672 -0.402050479896303 0 0.690471851417273
F2501_4 103 -0.145547970667314 -0.330789160428924 0 -0.435538648729169
F2524_4 103 0.0824049107147449 -0.0544156214382532 0 -0.256349104178509
F524_4 103 -0.320291854882471 -0.232926612108446 0 0.149656457497218
M1010_4 103 -0.0296726294783495 -0.02617725045694 0 -0.463574916184378
M1702_4 103 0.1267223145338 0.896397995171793 0 -0.230782509837909
M1865_4 103 -0.0940243012473787 -0.921413602265758 0 -0.226175241144095
M2356_4 103 -0.394219001922523 -0.0793780456532589 0 0.361308861326322
M259_4 103 -0.00809010502505865 0.404766151062098 0 0.360993169678673
M697_4 103 -0.759100432024599 -0.179634566691985 0 -0.493716009955055
M853_4 103 -0.325700592952125 -0.0802829911647516 0 0.372673101192669
M882_4 103 0.70765497759633 0.249469692667472 0 -0.0775710058124167
F1537_4 104 0.489072957885453 -0.177308046852397 0 0.325390519249707
F1760_4 104 0.192891236227301 0.526427921175919 0 0.668650676533243
F1842_4 104 -0.0254028446855615 0.196957221361351 0 0.189964807539261
F1956_4 104 -0.895110277668198 0.0181317842558177 0 -0.351512410604238
F2243_4 104 0.07429826511714 -0.169050487892008 0 1.0055114681199
F2634_4 104 0.92742631738505 0.0466543287325984 0 0.118776201309876
F37_4 104 0.879669438612882 0.0703620486440971 0 0.231759323440348
F647_4 104 -0.201463098038252 0.175953231073769 0 -0.0366508888217294
F861_4 104 0.00451004328012984 0.301406541317188 0 0.566244469820849
F87_4 104 0.0122276373066961 -0.634426775470907 0 0.375884100011963
M1035_4 104 -1.30336367293774 0.145761372782318 0 -0.150255251701459
M1748_4 104 0.25407836230725 0.501687095242487 0 0.168291160319263
M2076_4 104 0.811636893997213 0.696852685806344 0 -0.79744423208867
M692_4 104 0.313702279750741 0.57969114063677 0 -0.0766836890057487
F1391_4 105 -0.00858189036684025 -0.390157059963041 0 -0.346405174668673
F258_4 105 0.105259195444688 0.513830599006517 0 0.209872449258685
F2618_4 105 0.22471454033865 -0.0456049288776863 0 0.178807681214564
F526_4 105 0.340366966297605 0.21536215344687 0 -0.202251252650873
F543_4 105 -0.361130544772366 0.618109223700858 0 0.0164560635633993
F642_4 105 0.437461498682017 1.42692774608495 0 -0.0610263804679723
F931_4 105 0.345856193249691 1.0209689120791 0 -0.523642562452834
M1448_4 105 -0.239589336364672 0.441596941858035 0 -0.328324492304001
M1457_4 105 -0.293814406099686 0.184060811805593 0 0.314176890387002
M1597_4 105 0.342725937226035 -0.325781015546886 0 -0.375682564614715
M1899_4 105 -0.0774279841522374 0.0686574849252704 0 -0.234522620230589
M1989_4 105 -0.308557792354826 0.0196102178310434 0 0.152832865100898
M2789_4 105 -0.254187547469965 -0.0803488284954679 0 0.0896628930892888
M686_4 105 -0.115485713156702 1.12290514665811 0 0.282372840889326
F1464_4 106 0.307666733781462 0.0995665073002721 0 0.495688630840615
F162_4 106 -0.14434228069657 0.599171168972014 0 0.629496047184764
F1664_4 106 0.00389606917020152 0.20728653759539 0 0.866331186730696
F2153_4 106 -1.15218465714709 0.51815998221114 0 -0.568124564627027
F2346_4 106 -0.714401736677874 0.101687948990821 0 0.294726543583882
F2394_4 106 -0.120295562715936 0.738495548600763 0 -0.0558505756436667
F2547_4 106 -0.259530180624475 -0.370053764962823 0 0.109087972001952
F343_4 106 -0.260858649143715 0.630587656095044 0 -0.246673960184055
F445_4 106 0.11712889571905 -0.652376233081697 0 0.283439374357818
F800_4 106 0.13128057661488 -0.0433399648535936 0 0.365473045231437
M1746_4 106 0.00341609833659955 0.473321270678946 0 0.322921546579216
M221_4 106 -0.14239775231693 0.613758759895856 0 0.140567223103695
M558_4 106 0.293326740879043 -0.367284252079423 0 0.0367910925720268
M949_4 106 -0.675367198586055 -0.3064933726401 0 -0.188315524324446
F1145_4 107 0.269701917787876 -1.4245099841494 0 -0.039110290290432
F1969_4 107 0.792446775421011 -0.147151638277559 0 0.704629850995092
F239_4 107 0.0959289724503805 0.00138232956664663 0 0.240381124760568
F2756_4 107 0.242633099378713 -0.527517332448161 0 -0.00202008913361107
F300_4 107 0.950086649539401 0.366622239704359 0 -0.13846668896833
F429_4 107 0.662703831569419 -0.624763079654463 0 0.697818711173446
F518_4 107 0.201905526389923 0.226159326876071 0 -0.387968808881935
F567_4 107 0.110071205588855 1.08360793711326 0 0.0138402184223387
M1806_4 107 -0.223841545287961 -0.537747482206312 0 0.641435069123434
M2003_4 107 0.179591699117627 0.0339948327026904 0 -0.0273729118634476
M2039_4 107 0.183582016914637 -0.0104195718104972 0 -0.108277980894117
M2449_4 107 0.247755551867047 0.579958397369647 0 -0.341206563760416
M2716_4 107 -0.187438451157169 -0.00156993968531238 0 -0.749210762693318
M682_4 107 0.180575534634621 -0.264936150935984 0 -0.836167945936454
F1034_4 108 -1.06212761957956 -0.0374033500099036 0 -0.00724488287670916
F1312_4 108 0.23566237158739 0.16328176745857 0 -0.78617434069082
F135_4 108 0.168846387266002 -0.314083052470989 0 -0.044503730473742
F1493_4 108 -0.137397553111317 0.220735250923828 0 -0.104902452183034
F2584_4 108 0.143633142347426 -0.524236583351471 0 0.158193702914332
F350_4 108 0.0211010636265413 0.138281837001232 0 0.788542532914906
F965_4 108 0.442968144137699 0.0278896847756581 0 -0.201826103922796
M1053_4 108 0.117567795012186 0.658986238304358 0 -0.0750180760652583
M1213_4 108 0.147998717859052 -0.154384259310292 0 -0.13777400537651
M1583_4 108 0.565887106555522 0.618050349948522 0 -0.138775413878979
M1855_4 108 0.112441332465336 -0.511979150545197 0 0.798611024397729
M2669_4 108 -0.144650067359699 0.472484435948242 0 -0.105331803996334
M305_4 108 -0.310870080107507 0.506154062080319 0 -0.153389734655087
M460_4 108 -0.522687878556492 0.0207298124614284 0 0.122170695912169
F1794_4 109 -0.341357396520281 -0.60445055763783 0 0.844196761679153
F1807_4 109 -0.279437762823295 0.844261274280491 0 0.34508410241181
F213_4 109 0.521670442770327 0.937083080419164 0 -0.23637871659131
F2252_4 109 0.718906921586478 -0.448948551511793 0 -0.809610387544841
F2419_4 109 0.235376006685978 -0.434333947562781 0 0.0714278871967537
F2448_4 109 -0.131745959012968 -0.129493156101614 0 0.378508506109544
F2790_4 109 -0.242563414633366 0.689334145687809 0 0.972686681760464
F386_4 109 1.34990877463852 -0.723366394156651 0 -0.284997230285
F398_4 109 -0.667330248522669 -0.405625285552868 0 -0.142359298462009
F616_4 109 0.128009441091123 0.0424056444489072 0 0.42570079394311
M1330_4 109 0.0263873469911497 -0.873513356294506 0 -0.689622222660818
M1453_4 109 -0.425916452110858 0.164560388195556 0 0.568179243557657
M1466_4 109 0.354076186471488 -0.384013005339656 0 0.346997738338612
M2567_4 109 -0.832980675246335 0.327565802835477 0 -0.373528382785197
F1148_4 110 0.37904517406712 -0.00845045304328063 0 0.596493732968726
F1494_4 110 -0.309750667169708 -0.132499878898876 0 0.360965374021787
F2230_4 110 -1.04544985704251 -0.19709139618957 0 0.496505944873408
F2746_4 110 0.0221655188416735 -0.432054067153 0 -0.568067787029603
F430_4 110 0.383651036879337 -0.236116630707035 0 -0.618070058267548
F825_4 110 0.16277680344798 0.931073374769282 0 -0.279460026550168
M1236_4 110 -0.349957229712917 0.669413514094241 0 0.489368550172037
M1610_4 110 0.168213992386292 0.101668335316428 0 -0.10011276768129
M1793_4 110 0.710906189418378 1.21450487670438 0 -0.0651019441510829
M463_4 110 -0.549720330854524 -0.101493306275491 0 0.413489551953448
M482_4 110 0.701438328897384 0.0859176249111078 0 0.795995414282401
M539_4 110 -1.00673910238703 -0.71749290411042 0 0.534565714094062
M566_4 110 0.244935005494505 -0.194139412742489 0 0.458631696726326
M621_4 110 0.0733445596112086 0.0277129396117036 0 -0.587647531457026
F1589_4 111 -0.442209605363547 -0.247944214323344 0 1.07272247164878
F1590_4 111 0.165171178571062 -0.785311345526608 0 0.552282715585208
F2162_4 111 0.182433400668735 -0.292684424980944 0 0.133711432311075
F235_4 111 0.770458009001846 0.598854845268589 0 0.0363350530174386
F2747_4 111 0.00867747650271915 -0.381597908099186 0 0.521844012756247
M1176_4 111 -0.403180749359494 0.32541664787768 0 0.300509395579902
M1438_4 111 0.107660193281756 -0.118749391628442 0 0.115365848639305
M1603_4 111 0.140668731112137 -0.394651076078536 0 0.632813704903565
M2096_4 111 -0.399197537436104 0.49504083082139 0 -0.561438172476759
M2770_4 111 -0.0697431123182349 -0.0462583888544156 0 0.875674031954743
M2788_4 111 -0.43463642508456 0.854136685055789 0 0.76871035002718
M325_4 111 -0.35921246775016 -0.594819963334363 0 0.570432036070064
M604_4 111 0.0157371602628327 -0.439143698029755 0 -0.154450583269395
M677_4 111 0.967100769733363 0.538926790061449 0 -0.902314248201396
F1153_4 112 -0.624710945692767 -0.0147843670006869 0 -0.565931423581937
F1698_4 112 0.224105204344724 0.952603373891987 0 -0.40774569171542
F2370_4 112 -0.273732076207076 -0.394736760789477 0 0.00136340449786959
F2663_4 112 -0.339553408913027 0.306084049092624 0 -0.0977843667111011
F968_4 112 0.0712570820569538 0.441245404306711 0 0.358891415228241
F96_4 112 0.673931989001696 -0.173948831041237 0 -0.418377229833729
M110_4 112 0.236531244611852 0.333109423675669 0 -0.0113232863662958
M1281_4 112 -0.0169002984800133 0.420408386968389 0 0.0755804064691855
M1386_4 112 0.572591975921751 -0.22519976422808 0 -0.425687744043823
M1752_4 112 -0.101800673716937 0.377143008191041 0 0.672202081940342
M1857_4 112 0.536175381580373 -0.300518664407497 0 0.710168285237707
M2382_4 112 -0.188889095953517 0.163640198967389 0 -0.200330726555251
M263_4 112 0.565448478714064 -0.497327712861008 0 0.0194944445583601
M323_4 112 -0.208970504621203 0.00605526564686931 0 0.680446810559714
F1318_4 113 0.00411046217424958 0.0468798193401252 0 0.420499796639412
F1417_4 113 0.170057057411245 0.308689123411429 0 0.321610919615597
F1972_4 113 0.0766653784609262 0.329406654142392 0 0.0289214123989239
F232_4 113 -0.151910326522664 -0.397397974238269 0 0.655739685176383
F2715_4 113 0.418154755022684 0.140070095513655 0 0.402617840482613
F414_4 113 0.152958776184401 -0.331915985964994 0 0.118211479276985
F589_4 113 0.0919153823896511 -0.632605222053721 0 -0.544603832299438
F634_4 113 -0.33941285897928 -0.34629634292014 0 0.572772788758764
F818_4 113 -0.648258664796897 -0.0360503683837659 0 0.308440968889661
F843_4 113 0.418502574769463 -0.292417154966379 0 0.176779212019174
M208_4 113 -0.18291659923413 -0.472075322208896 0 0.613814540072643
M2186_4 113 0.202889168232764 -0.324115110562206 0 -0.075280844348246
M467_4 113 0.971058866476294 -0.49045201521181 0 0.718881597300574
M637_4 113 0.2470007682524 -0.417283824884526 0 1.14270458688795
F1194_4 114 -0.108972393889493 0.115376926552747 0 0.230563611798892
F1584_4 114 0.526083259019841 -0.0599589360434729 0 0.434379447692734
F2751_4 114 -0.532806938640998 -0.00611266756827811 0 0.734310491035791
F289_4 114 -0.115861072038498 0.199145667384926 0 0.150095050519808
F469_4 114 0.0377026407521682 0.334377358242954 0 -0.476343274885077
M130_4 114 -0.343990097746683 0.0622339757007648 0 -0.365435706911217
M16_4 114 0.0890842365711349 -0.137789998708658 0 0.661428746738102
M1867_4 114 -0.310530090599865 -0.352181718070766 0 -0.000461411226954478
M1962_4 114 0.351834880948114 0.168838280098666 0 0.974234794058305
M1984_4 114 -0.575333631604957 0.0884713428042192 0 -0.696028852922772
M2685_4 114 0.128053478442298 -0.0606528767080307 0 1.04133504239731
M36_4 114 -0.729485551698491 0.21555169743321 0 -0.014882678565909
M560_4 114 0.222317541408521 -0.183688884306891 0 0.417963691785021
M928_4 114 0.34144614255414 0.0969047665067173 0 -0.873965358002892
F1015_4 115 0.049337606070994 0.0609330330757191 0 -0.0709675242282967
F1245_4 115 0.00356374446856896 0.0653319882074506 0 0.409543651638307
F1503_4 115 -0.470804078202182 -0.45565090492097 0 0.0593094113605355
F1595_4 115 -1.20809081224651 -0.142782705081049 0 -0.0531193052634871
F57_4 115 -0.486510669759794 -0.278035463000776 0 0.737457367608238
F684_4 115 0.287699954641505 0.47598453005521 0 0.12750364711724
M1079_4 115 0.119975707363338 0.44471814228189 0 -0.544999974561357
M1557_4 115 0.174308203649531 0.240699060527736 0 0.966000658904904
M1570_4 115 0.581041578562948 -0.0767734945765374 0 0.843497635116061
M1745_4 115 -0.0816294171114781 0.964940000443598 0 0.360922150898179
M1828_4 115 -0.217005569371397 -0.184662582490309 0 0.70308118646195
M2028_4 115 0.0962532676388251 0.150978245377215 0 0.336298741614599
M215_4 115 0.453290053872007 0.0436649734392602 0 -0.350351280972797
M2418_4 115 -0.112766587782712 0.213196530109467 0 -0.239515992417534
F1531_4 116 0.11442416053021 -0.0827187161366444 0 0.183207098372009
F1687_4 116 -0.095565056393773 0.204146567036913 0 -0.0757911339305899
F1702_4 116 -0.505315792537679 0.0996428233738679 0 0.546719749231845
F2014_4 116 -0.0282473163484657 -0.226746193181492 0 0.169686088226344
F2067_4 116 0.310674669211775 -0.287244156584642 0 0.205824395276908
F2773_4 116 -0.216541717415042 0.241294864423828 0 0.800732901676173
F891_4 116 -0.410039067370576 -0.0789307769246796 0 -0.574670301029679
M1113_4 116 0.296360251499479 0.427299384912355 0 0.952996282263673
M1718_4 116 0.39328179688859 0.0408298949848191 0 0.238503215534313
M2217_4 116 -0.0411550777543861 -0.00211262090694175 0 0.384144280690478
M2306_4 116 -0.524630756145594 0.390302903420985 0 -0.315074797246928
M2645_4 116 -0.176855540316456 -1.60982862686061 0 -1.2564269456331
M800_4 116 -0.133341902206 0.878856227120811 0 -0.263596799979438
M993_4 116 0.489204391787134 -0.374055209651585 0 0.193074849078106
F1029_4 117 -0.0764692067398257 0.514418291910531 0 0.351525414163655
F1817_4 117 0.695904383771596 -0.0998235219442382 0 0.580266528022757
F2753_4 117 -0.208745942893573 -0.546006697198197 0 -0.0646673344709216
F407_4 117 -0.805503166523755 -0.237450901752155 0 0.367259119996195
F504_4 117 -0.610925309165242 0.28770987391206 0 -0.387192101341541
F586_4 117 -0.134718644644119 0.0533067961793504 0 -0.469765399805655
F733_4 117 -0.268859253474538 0.541107370363679 0 0.568580154024771
F953_4 117 -0.0646476122316398 1.03066520980184 0 0.0364753126237982
F979_4 117 0.388203863321009 -0.0396104886161756 0 -0.283905727384862
M1229_4 117 0.435000636474168 -0.218454788973462 0 0.206280956268869
M1315_4 117 0.0663416613099429 -0.243936499278425 0 -0.885647211638048
M1824_4 117 -0.21342274293429 -0.441504868275863 0 0.45868306868808
M216_4 117 0.972782345694245 0.285628141704778 0 0.313356108581998
M83_4 117 -0.188865687140427 0.598793379254651 0 -0.0515833955315084
F1375_4 118 0.213268147766978 0.00683157200871698 0 -0.800756781270198
F1563_4 118 -0.1759315542325 -0.181716451445031 0 0.439725421870849
F2444_4 118 0.600694526647039 0.296089493794831 0 -1.11276231810121
F29_4 118 0.505503731546062 -0.152298698587465 0 -0.233436006964947
F614_4 118 -1.12511343521536 0.130294845067636 0 0.129475893745526
F941_4 118 0.14609450058049 -0.126021513748275 0 0.757178343949788
M1076_4 118 0.408485560097461 0.571149121381132 0 0.779376541989165
M1186_4 118 0.309008411069499 0.805932312430384 0 -0.033118397795661
M2419_4 118 0.357974957611775 0.545803429573377 0 0.573894483463943
M2570_4 118 -0.576418568849316 -0.683051379638925 0 0.550830198725803
M411_4 118 -0.124142284623945 1.21618844574251 0 0.00655539457004828
M640_4 118 -0.0851119968752586 0.18849797062263 0 0.305486283443218
M700_4 118 -0.351987070565492 -0.702231594414339 0 -0.178927273646811
M761_4 118 1.0563603524495 0.0331161945899303 0 -0.0763052392453932
F107_4 119 -0.795213438933335 -0.0239948649648173 0 -0.134209066530905
F1118_4 119 -0.396426257392148 0.0294941226670581 0 -0.463117398037242
F1205_4 119 -0.00478199225376483 -0.0423147996382666 0 0.478522652085957
F1707_4 119 -0.174311611536407 0.654765404077006 0 0.0147610083998826
F2574_4 119 -0.311225400169252 0.993257854287 0 -0.0246320843276382
F783_4 119 0.475304958111344 0.715645571157718 0 0.319770894544339
M1109_4 119 0.663176009034059 0.601391356514392 0 -0.352608374979313
M1482_4 119 0.974448089094655 -0.0609222125712782 0 0.512761121898874
M168_4 119 0.166032484073369 0.727902894756012 0 0.150218047336585
M1692_4 119 -0.0927371810263713 -0.199571149408346 0 0.416094834679439
M1844_4 119 0.836710103930947 0.264270943472262 0 0.78943767997577
M2151_4 119 0.616960009626335 0.392488479016511 0 0.337114054241655
M233_4 119 -0.265907558007368 -0.398778853313128 0 0.419944395908737
M594_4 119 -0.260884846347356 0.0122143188868595 0 -0.13912961628037
F2216_4 120 0.417869483987329 -0.146729198973092 0 -0.176471786837067
F2272_4 120 -0.242805519357049 -0.0332610240279283 0 0.894759831396335
F297_4 120 0.0937268756504194 0.756198557273314 0 -0.269134667528779
F581_4 120 0.00323629809127532 0.428315539014142 0 -0.230938791479225
M1084_4 120 0.291945961438928 -0.190678751555589 0 0.106614257564933
M1368_4 120 -0.0148669826550866 -0.0591437258160667 0 -0.0110780852148839
M1437_4 120 0.0144561770459726 -0.396068405596173 0 -0.346988031198791
M1732_4 120 -0.532385524588573 -0.0308113737588646 0 0.101306048823006
M2571_4 120 0.0425599211092552 0.186477668419579 0 0.433199396760809
M322_4 120 1.20123858955049 0.467913650211795 0 -0.440446521612033
M434_4 120 1.05006584772639 0.178883683524378 0 -0.438649002989633
M512_4 120 0.350487646806736 -0.399486930835764 0 -0.393522810898109
M615_4 120 -0.753999564682424 -0.432717968463453 0 -0.39749063717171
M967_4 120 -0.295471793668546 0.0200388528307732 0 -0.318999189049373
F1203_4 121 -0.0884300533984721 -0.229540655048105 0 -0.250198901438161
F2024_4 121 -0.244030611955484 0.760229056002529 0 -0.100394610914455
F2170_4 121 -0.253398482776208 0.326559364964315 0 -0.208486980278497
F2398_4 121 -0.113019720481074 0.92297339138011 0 0.025863688674339
F2646_4 121 0.268649707502876 0.566278195855009 0 -0.192686012718545
F568_4 121 0.0515831020989971 -0.0395980286464206 0 0.2652095967322
F842_4 121 0.213771109795684 0.885142670139615 0 -0.568708480702755
M1042_4 121 -0.192952522542406 0.492538864322224 0 0.249740367282593
M1062_4 121 0.133594655493697 -0.197740163892278 0 0.153743860173735
M1288_4 121 -0.301214477838852 -0.0697051852062989 0 0.235174961189136
M1671_4 121 -0.0705716677095206 -0.307429202473839 0 0.267586792418012
M1672_4 121 -0.000449428494934692 -0.542626712613645 0 0.233489727969868
M510_4 121 -0.230977981183195 0.107945824578969 0 0.20534022709573
M881_4 121 0.0106170395484071 -0.249111134695333 0 0.00747517190540237
F1400_4 122 0.0364739818029593 0.321266438213714 0 0.890534234375619
F2036_4 122 -0.732736375896666 -0.366034786924183 0 0.2304177694746
F2158_4 122 -0.473498225358222 0.152904749205122 0 -0.636471567365006
F2172_4 122 0.2539753851558 -0.428810995116924 0 0.446010526854167
F2244_4 122 0.424576124447328 -0.855246390696917 0 0.144420823991904
F2596_4 122 0.506202868797116 -0.277067579861608 0 0.312383776969944
F2642_4 122 -0.788259381897904 -0.380506438385756 0 1.26054852070792
F607_4 122 0.604957867414256 -0.228024229174193 0 -0.0747630938604676
M1045_4 122 0.717206249631292 0.359165006673962 0 0.967961370825869
M1111_4 122 -0.146005723442397 0.567031842625122 0 -0.411917300498966
M1342_4 122 0.300818530651455 0.108054311877528 0 0.742077618721649
M1781_4 122 0.184360662509122 -0.304393385212527 0 0.277477199255952
M2328_4 122 0.312114858591657 0.439323316098237 0 0.527388047638279
M2336_4 122 0.165397991016546 -0.276149523073631 0 -0.188326556808137
F1281_4 123 -0.532890079175474 -0.39299154138101 0 0.990832558147717
F2228_4 123 -0.0524850216968325 0.108883571344132 0 0.0180758036992215
F2359_4 123 0.457735269692608 0.411750303398905 0 -0.240911960836307
F763_4 123 0.0431913298724489 0.132709866359871 0 0.577650773005614
F821_4 123 -0.367965057754676 0.0288462831179876 0 -0.446795318598944
M1199_4 123 -0.722198724352043 0.176505718785119 0 0.447870685658523
M1314_4 123 -0.206856139025342 -0.226697738896872 0 0.460686798159934
M1775_4 123 -0.705364945353379 -0.0509604953822432 0 0.288058022842203
M1845_4 123 0.256469154169621 0.534865670488121 0 0.043937345702232
M2179_4 123 0.174780461157807 0.341543843525813 0 0.456750519716465
M2310_4 123 -0.651322261415731 -0.126816559535987 0 0.273073696456743
M2601_4 123 -0.0708481502449112 1.1218926132228 0 -0.065933120781126
M4_4 123 -0.472938022152155 -0.131688568059857 0 0.599469361340347
M869_4 123 0.392719072168854 -0.12870579329155 0 -0.113383762976186
F1106_4 124 -0.561739224633831 -0.234296990575872 0 0.342124425533665
F1229_4 124 -0.476500652431711 0.44604741066412 0 -0.705733290581238
F1627_4 124 0.252703206492683 0.509052748558993 0 0.311864705220911
F1651_4 124 0.217880232002559 -0.0725515438754556 0 -0.513352004248672
F1724_4 124 0.0706234577686914 0.581773911821685 0 1.16162165001002
F1734_4 124 -0.945249880675347 0.140728413174294 0 0.0341214379890801
F2129_4 124 0.128126802022286 0.0669383349087513 0 0.67322137465558
M1024_4 124 0.18496959618962 0.817047420926564 0 0.474099206631182
M1143_4 124 0.204690521617947 0.594419879680224 0 -0.0243594860727241
M1389_4 124 -0.0211619536109968 0.634096762964175 0 -0.413596682536066
M1571_4 124 -0.289290171722344 -0.179825402844146 0 0.63924990000619
M2248_4 124 -0.384517255628383 -0.66046988085334 0 0.32571055000258
M513_4 124 0.949859399626268 -1.01043185299093 0 0.532029386637298
M898_4 124 -0.187080020269229 -0.251845429108748 0 0.484189144120204
F1172_4 125 -0.0515966966661693 0.91149607330072 0 0.0326360972937985
F1491_4 125 -0.16334496861772 -0.877043336038308 0 0.766287793003828
F1619_4 125 0.348167837280291 -0.400624151498289 0 0.1512606358063
F2073_4 125 -0.370710952532459 0.0619345070872438 0 -0.343869479619024
F514_4 125 -0.321839866194448 0.625994089101678 0 -0.0315217045354625
F801_4 125 0.198288988299228 0.418893279865965 0 -0.102276355345486
F898_4 125 -0.0413569585937766 0.675999885828385 0 -0.744088082579024
F950_4 125 -0.739035102544731 -0.651349075257458 0 -0.43747959626957
M1920_4 125 -0.0878479581685273 -0.0213273415216674 0 -0.238116068068688
M2097_4 125 0.336370106521519 0.264127749745491 0 0.735158357515036
M2209_4 125 -0.281626229390954 0.638600690660791 0 0.732646997067574
M2410_4 125 0.138187496459056 -0.354127964858953 0 -0.336032869612844
M2755_4 125 0.00367461023375043 0.687453519945103 0 0.0202869700731399
M792_4 125 -0.0752519870736209 -0.131386076327005 0 -0.136653961171541
F1037_4 126 0.927821840742832 -0.732526036809479 0 0.359183035791931
F1093_4 126 0.184147560970096 0.35959523701936 0 -0.0859511916511736
F1828_4 126 1.21895469844655 -0.4839624048793 0 -0.270581638129092
F1891_4 126 0.271977395146061 0.202462120436952 0 -0.0339871232099568
F2386_4 126 0.168406216945576 -0.14252391349324 0 0.106265245126842
F256_4 126 0.278095992916275 0.0955591024353548 0 -0.00507103399909026
F2595_4 126 -0.485751386603532 -0.0283707578958818 0 -0.11471260567278
M141_4 126 -0.140698498447628 -0.642789399724357 0 -0.502707036802772
M1513_4 126 -0.76089617892546 0.588229078234796 0 0.818946251542596
M1981_4 126 0.586205061241677 -0.922548013667573 0 1.26164042520371
M2141_4 126 0.0468550543556927 1.06613588822858 0 0.557034248953782
M2591_4 126 -0.435111829130651 -0.152967334701276 0 0.391610138942748
M2592_4 126 0.827128264422128 -0.2135564204599 0 -0.189764283466689
M2735_4 126 -0.109798301432503 0.47656294374217 0 0.199878407704191
F119_4 127 0.375570114826453 1.12108425154108 0 -0.177420680551914
F1705_4 127 -0.556689208456098 -0.628140035362484 0 0.257976613148728
F1865_4 127 0.229900975893855 0.0202599985636234 0 0.137059632044637
F2349_4 127 -0.287954135039711 -0.901236731928799 0 0.415330316656118
F319_4 127 -0.0229794844836056 -0.54966371810373 0 -0.0293736076502516
M1383_4 127 -0.213452987643956 0.512957733233625 0 -0.0870435378651034
M1879_4 127 -0.652678960584262 0.271504618835167 0 -0.0921079808488027
M1907_4 127 -0.380686120557212 -0.458696051692978 0 0.0207823421465242
M2060_4 127 0.32717281678902 0.0744907928762669 0 0.0444019565240574
M2233_4 127 0.216119746275893 -0.0358699545241294 0 0.309912463606438
M2386_4 127 -0.0472571689351688 -0.411454982376822 0 0.567788291717757
M2436_4 127 0.0342269911990061 -0.187755817041462 0 0.38216001910396
M2437_4 127 0.572680479021609 -0.390448177909501 0 -0.155895826631502
M646_4 127 -0.241315362731716 0.420176996573777 0 0.0595333635476578
F1324_4 128 -0.109805692841382 0.656779438665567 0 0.446504112011166
F1573_4 128 0.147636954439773 -0.52737592032467 0 -0.445728522297712
F1811_4 128 -0.055416493437118 0.493242054491753 0 -0.545188605200823
F2063_4 128 0.245160503901738 -0.41823737938896 0 1.0104110838143
F2110_4 128 0.107825978384307 0.157799123820321 0 0.621563674786656
F2207_4 128 0.234997411726191 -0.198106825770216 0 -0.0969033102008522
F2531_4 128 0.451187750812281 -0.57490813074742 0 0.0409378578630021
F555_4 128 -0.132158622701994 -0.459159807072269 0 0.240017625736755
M1274_4 128 -0.0844570778234064 -0.144975764052906 0 -0.457726370185127
M1593_4 128 0.188034827234816 -0.147261866794102 0 1.36219811996708
M2135_4 128 -0.726924623499935 0.272709195418279 0 0.0436515248916154
M2226_4 128 -0.472924120882513 0.574480227175517 0 -1.08563421250995
M2620_4 128 0.156289788936873 0.742372345291853 0 -0.290039525514756
M875_4 128 0.149443706945298 -0.73225288914704 0 -0.703167649739189
F1101_4 129 0.501115589500781 0.479931067255671 0 -0.0335160171152759
F221_4 129 -0.209591885054581 0.996534483267944 0 -0.0728323704760319
F2451_4 129 0.655894719099299 -0.664544027321281 0 -0.155002830743919
F2653_4 129 0.603317631404997 0.300423583118569 0 -0.139522250922212
F371_4 129 -0.00119591634132703 0.567953886374985 0 0.348676544444882
F814_4 129 0.237913200131485 -0.818740372888918 0 -0.298052132906666
F918_4 129 0.496218669034042 -1.12493721910974 0 -0.0820639113095207
M1264_4 129 0.698226036944255 0.0944691987248395 0 0.0400143484439585
M149_4 129 -0.143604159400681 0.342207760307703 0 0.7559386684874
M1730_4 129 -0.224991644786928 -0.472756740080393 0 -0.545293141057988
M2109_4 129 -0.473385191524512 -0.182893712431099 0 0.853528479221149
M2258_4 129 -0.195006347681029 0.595363968157037 0 -0.511171767063875
M2486_4 129 0.43689711355604 -0.139483123836078 0 -0.0129601390280517
M2748_4 129 0.16416235651766 0.392797548969678 0 0.149604684780792
F1715_4 130 -0.378505483592496 -0.107556743941753 0 -0.0346661604547833
F1736_4 130 0.738337313495962 -0.102194906019245 0 0.234201755657604
F1926_4 130 -0.281754753711594 -0.338623765012502 0 -0.145061798238005
F2264_4 130 -0.10950113149346 0.803944300524297 0 -0.488843199694678
F2799_4 130 0.318924127350989 0.153845780352104 0 0.148760966184056
F404_4 130 0.411033716522364 -0.15954821504381 0 0.211179432066468
F485_4 130 -0.212909614597708 -0.128478466151105 0 0.655402323890183
F65_4 130 -0.298246781517403 -0.0548098143582934 0 0.716524272767094
M1097_4 130 -0.463511543284726 -0.260778651426649 0 0.892478860640289
M1650_4 130 0.372480731804386 0.261588728580493 0 0.208157681094004
M1765_4 130 -0.133464813496738 0.495084476685657 0 -0.308258930481231
M2215_4 130 -0.761329374645671 -0.324022484460079 0 1.96960985246262
M841_4 130 0.270060286797246 0.444096592610924 0 0.58726644218382
M985_4 130 -0.0993576109793903 0.119344877872633 0 0.287202221195487
F1644_4 131 0.0974839080498079 0.329626006027815 0 0.0181078575181567
F2006_4 131 0.152356726969521 -0.887391041265775 0 0.460127234099114
F2364_4 131 0.0637569432075185 -0.000278688980867581 0 0.480495693226236
F2387_4 131 0.112649432583384 0.215834256002013 0 0.75620680114873
F2645_4 131 0.316651681427457 -0.00191253880079578 0 0.379009918615736
F896_4 131 0.270190006027752 0.654094471212933 0 0.0297862308647941
M105_4 131 0.459509448541134 0.208649999640152 0 0.150339743889887
M1116_4 131 -0.0858534125791917 -0.27822024029769 0 0.559023786831646
M1555_4 131 -0.910680456952735 0.272120803893073 0 -0.320074953135786
M1684_4 131 -0.703518155945221 -0.00675040324176979 0 0.41323145203817
M2125_4 131 -0.550452702627522 -0.77646957157141 0 0.217343667699302
M2164_4 131 0.271912050565573 0.194760376339548 0 -0.611646113625374
M2495_4 131 -0.453723668959562 0.366998142643302 0 -0.332168653683156
M269_4 131 -0.839951067873644 -0.64865371293104 0 0.189737102057545
F1805_4 132 0.0626048732278182 0.807732529604945 0 0.363705372440259
F181_4 132 -0.219098782998319 -0.302531983938957 0 0.454407596995272
F1918_4 132 0.910400426802756 -0.687419269703186 0 -0.145384138101382
F205_4 132 0.517735256916638 0.0830143801132553 0 -0.0761507463489997
F2497_4 132 -0.658400166435921 0.81025322848223 0 -0.145562663451049
F2767_4 132 0.204303724340612 -0.300929691239311 0 0.00903817232954462
F361_4 132 0.727587077652488 -0.472625775070502 0 0.671863922470105
F419_4 132 0.692761515392238 -0.0597612865166139 0 0.911376183242601
F670_4 132 -0.158609240102604 0.340122533405972 0 0.7182905823325
M1310_4 132 0.399151292186623 -0.737960625101611 0 -0.142695690646231
M1731_4 132 0.174844325396666 1.18586776484731 0 0.514912774071309
M2686_4 132 0.166609465001676 1.02178161841825 0 -0.0201641524373349
M593_4 132 0.343049167326064 0.675606497979547 0 0.140434333359173
M918_4 132 -0.20367801617378 0.684798959215602 0 0.308083572838231
F1013_4 133 -0.630862565100277 0.695750716916428 0 0.230346293014677
F1125_4 133 -0.686527224219667 0.88584396107914 0 -0.803854228018439
F1510_4 133 -0.461081265053495 0.217752898797866 0 0.619546805789305
F1846_4 133 -0.291434505624471 0.265487413172137 0 0.160396152827736
F1900_4 133 -0.0658643869131608 0.132525849718522 0 -0.207319968558077
F193_4 133 0.104724881120759 0.144690609164729 0 -0.371854997059101
F340_4 133 -0.296397366547399 -0.233357111377602 0 -0.00408794687711961
F380_4 133 0.147070119835081 0.119449035155346 0 -0.691607336600735
F67_4 133 0.0858779262299324 0.0830685667655559 0 -0.230337004262336
M1370_4 133 0.631559699596005 0.79768366299055 0 0.0468115495168681
M1427_4 133 -0.398048696993903 -0.389909620756771 0 0.460053974206358
M38_4 133 0.422924174373832 0.487163476425792 0 -0.645865203149379
M80_4 133 0.675284368711323 0.54568531491719 0 1.30017280153571
M977_4 133 0.415702793597924 0.0712057823545207 0 0.360054075987491
F121_4 134 -0.147583212859231 0.0903505078755203 0 -0.0144614747149849
F1338_4 134 -0.0493332980735086 0.238443305723658 0 -0.533146115705158
F220_4 134 0.576208389396854 0.193610472068425 0 0.444003519429426
F2304_4 134 0.0872354803403246 0.522250107591911 0 0.138227928072072
F2603_4 134 -0.000870505928507889 -0.241083441704159 0 -0.571400143931602
F2706_4 134 -0.359251969181805 -0.287068543797677 0 0.724646221039454
F556_4 134 -0.59777489211618 -0.351058039610228 0 -0.186302798716493
M1567_4 134 0.0408373974898381 0.696020043351758 0 0.215267725610867
M170_4 134 0.710013546532173 -0.125208395165193 0 -0.744562941259338
M1968_4 134 -0.264850584526072 0.309525217807167 0 0.0802066066075373
M2202_4 134 -0.314145876554959 0.0369180761762252 0 0.156476093074146
M2305_4 134 0.871802342579597 0.70968108511246 0 -0.107697122034852
M2348_4 134 -0.51686936697435 0.0190673321716328 0 -0.738183830165732
M337_4 134 0.246981397437682 -0.39871751085854 0 0.197908863661589
F1188_4 135 -0.909444897334517 0.632708267835495 0 -0.629474206307323
F1387_4 135 0.136959417853736 0.05267347478134 0 -0.539516442659125
F231_4 135 0.907340030651291 -0.872395434654959 0 -0.306324816488186
F2383_4 135 0.490889901822866 0.782909194564752 0 0.0654756483542459
M1034_4 135 0.0107098259299716 -0.0776436722402102 0 0.821988168436667
M1086_4 135 0.265943003508884 1.00384532796761 0 0.77285441472968
M1424_4 135 0.0844279394598741 0.152905280370472 0 0.0982558364445219
M1521_4 135 -0.323165363504883 -0.389020609895479 0 0.257669690595468
M1656_4 135 0.597787441855889 -0.787863458017265 0 -0.245858906225468
M1750_4 135 -0.0243393284730013 0.0718026187757823 0 0.776026816843314
M2261_4 135 0.485327438516651 0.410463175794745 0 0.715672686781954
M2588_4 135 0.15936866052887 0.144647944041903 0 -0.710256711710422
M2797_4 135 -0.835817886166045 -0.420021220912468 0 0.612525457975609
M334_4 135 -0.764618790482547 0.131839806900052 0 0.0717965158154423
F1743_4 136 -0.591547634298162 0.365697041608396 0 0.43273311966645
F1854_4 136 -0.201586930891797 0.0483785439905192 0 -0.043582938448524
F2056_4 136 0.692070304056064 0.488025228202067 0 -0.448032693321563
F252_4 136 0.121577716213479 0.0655422807796733 0 -0.175181844813355
F689_4 136 0.253348201931824 0.902244157732529 0 0.398479588000461
F701_4 136 -0.483693237952659 0.750000565446511 0 -0.237971162271123
F775_4 136 -1.00696233112509 0.281307302261334 0 0.119401891746189
F808_4 136 -0.423130231279927 0.664627720501827 0 -0.194039775950059
M1095_4 136 -0.456924136658488 -0.312880191207483 0 -0.62383145711621
M1278_4 136 -1.24720536283114 0.457533116212856 0 -0.132645291424783
M2083_4 136 0.223801948278747 -0.631347009828588 0 0.608273497853202
M2429_4 136 -0.347546966458481 0.15054804466312 0 -0.474491168327848
M2698_4 136 -0.501648141141051 -0.751174244985029 0 0.160455502682552
M891_4 136 -0.393700077252189 0.205536564667946 0 0.329747870365831
F1167_4 137 -0.331937003385042 0.35281613469427 0 0.359200700459696
F1721_4 137 -0.126994117298485 -0.229312558671841 0 0.568983640262906
F2124_4 137 -0.291751257195731 0.632757334926137 0 -0.395563910328987
F2593_4 137 -0.511548083827601 -0.409960766294134 0 -0.0510093232965544
F2750_4 137 0.375452262643594 0.248671261212624 0 -0.431072211701212
F620_4 137 -0.0594272172372115 -0.0899590013443202 0 0.0393667235154171
M1085_4 137 -0.403529438816976 -0.04241875554357 0 -0.078812202124126
M1677_4 137 -0.871524036994324 -0.3399141286561 0 0.029831631965766
M1681_4 137 0.732070586479881 -1.2229316689793 0 0.0711777175615659
M2025_4 137 0.562040337703838 0.292037631143332 0 0.0151026874149868
M238_4 137 0.12186224785397 0.279855008078799 0 0.220654762353842
M410_4 137 -0.0328783907848834 0.351607027689647 0 0.049664806744494
M55_4 137 0.533550517542154 0.0523522897388969 0 0.436736212882519
M713_4 137 -0.974129965435176 -0.285726173090699 0 0.113171890962062
F1020_4 138 0.560146486971685 0.267048943688473 0 0.70140062869708
F1076_4 138 -0.799723057353727 -0.825003270353277 0 0.346789610932862
F1612_4 138 -0.495201819907335 0.0435679394444813 0 -0.126505456350895
F1788_4 138 -0.182780575972255 -0.335542689392217 0 0.411705129979799
F1983_4 138 0.997148288595134 -0.511534123494853 0 0.378934281071508
F2022_4 138 -0.0722854751964913 -0.784657168279611 0 0.328069299137895
F2187_4 138 -0.582617430065713 -0.276951394060282 0 0.00487600823121559
F420_4 138 0.0178045444622507 -0.823403987354431 0 0.0324592303629509
M1052_4 138 0.690192495209542 -0.482221439128376 0 0.684049730477946
M1395_4 138 0.297378087414208 -0.257519618495392 0 0.0906036422292238
M1464_4 138 0.32566936718456 0.478866372985162 0 0.659108005640099
M1831_4 138 0.155381329467685 -0.387066318579492 0 0.20116405422104
M1832_4 138 0.684570928043559 0.110109703333408 0 -0.323053418720274
M2008_4 138 -0.784302497530026 -0.0254412209582635 0 0.585233101830283
F1168_4 139 0.0559977885011733 -0.380907677477824 0 0.1746500246216
F2105_4 139 -0.0906481129191653 -0.383967072716177 0 -0.232702343996678
F2698_4 139 0.813558085890063 -0.444458413488503 0 0.165970788765441
F2701_4 139 -0.0724849734250273 0.0863475320635305 0 0.467543714408471
F349_4 139 -1.36714711195371 -0.234177308179541 0 0.200651050795514
F646_4 139 0.052330706736885 0.276103138279461 0 -0.223902745585304
M1166_4 139 0.548943778380088 0.0741783912464702 0 -0.306271286534805
M1467_4 139 -0.419800799654763 -0.231884000773529 0 -0.360074168441403
M1568_4 139 0.146896265786281 0.143203482036326 0 0.288794642335268
M1697_4 139 -0.0890180089602472 1.24662900412674 0 0.268446159074188
M2148_4 139 0.0281516660940244 0.0997684789747016 0 0.630411539466775
M2238_4 139 -1.32156177790347 -0.432529172359699 0 0.0458218198171098
M2553_4 139 -0.630671767347014 0.933471175045527 0 0.247856587400485
M2793_4 139 0.132302291841121 0.725235658393607 0 -0.243649824187309
F1243_4 140 -0.319104392662669 0.121806897804234 0 -0.759261463752701
F1334_4 140 0.133516985431628 -0.924196472546264 0 0.120129080250072
F1764_4 140 0.63911232469732 0.425911690944366 0 0.305504231960657
F185_4 140 -0.548275872423164 -0.215951889237676 0 0.039450031641437
F2241_4 140 -0.745229551177678 -0.32985683806046 0 -0.895145798729225
F2258_4 140 0.199118131278763 0.0845101481649579 0 0.939423815456555
F2382_4 140 -0.118311817745219 -1.06633617166903 0 -0.232899466272118
F373_4 140 0.080853208123708 0.000179894347842158 0 -0.219663218251721
M1005_4 140 0.191848768590309 -0.577251622258485 0 -0.383839555227691
M2291_4 140 0.31842122876525 -0.277370051317511 0 0.398274572935007
M2299_4 140 0.994761157274211 -0.422097844158128 0 0.574285388159656
M2647_4 140 0.181817583801296 0.228948736088307 0 0.27821559764723
M478_4 140 -0.267709259782444 0.449637779014584 0 0.0397574340538075
M741_4 140 0.341578858961109 -0.401482071175678 0 0.466822967567136
F1569_4 141 -0.0672044118471818 0.974981792895453 0 -0.656211104718797
F1572_4 141 -0.179454038462882 -0.175567158433034 0 0.0701783957936708
F2096_4 141 0.461119872244212 0.13351604122779 0 -0.196918926769118
F2213_4 141 0.72628132880149 0.531508393182039 0 0.285423190366842
F369_4 141 0.0459135490829685 -0.256693831502485 0 0.24640071881301
F631_4 141 0.279068233397051 -0.231869738596941 0 -0.712559274576548
M114_4 141 -0.16562822917859 -0.916750098660844 0 -0.022125189972115
M1451_4 141 -0.441170615676759 -0.614170422420319 0 -0.468099401017777
M2058_4 141 -0.286423075655821 -0.752094014217768 0 0.221059007191499
M253_4 141 -0.626773007763085 0.615447042434373 0 -0.14076407774588
M2753_4 141 0.3115927334124 -0.338010623436288 0 -0.661843287243713
M2782_4 141 0.409213149540112 0.391718960656372 0 -0.0206636262978689
M746_4 141 -0.245647834202839 0.240103309605928 0 0.383276964669813
M870_4 141 -0.480498559533746 0.147840481183896 0 -0.0229137604940423
F1024_4 142 0.333442997610044 0.168424698261181 0 0.996235105517688
F1366_4 142 -0.151642448488522 -0.708826090290093 0 0.0870580446530718
F2337_4 142 -0.635120966901587 0.4013595199523 0 0.706215600248439
F35_4 142 -0.374811048709048 0.53897804196869 0 0.206147974946213
F661_4 142 -0.0322864401718609 -0.0904857567502526 0 -0.457435653838613
M1056_4 142 -0.219340660536029 -0.142205590770989 0 0.313182758677206
M1150_4 142 -0.171462259915468 -0.843810881639076 0 -0.127419082456194
M1254_4 142 -0.703199092135121 1.13569171103991 0 0.346941114042057
M1396_4 142 -0.143954298676477 -0.928361506989582 0 -0.371135753529285
M1402_4 142 -0.575564193768573 -0.247389420913803 0 0.484773035780681
M1425_4 142 -0.00180387590755082 0.850452808385606 0 0.136704800926937
M1789_4 142 -0.262981531233975 0.353076459789824 0 0.334790306310099
M716_4 142 -0.539850040341025 -0.283317018714314 0 -0.510662459288788
M82_4 142 0.472210647538671 -0.939297154240542 0 -0.103622287224212
F1335_4 143 -0.763998288532623 -0.329440814580275 0 0.119261960005548
F1906_4 143 0.0443017983939334 0.141161742669401 0 0.87541754456348
F2202_4 143 0.567108789743354 -0.691123617752742 0 -0.188399088878328
F2485_4 143 0.713035092144964 0.670610457106961 0 -0.343635732643455
F254_4 143 0.569248373804856 0.702116130633154 0 -0.832058947391645
F332_4 143 -0.0105081525451614 -0.909205148541083 0 0.753519308957538
F517_4 143 0.234204323437409 0.0144083260921318 0 -0.45997776148957
F894_4 143 -0.684266783356915 -0.329332541259753 0 -0.215737471605264
M1100_4 143 -1.02960600192335 -0.307311251175641 0 -0.658464573970866
M1705_4 143 -0.364413865927931 0.327812478482587 0 0.85653598005599
M2009_4 143 0.12622751113229 -0.26342642600559 0 1.14865991985488
M2099_4 143 0.0488039520335255 0.330193059202917 0 0.5322679759956
M476_4 143 -0.714713459513436 -0.114607025125998 0 0.562261723823615
M86_4 143 -1.1021992354944 1.08889202553098 0 -0.0601589841861328
F1346_4 144 -0.154114436088458 -0.19757813332775 0 0.0276420842326967
F1370_4 144 0.725693455245049 -0.296967024620792 0 -0.303270879288098
F1623_4 144 -0.501529022789511 -0.716063448018118 0 -0.349876067647933
F167_4 144 0.414384474037043 -1.02132208200292 0 -0.294447124923028
F2010_4 144 -0.249074201494768 0.217281925984388 0 0.843026272755679
F2590_4 144 0.0263910500502795 1.09624746195163 0 -0.377835985480264
F2744_4 144 0.0154966961414264 0.421799626571013 0 0.770356998465318
M1004_4 144 0.0799593158064069 -0.968044813487979 0 -0.551321488049976
M1298_4 144 0.432866547772549 0.613805886230443 0 0.320981474504484
M1994_4 144 -0.433386361435774 -0.391090272237755 0 0.580020110781042
M199_4 144 -0.275373767838247 -0.401678698775985 0 0.694094202783895
M2401_4 144 1.54567352207384 -0.707290793418497 0 0.787436903106802
M584_4 144 0.150502378713144 -0.742842774831039 0 0.107932455691221
M889_4 144 0.325807873661668 -0.127666526222499 0 -0.555689092643494
F1166_4 145 0.251782871567382 0.246119603652293 0 0.324724126016695
F1484_4 145 0.172788281551844 0.351887316583189 0 -0.255455232589103
F2494_4 145 -0.0916638165304329 0.176358598953237 0 0.935387590616767
F2734_4 145 -0.0391185023606554 -0.629340361338424 0 0.219908630197216
F384_4 145 -0.794255388095544 0.215426128113798 0 -0.558626168468178
F483_4 145 -0.23326354817 -0.105793443683887 0 0.049813722022511
F866_4 145 0.310983611606495 0.426825585875719 0 0.53283273444154
M1982_4 145 0.4719104942698 -0.279820159222131 0 -0.216835082400218
M2011_4 145 -0.0940192794701946 -0.347755957740625 0 0.534682405918445
M226_4 145 0.324203725619948 0.646786047958874 0 0.318718713511283
M2325_4 145 0.454731415029094 0.131217643343646 0 0.546534432620837
M448_4 145 0.600940212955224 0.332120237169579 0 0.355737773607331
M627_4 145 0.257517492580105 -0.285114393048714 0 0.0720600307961315
M97_4 145 0.110346578200971 0.42487160406306 0 -0.0218495505390408
F1709_4 146 0.289664381766858 -0.293046965943498 0 -0.65868007881392
F2020_4 146 -0.155287589129695 0.503856798789413 0 0.023195410418952
F2127_4 146 0.211564969952627 -0.677386504423715 0 0.605556525989321
F2647_4 146 0.269115195432484 0.289830775438911 0 -0.708983522899907
M1078_4 146 0.466963475794458 0.0815921094124257 0 -0.147685651178417
M1536_4 146 -0.190476769651838 -0.270601189774457 0 0.323558858376842
M1579_4 146 0.287579648461398 -0.2572234667864 0 -0.182056706986198
M2236_4 146 -0.439539669166091 0.587672180451971 0 0.277772943347121
M2363_4 146 0.235037179673808 -0.334328752156878 0 0.777551593684428
M2485_4 146 -0.19552917469806 0.129373306970336 0 0.54761584938902
M261_4 146 -0.0340763841207923 -0.134644155991603 0 0.473240234402293
M663_4 146 0.452412048668368 1.32546742725113 0 0.344979848856124
M842_4 146 -0.28961304417278 0.485499182186417 0 0.194959991257004
M972_4 146 -0.141038915187717 -0.302234765082146 0 -0.662170772302922
F2368_4 147 -0.399263091711902 0.517646968462228 0 -0.961857305221309
F374_4 147 0.111835204173334 -0.0844214260246755 0 0.334153867602897
F439_4 147 0.209723772436122 0.444713080038286 0 -0.140854724857794
F708_4 147 -0.111403664356639 -0.0889274574596862 0 0.334678332059522
F73_4 147 0.117291034438465 0.0129691108743736 0 0.402554336976718
F795_4 147 0.00141155293537418 0.0887633242277192 0 -0.323848982668373
F883_4 147 0.408372152991027 -0.735969888907579 0 0.617785844489639
F972_4 147 -0.254698162277422 0.607491482630376 0 0.357102739521976
M1065_4 147 0.622629367693727 -0.17298253956249 0 0.468723859478037
M1080_4 147 0.488427896138539 0.2533439167947 0 -0.283546493701871
M1297_4 147 -0.187576437695452 -0.156901434112972 0 0.685620180496966
M2042_4 147 -0.42458709955727 -0.202299074812838 0 0.434333593461913
M2784_4 147 -0.302223425914234 -0.209839608954907 0 0.590727599389136
M379_4 147 -0.454347712461509 -0.931193744049966 0 -0.410576410958001
F1036_4 148 0.259372773435602 0.275779644462756 0 -0.150245710355987
F1495_4 148 0.186660238489642 0.710821980904839 0 -0.0129352800486159
F1712_4 148 0.504572975686542 -0.76116469278238 0 -0.331021749916117
F2051_4 148 -0.0251067539251474 0.0441624555998893 0 -0.299398191210532
F354_4 148 0.333792021171976 0.965276007581727 0 0.0584629829231743
F491_4 148 -0.0278371243168477 0.266276034651247 0 -0.546539281028628
F519_4 148 -0.291192660481992 0.563368245567339 0 0.744019003467598
M1058_4 148 0.969311979544519 0.339745034866158 0 0.29618584902527
M1795_4 148 0.194187227793251 0.140257676788976 0 0.410548041806061
M2368_4 148 -0.648837312870724 0.737673347651052 0 -0.233266779494898
M2530_4 148 0.775394024304003 -0.987132397572697 0 -0.457984412951642
M2674_4 148 0.322201838011142 0.0195662220754123 0 0.626254231830947
M524_4 148 -0.187227817747615 -0.365538885713877 0 0.87879343363607
M662_4 148 -0.0330769178209303 -0.277422756099843 0 0.36305839009537
F1040_4 149 0.101724174990367 0.793055686534464 0 0.794021955334435
F1935_4 149 0.23042791766446 0.918274455009572 0 -0.0532540746542367
F280_4 149 0.141828538824419 0.774861627612301 0 0.390425557121152
F38_4 149 0.0446002887753763 0.295289950005608 0 0.505837728209574
M1233_4 149 -0.67434268403644 -0.307445016880625 0 -0.490176157990021
M163_4 149 0.533121538187086 -0.242512883095708 0 0.499296444934864
M1801_4 149 0.210825103357079 -0.175864255363661 0 0.451244241594918
M2065_4 149 -0.28431941619065 0.845384984613877 0 0.512428651177146
M2212_4 149 0.114708755559096 -0.669745520130782 0 0.828979070108011
M2666_4 149 0.128075309612107 -0.0237963364248371 0 -0.483165002825964
M2673_4 149 0.163355370718668 0.110313439543649 0 -0.144400173035718
M668_4 149 -0.551497515410552 0.444932238468419 0 0.743864281163885
M70_4 149 -0.347729406461249 -0.766936950948628 0 -0.0371048419717944
M981_4 149 -0.292305150337103 -0.561587373853306 0 -0.316212385218246
F1317_4 150 -0.175454073847513 -0.789595714863682 0 0.708152485636874
F2000_4 150 -0.164333216746849 -0.289882087861158 0 -0.00985941621980441
F365_4 150 0.345279011752826 0.557952978887595 0 -0.0689588160693179
F766_4 150 -0.0694949615484289 0.316180387220857 0 0.331345935258182
M1026_4 150 0.518091984021825 0.187910661680384 0 -0.208948342555554
M1244_4 150 0.296848165692928 -0.000550014697183743 0 0.792189549550783
M1577_4 150 0.877465483206581 0.543392691611832 0 -0.357969804939428
M162_4 150 0.15621479469759 0.348912871477625 0 0.163984434037824
M1645_4 150 0.333092293142289 -0.969286098453709 0 0.152152774532732
M2324_4 150 -0.15340609222687 -0.399625001627999 0 0.169567698114264
M2377_4 150 -0.150187696519516 0.665484602800904 0 -0.056902914238401
M2445_4 150 0.395943212819622 0.549487317800218 0 1.44074993749685
M477_4 150 0.194972063266271 0.10800699407535 0 -0.19254232898876
M986_4 150 1.03850835683108 -0.0880166075719527 0 -0.874904555394036
F1092_4 151 -0.508591870933963 0.360038694803633 0 -0.243361028245121
F1165_4 151 0.173111460778884 -0.446748675003305 0 0.759885382614079
F2174_4 151 0.770266554941024 -0.215218228077102 0 -0.134177992188127
F2218_4 151 -0.558180611802043 -0.320429589296744 0 0.53337500673268
F2389_4 151 0.0698079209892743 0.546937944010277 0 0.703772226805364
M1773_4 151 -0.0507819062353047 0.435521416770125 0 -0.543259902826595
M2118_4 151 -0.149578973150688 0.653773127077079 0 -0.158344544542975
M2358_4 151 -0.786747850258024 -0.741887895328904 0 -0.174504566726373
M2725_4 151 0.332860463847256 1.60351197643346 0 0.486862712868933
M288_4 151 -0.399703854781418 -0.172048454137522 0 0.478062208644474
M377_4 151 -0.249729154743133 0.106431363407815 0 0.592175481001172
M398_4 151 0.0774378267478838 -0.517918153498166 0 -0.072508085122934
M46_4 151 0.02311251131046 -0.11727364425742 0 -0.158381656143528
M726_4 151 -0.640182362022346 0.17789212611977 0 -0.419053623729057
F1180_4 152 0.325906419887227 -0.0568533472874184 0 1.02116417182598
F1444_4 152 -0.51580146341962 0.245475942384009 0 0.955447388831039
F1536_4 152 0.444591836054581 -0.411614042890765 0 0.0206925360424471
F1609_4 152 0.49504091658059 -0.0161712523035262 0 -0.789298519523587
F2456_4 152 -0.321712177499322 0.0613769545871615 0 0.0726725006911463
F2660_4 152 0.231167153385667 0.681854633709853 0 1.04422060424939
F92_4 152 -0.0605486874492803 0.459961899270799 0 0.0774603157954541
M1023_4 152 0.507746809248579 0.0892442486208882 0 0.124018695634718
M1564_4 152 -1.00325963669371 1.09465805453899 0 -0.352695836645191
M160_4 152 0.848207130577374 -0.0343926686936798 0 0.172864458291067
M1723_4 152 -0.673166879335506 0.463418726713727 0 1.02859480417338
M2536_4 152 -0.132155078089654 0.391981190474326 0 0.0280887481146416
M381_4 152 0.12545331409592 -0.843363757596239 0 1.02853946051162
M732_4 152 0.41285989483294 -0.187585377195796 0 0.138531969987716
F2042_4 153 -0.411668370740663 0.0208478505814433 0 0.0127668618195356
F2094_4 153 -0.140725519672606 0.184105863998563 0 0.302863216527767
F334_4 153 -0.108421975108638 0.563848103529825 0 -0.365659419385443
F44_4 153 -0.397657421456116 0.283069982239262 0 0.707636675997631
F553_4 153 0.121201728977722 0.22904753562321 0 0.240936579190554
F948_4 153 -1.09937448397136 -0.705324895534386 0 0.520863558293112
M1275_4 153 -0.411187943763755 0.074188411946945 0 -0.196098170076201
M1406_4 153 -0.143878842273093 0.0682377201393071 0 0.654422388989673
M244_4 153 -0.581233426287095 -0.559421834817858 0 -0.512342781966814
M283_4 153 -0.528874999883922 0.509495826890709 0 -0.737880357000904
M333_4 153 0.0761256789759389 -0.0571604241437093 0 0.096184335064207
M364_4 153 0.449207098166693 -0.593219642107102 0 -0.479481806812237
M698_4 153 0.0427480323434612 0.179464711468598 0 0.335701021850725
M772_4 153 0.108932009866091 -0.672431755355423 0 0.251125310101886
F195_4 154 -0.485086138165321 -0.387232808807509 0 -0.358196175320505
F2195_4 154 0.0156310026207964 0.256105831320775 0 0.425619035783186
F228_4 154 0.28434766248139 -0.238367173239092 0 0.274297648081524
F298_4 154 0.544135468927056 -0.0220666762135245 0 0.364761257698195
F984_4 154 0.544575984110263 -0.0255960915057973 0 0.662570047330102
M1158_4 154 -0.101854773628994 -0.0476568823465933 0 -0.644696216616712
M1726_4 154 0.277304349692693 -0.143912093870587 0 -0.454345650002957
M192_4 154 -1.37037854253322 0.615663380258475 0 -0.0595981363464125
M2188_4 154 -0.0599412122426186 -0.614848262765878 0 -0.354183176804206
M2266_4 154 0.462535532060104 -0.209987487343875 0 -0.700170378544952
M392_4 154 -0.568746284916876 0.355364863322539 0 -0.00748854692911816
M596_4 154 0.0164950042827991 1.25567143851108 0 -0.35420681694051
M599_4 154 -0.139226408320187 0.606673677026476 0 0.579713992007285
M971_4 154 0.074104028087724 -0.0129786835043629 0 0.83379234089662
F2002_4 155 0.207205191466901 -0.492820582774936 0 0.306511471047184
F2157_4 155 0.739490351982358 0.0636892098444322 0 0.509203905225256
F2356_4 155 -0.29110372911248 0.618431980308916 0 0.844965072125758
F2555_4 155 0.143132931190049 0.370869737102657 0 0.167506335241598
F2558_4 155 -0.181705760404536 -0.447660327733216 0 -0.342246839581136
F632_4 155 -0.318512059376355 0.221045305168755 0 -0.595576069382996
M1099_4 155 0.465729919232104 0.283022460240493 0 0.501581987358796
M1442_4 155 0.267053048606751 -0.265010749625713 0 -0.50376672388884
M1853_4 155 -0.479678697063691 -0.283291554460272 0 -0.159723756987966
M1898_4 155 -0.43644888657801 0.547680711231891 0 -0.248168403910809
M2013_4 155 0.485545120039154 -0.172938444575007 0 0.445718307001989
M2102_4 155 0.0364298210962135 0.524108890025123 0 -0.395588350713309
M2471_4 155 0.237907172974775 -0.270487797195989 0 0.269452975320695
M670_4 155 0.0279897939900707 0.702722576389421 0 -0.10165873615139
F1152_4 156 0.234747231082921 -0.52702278558296 0 -0.107591253103257
F1672_4 156 -0.262299514333578 0.935810988851632 0 0.586429002717222
F223_4 156 -0.0250500076367325 0.155438861031339 0 0.0115615047474746
F403_4 156 -0.610047750257436 -0.16319662755812 0 0.151568478352964
F694_4 156 -0.0675161158079947 0.288245547231402 0 0.201601257427247
F711_4 156 -0.330777107682216 -0.264662955814271 0 0.65363361012718
F911_4 156 0.251094594534776 -0.120129555182092 0 -0.438859884442044
F912_4 156 -0.075415299997994 -0.144488877033334 0 0.466787247912147
M1488_4 156 -0.44832612431545 -0.819964702116218 0 0.0782777861754904
M2213_4 156 -0.609499506299969 -0.365366377593624 0 0.256802089858877
M2638_4 156 0.75262947530353 0.766062923608042 0 -0.0681378422913075
M2790_4 156 0.0749962467447693 0.213086875543988 0 -0.0926340726126346
M451_4 156 -0.609423089564359 0.32097963540713 0 -0.226702401149745
M906_4 156 -0.882158016113884 -0.341194501767732 0 0.669701010366296
F1173_4 157 -0.0992042463074605 -0.960413802804459 0 -0.103328827967125
F1803_4 157 1.05235829840746 -0.142242187270387 0 0.68000891195812
F2091_4 157 1.01354768585855 -0.00362824187123212 0 -0.661880922680404
F2126_4 157 -0.0549293103498798 0.0821107124595051 0 0.557644872458274
F2295_4 157 0.294737962710559 0.259958182571322 0 -0.474354715181583
F234_4 157 -0.173898867273871 0.299897173119425 0 0.371606001460174
F2578_4 157 0.129933634885067 0.122287032471596 0 0.476310708867999
F789_4 157 0.0629553492697367 0.0985495864360604 0 0.0636259688789948
F923_4 157 -0.124142683358011 -0.0141154768801789 0 -0.116232533225305
M1022_4 157 0.518700927000175 0.0537584812853543 0 -0.0949334974510831
M1953_4 157 0.109624729708984 0.505022389285159 0 -0.435139309269148
M2397_4 157 0.74143217070716 1.03624123442577 0 0.429145735360555
M2773_4 157 -0.184326441444861 -0.053921411341231 0 1.08495913261968
M456_4 157 0.17112892690292 0.886978612586388 0 0.110117150038349
F1345_4 158 0.664967610937104 -0.0563477564570345 0 -0.372554457535734
F1748_4 158 -0.0698176237685456 -1.45155244040637 0 0.930436925420055
F2311_4 158 -0.485255321181864 -0.228763068259064 0 0.380999356867792
F288_4 158 0.253012924716989 -0.500496303738644 0 -0.0357235112012197
F304_4 158 -0.271575119017831 1.17687350889906 0 0.030933239889846
F4_4 158 0.167354401273958 0.652616298900606 0 -0.852307098419409
F722_4 158 0.242356575332087 0.127842656591237 0 0.0983051133664848
M1434_4 158 -0.487673802205395 -0.100418443113842 0 -0.552608737250781
M1495_4 158 0.0734479440671956 -0.32454147502306 0 -0.0289892769308019
M1797_4 158 0.344946328880272 0.508842381162128 0 0.0313607642341707
M1874_4 158 0.0446922804086326 0.27826276732904 0 0.0252633137052687
M2367_4 158 -0.882325383943722 0.156247087931458 0 0.176899313752973
M2637_4 158 0.0302802850304398 -0.448725483842981 0 0.525879975668076
M796_4 158 -0.370662048578297 -1.012965514382 0 0.0621726449083744
F1050_4 159 -0.0400329308910886 -0.165600667958056 0 -0.119476640436701
F112_4 159 0.030802755303238 -0.41680154388384 0 0.32436016711223
F1642_4 159 -0.103098819054052 -0.0739215464578099 0 0.0920770843337091
F189_4 159 0.40112967663947 0.145150249422558 0 -0.200066459495493
F2028_4 159 0.1725279105004 0.307219110078384 0 -0.855959820524456
F2504_4 159 -0.411558526311171 -0.306823987548463 0 0.517473557393697
F452_4 159 0.302736586088182 0.44037015086441 0 0.859606737079722
F547_4 159 0.662778646849302 0.727169921036916 0 -0.506543788182376
F944_4 159 0.0961386791478759 0.488103021806867 0 0.0754449300561906
M1130_4 159 -0.372343984855299 -0.3448123258381 0 0.565761467964629
M1349_4 159 -0.245167920695038 0.514057914305384 0 -0.335350949778249
M2472_4 159 0.42347686436631 0.427694365324391 0 0.789368176978382
M2623_4 159 -0.274062665055039 -0.261918455786892 0 -0.109930635348862
M2786_4 159 -0.213743181766849 -0.332175771068112 0 0.731051808530163
F1579_4 160 -0.122508130399904 -0.666514297416093 0 0.20718817712018
F2151_4 160 -0.628676578005182 -1.09803904816219 0 0.437467372863109
F2427_4 160 -0.663248518859345 0.322581255972787 0 0.418234748133053
F2477_4 160 0.29360909127 0.0655863537656535 0 -0.198358724482137
F2538_4 160 0.0758684011634496 -0.129903803189983 0 0.0795629493266698
F2717_4 160 -0.0220527474056127 -0.26863580366171 0 1.25184145262784
F30_4 160 0.386586812462501 -0.148668039864901 0 0.327773084883401
M1164_4 160 -0.073044069587525 0.336292633504722 0 0.0282872923182124
M2146_4 160 0.836547197477249 0.103077758731773 0 0.311693384668685
M2335_4 160 -0.0400607990514058 -0.182855712189701 0 0.605608974727835
M241_4 160 0.351553421693696 0.343296148906117 0 0.441668184081493
M2491_4 160 0.121251722297106 0.16190800596479 0 -0.338975299132275
M264_4 160 -0.247327306147224 -0.163610637408548 0 0.647817582347444
M871_4 160 0.266284128885367 -0.471346594798699 0 0.724925113162741
F1786_4 161 0.206899478708424 0.158652781417349 0 -0.241178564140357
F2247_4 161 -0.334762169731351 -0.826161623219396 0 0.9918985695843
F721_4 161 0.18564064217851 0.209664884189235 0 0.301420036466859
M1153_4 161 0.173269008680188 0.201857651676008 0 0.654374515143454
M1384_4 161 -0.0414306722795272 -0.158336091735276 0 0.233730598426794
M1444_4 161 -0.113952879823907 -0.436121220989128 0 0.0295484719435564
M1663_4 161 -0.330233761841417 0.624326017129408 0 0.63131714477822
M2323_4 161 -0.377215546095317 0.57795018577225 0 0.362011374338665
M2585_4 161 0.0901196140387523 -0.163549317336118 0 0.353208559866256
M2708_4 161 -0.518024817890391 0.172645438392244 0 0.0823552905291025
M519_4 161 -0.340663671919155 -0.455209635734588 0 -0.79199765930052
M767_4 161 -0.087064362410937 0.507096953226659 0 0.808538530975108
M821_4 161 0.108396560668375 0.642551035134594 0 -0.0283089264073933
M874_4 161 -0.489696374406445 -0.276866236798935 0 -0.0605334764262132
F101_4 162 0.163717161063807 -0.387309322269552 0 0.694864466663519
F1380_4 162 -0.249295104235332 -0.00346858921216475 0 0.486898498801615
F1431_4 162 0.254845978753641 -1.94134245595702 0 -0.0647956299659584
F1626_4 162 0.80921577946163 -0.152243835092823 0 0.114007574210993
F2122_4 162 -0.183447893086565 -0.504860357904415 0 -0.0128026906488048
F275_4 162 -0.313139175296955 -0.911352890689408 0 0.0388918773881859
F370_4 162 -0.200988860110171 -0.640616667115334 0 0.459736099051152
M1245_4 162 0.952044173800395 0.418903550688474 0 1.46246896799883
M2477_4 162 -0.421522833063896 0.527224993309722 0 -0.0258535325516053
M2743_4 162 -0.645017332823731 0.62049833173581 0 0.399872817772501
M50_4 162 0.434108466008599 -0.0731287881514318 0 -0.191972674602302
M63_4 162 0.0145237685016113 -0.371505927764736 0 0.401535800723964
M826_4 162 0.576446674648511 1.50564242698494 0 -0.196863052147751
M848_4 162 1.28936895855521 -0.501334333219059 0 0.472031146097061
F2533_4 163 0.629129300703175 -1.19965205534667 0 0.127127817557026
F609_4 163 0.494684814945677 0.0212605065153271 0 -0.367443748262333
F942_4 163 -0.0209703405285683 0.336750556854186 0 0.49146657487377
M1225_4 163 0.479555009079244 -0.481288751449405 0 -0.159491481959903
M1532_4 163 -0.238568048994824 0.480992764718914 0 0.312764543201842
M1955_4 163 -0.916064257189913 0.304060834412727 0 -0.411136722344415
M1974_4 163 -0.227232124146369 0.395979144590038 0 -0.182944220328206
M2619_4 163 -0.269293051425597 0.549403658177792 0 0.611341900767432
M326_4 163 0.579593967843801 -0.744706304320386 0 0.371212594595942
M529_4 163 -0.334300598816684 0.770366936749886 0 -0.525874069954372
M740_4 163 1.00803787962587 0.0194360766529688 0 0.176771921797797
M778_4 163 1.1773514144122 0.672531405325914 0 -0.37015486967893
M925_4 163 -0.650136791613332 -0.180811310035297 0 -0.630340394904802
M948_4 163 -0.133381690952542 -0.707689101258507 0 0.348454333103913
F1260_4 164 -0.0734035544937635 0.264295876876221 0 0.553000607184309
F1465_4 164 -0.42719814281484 -0.275097498352647 0 0.638634750181804
F1938_4 164 -0.709342837422915 -0.543164679390057 0 0.374903892492409
F793_4 164 -0.762291352926269 0.0906642590197183 0 -0.273835643272538
F80_4 164 -0.331453054744793 -0.01270944752654 0 0.102697053437914
F904_4 164 0.3571313392979 0.369371143537771 0 0.0565213398011347
M112_4 164 -0.379248905635593 -0.0557322830560577 0 1.16488503247507
M1133_4 164 -0.322914207299591 0.797396289876017 0 0.441872104220953
M126_4 164 -0.743352742594361 0.00309703447353105 0 -0.165287311288052
M1337_4 164 0.276395096436722 0.367631351276906 0 1.07157736230461
M214_4 164 -1.18112603841867 0.140925180341371 0 0.0598909509075471
M2413_4 164 -0.375363620432264 0.896222746633737 0 0.774360625807986
M2644_4 164 0.156031359864169 -0.0674171695104986 0 -0.151514351791302
M362_4 164 0.618286386209895 0.570569551243991 0 -0.188988115453377
F1049_4 165 0.164257718045554 -0.694507134996611 0 -0.256413726438207
F1326_4 165 0.394502892270465 -0.530551464261645 0 0.0483637166959892
F1848_4 165 0.109061149237061 -0.614036522088502 0 0.775277397870916
F187_4 165 -0.039286557166246 -0.491946521353796 0 -0.384353816620074
F1932_4 165 0.112331805271499 0.526709050971913 0 0.116657658226568
F2191_4 165 0.41894718169967 -0.339171297017604 0 -0.326006746616284
F42_4 165 -0.599494011925065 -0.683197811083948 0 0.721015104461393
M1193_4 165 0.329206186166107 -0.069415283934976 0 0.233001075239804
M2568_4 165 0.493025528821616 0.621431108052043 0 -0.0231887787149025
M2781_4 165 -0.0499256843726528 1.28171302587164 0 -0.389511633001455
M389_4 165 -0.603376660473644 -0.272972489693776 0 0.0526325312145766
M657_4 165 -0.393253093663575 0.325306840133767 0 0.0423352830495807
M803_4 165 -0.203742856320296 0.332683844733407 0 -0.130916414279715
M931_4 165 0.800868932143848 0.774329478977768 0 -0.560057514043217
F1071_4 166 -0.0580110233491493 0.135284662416626 0 -0.00909961417753535
F1107_4 166 0.632694166541439 -0.0460316272010634 0 0.283263740020231
F1294_4 166 -0.0254756130677185 -0.403580284808778 0 0.354917721162178
F1521_4 166 -0.000169986716172701 -0.085265685791109 0 0.217644537780727
F1771_4 166 0.829750501351081 -0.0101841347810092 0 0.0075141948175374
F217_4 166 -0.187077947139934 0.28165477035343 0 -0.451178398265123
F2499_4 166 -0.418329212704188 0.813416846091983 0 0.429295081481597
F535_4 166 -0.293014455511663 0.829605449865693 0 0.478018553502173
F828_4 166 -0.627305999028314 0.978458307263987 0 0.221570866241156
F934_4 166 -1.02983634546959 0.599593280190268 0 -0.721187303034531
M2550_4 166 -0.257243530320217 -1.1416753118173 0 -0.152843825238527
M454_4 166 0.152237446699567 1.19328441403614 0 -0.218570009467892
M952_4 166 -0.60418252553011 1.28515667927175 0 -0.991312083050684
M962_4 166 0.294124029922663 -0.138321565768228 0 -0.00536490780491333
F1202_4 167 0.914101697485526 0.193606536094879 0 0.479943258047043
F1232_4 167 0.44525735992373 1.05853373977699 0 -1.05037240390509
F1905_4 167 -0.299477419064253 0.0681738160041601 0 0.96461856275221
F225_4 167 0.424655944737647 1.50930158283743 0 0.330500475368964
F770_4 167 0.26819042711983 -0.589255051862194 0 0.0313009805078645
F832_4 167 -0.507918599325514 -0.676888819625952 0 0.825857117530304
M1223_4 167 0.449454805224255 0.106829783290914 0 0.337184526346593
M1271_4 167 -0.262866801002309 -0.460158826791061 0 -0.0498022574280101
M1517_4 167 -0.0377243365204432 -0.397431522538456 0 -0.709158926923001
M1678_4 167 -0.106624774588019 -0.639613800571619 0 1.05027181062097
M194_4 167 -0.253729741162475 0.0954135672979629 0 0.320074272183522
M1995_4 167 -0.65569608063982 0.198322298983808 0 0.1877340990685
M207_4 167 -0.0820365544255986 0.607451178759201 0 0.502346917884903
M2094_4 167 -0.638555205191427 0.309889260021418 0 0.102620803146217
F1321_4 168 -0.796903432623362 -0.606827763698245 0 0.614005753535183
F138_4 168 -0.716810298467022 0.0602115315880271 0 -0.573477560534387
F1450_4 168 -0.347169706967529 0.32089938156104 0 0.214304244270436
F1553_4 168 0.312409500173136 0.397207365969059 0 0.238875480932821
F1965_4 168 0.400684449137983 0.202916731034399 0 0.380771958078944
F1981_4 168 -0.36312413040579 0.214281983554401 0 0.0657677892584523
F2049_4 168 -0.0700621735996721 -0.664333926076739 0 0.648806235225804
F2183_4 168 0.88721408020506 -0.141596266461477 0 -0.188632168848939
F2785_4 168 0.419042028865105 0.437807850037832 0 -0.802908436510195
F531_4 168 -0.136379423097852 0.151862917661384 0 -0.123114134133778
M1391_4 168 -0.609355721596841 -0.177411684789641 0 0.725376569887521
M2090_4 168 -0.459863314628047 0.223298139917148 0 -0.0755533305077406
M2225_4 168 -0.491843264070582 0.361766545176836 0 0.806690704694321
M2443_4 168 0.250271098679496 -0.355304011038393 0 0.445895400166734
F1001_4 169 0.0699403142729004 0.45661326666254 0 1.40267217380788
F1291_4 169 -0.400064440525392 0.327108475771148 0 0.204450605145276
F1538_4 169 -0.44526949302586 0.229450752233102 0 0.797777719608466
F1689_4 169 0.404297764590125 -1.10916682512128 0 0.27731393682734
F1740_4 169 -0.140923789822159 0.330491570839565 0 -0.192840065017249
F1910_4 169 0.820498513154473 1.39397527264002 0 0.772687997379137
F2266_4 169 -0.539642810810172 0.819591519574766 0 0.270265859392564
F2675_4 169 -0.0373083261479714 -0.110755012157937 0 0.471655636693658
F465_4 169 0.274711809373181 -0.125126540726289 0 -0.386639346366673
F471_4 169 0.0018953599205251 1.01846098495189 0 1.45225615945457
M1142_4 169 -0.0147368229148226 -1.28425753729632 0 1.17086802782688
M2417_4 169 0.00841716065708696 0.206149351245518 0 -0.0728539742491583
M394_4 169 0.369758916078373 0.474703572788234 0 -0.35146222060005
M706_4 169 -0.184154527534588 -0.29609152317865 0 0.269294973888782
F1016_4 170 0.0122378455950742 -1.00228039905739 0 0.760925228791458
F1622_4 170 0.212797434434904 0.0707894966672113 0 0.0936496430222017
F250_4 170 0.525913271952268 1.03877602912275 0 0.306280148957357
F2796_4 170 -0.934771530530233 -0.465419177358453 0 0.621395528905751
F792_4 170 -0.297867981147764 -1.00510565719102 0 -0.128917908691964
M1503_4 170 -0.373647056072741 0.916470271707204 0 0.413915044984957
M1621_4 170 -0.834404371881844 0.00805256521095821 0 0.100887626783628
M1860_4 170 -0.45262046921123 0.0126693670433556 0 0.384435132437005
M1928_4 170 0.373126769080984 0.237812181441782 0 -0.582602994008594
M354_4 170 -0.222598958679858 0.941693475370462 0 0.568449009102452
M388_4 170 -0.0841628418741182 -0.301535696431824 0 0.447452566367901
M404_4 170 -0.0423048605765607 -0.0682925278657806 0 -0.215273563311484
M538_4 170 0.133374907306626 -0.199196433060123 0 -0.15766369266893
M957_4 170 0.32983205342708 0.244293216865845 0 1.3322996170158
F114_4 171 0.300280621163936 0.925343917012678 0 -0.164444644638707
F1367_4 171 -0.687389686144386 0.120541843175318 0 0.546423230768387
F1834_4 171 -0.293896369056843 0.224291965062869 0 -0.249970924065234
F59_4 171 0.111057283178062 -0.462541055136836 0 0.20472625226029
F803_4 171 -0.156946529390711 0.185836916921173 0 0.290492362099292
M1569_4 171 -0.0653457549394286 0.412554317850136 0 0.545324893278938
M179_4 171 0.187786641822562 0.190772595876114 0 -0.575834293059537
M2453_4 171 0.571595196130071 -0.513237271606015 0 -0.536897590660579
M2632_4 171 -0.111164969606062 0.212834167539679 0 -0.401279197231195
M301_4 171 0.461423702133823 0.176648071774191 0 0.808977023537939
M346_4 171 0.487658839554566 -0.424106939935042 0 0.462200334649102
M605_4 171 0.115710788243181 -0.634083832288676 0 0.230188890892828
M652_4 171 0.606954695504938 -0.805032247848152 0 -0.33558285728936
M856_4 171 -1.04889957435386 -0.394487424324214 0 0.0476394579721343
F12_4 172 0.43609164869052 0.32125400618747 0 0.289876921866017
F1566_4 172 0.0346894869107489 -0.505596076247687 0 0.983242721006637
F2197_4 172 0.0962431954299507 -0.311384757041003 0 0.499186989274276
F2428_4 172 -0.45582195568302 -0.0875614388990635 0 0.966338888788639
F2679_4 172 0.432886253434093 -0.241224454012805 0 0.0327907241002074
F767_4 172 0.485367030532629 0.30847032831443 0 0.34007423924042
M1036_4 172 -0.648859125903359 0.00519922074416201 0 0.611445253874897
M1471_4 172 0.145871375557271 -0.0134086048777624 0 0.74608620190532
M1483_4 172 -0.0696020119343594 -0.196917777900635 0 0.0481103839465361
M1785_4 172 -0.96509819967462 0.162594898010779 0 0.315872925026796
M1836_4 172 -0.0304264061563326 0.139840466878412 0 0.889985871996315
M2031_4 172 0.363370772619748 0.61284361200616 0 -0.0095700275965257
M210_4 172 -0.186584830743434 -0.140108462352773 0 0.265840531170124
M2583_4 172 -0.977728339773945 -0.432679714753954 0 -0.289588061704807
F1277_4 173 -0.079331344583707 -0.184283414123756 0 -0.326653066169863
F1717_4 173 0.909740967866211 -0.474715220954559 0 -0.527259455736747
F2048_4 173 0.0582159448281354 0.741517657521252 0 0.739613969620342
F2255_4 173 -0.218040631408165 0.656663465447827 0 1.23147208014006
F2274_4 173 0.403357038748837 0.467905283788697 0 0.131622777802452
F964_4 173 -0.21915903790192 -0.403945383296825 0 0.0393488291417149
M1138_4 173 -0.089237747425066 0.0332856526681361 0 0.518654649322015
M1290_4 173 -0.388583598663189 1.22646299023853 0 -0.0354213684812438
M134_4 173 -0.193069777260589 0.470381357027512 0 0.504664305505059
M1429_4 173 -0.152919292526327 -0.47012393253229 0 -0.586113544678277
M1523_4 173 0.232477102273829 -0.0601490244477028 0 0.217317704355169
M2073_4 173 0.393726718862971 0.416567559682911 0 0.460927925697252
M2126_4 173 0.116684589603637 0.595403694772491 0 0.489913481419115
M2329_4 173 -0.469281855909566 0.511379066215716 0 0.0771162191086003
F1141_4 174 -0.112926774557254 0.371583897918244 0 0.633546972014373
F1353_4 174 0.36930605951959 0.651873906576745 0 -0.200055759074078
F2060_4 174 -0.349222144667657 -0.232124773834096 0 0.847035391633042
F2309_4 174 -0.204838935884852 -0.116385200209599 0 1.04872060571685
F2421_4 174 -0.30489545236087 0.439098980278448 0 -0.508016158296182
M1006_4 174 -0.82567973995636 0.841845918459772 0 0.375740796302122
M1628_4 174 -0.533090995864325 -0.548586631446595 0 0.777056561614149
M1843_4 174 -0.0650966016365097 -0.289219510232409 0 0.0368011774480878
M1976_4 174 -0.24453338695251 0.553513295702881 0 -0.892774436293466
M2260_4 174 0.25537853733639 -0.64122774177678 0 -0.104804421580945
M2338_4 174 0.280213884549171 -0.64121693472813 0 0.221393973697812
M3_4 174 0.330957356456752 0.352447135077362 0 0.0351067775943854
M424_4 174 0.254071095199097 -0.165031108348195 0 -0.37873749007702
M693_4 174 0.259681471228691 -0.333858269538781 0 0.161101975101586
F116_4 175 -0.707910147887926 -0.299176101582152 0 0.324494635708328
F2083_4 175 -0.191160707846926 -0.846961025621555 0 0.360857559334891
F2384_4 175 0.163513257360026 0.040961652925619 0 0.526634823495115
F2577_4 175 0.804671634391194 0.0212305116294704 0 0.637399577765713
F416_4 175 0.37681816511216 -0.0836357427496917 0 1.2161700942257
F969_4 175 0.209427590460171 -0.497691945103497 0 -0.839325091179951
M1126_4 175 0.177805269194969 -0.404860712618212 0 0.361082793865746
M1405_4 175 -0.449378677483361 0.050286252956107 0 -0.381018198234485
M140_4 175 0.596099515741921 0.512412837820426 0 -1.09146768224234
M1850_4 175 0.403770031117436 -0.847556587986685 0 -0.67569972735732
M190_4 175 -0.46102194393883 0.027192521454355 0 0.501722569227191
M2001_4 175 -0.699442204258558 0.496161869076825 0 -0.97073716462239
M2270_4 175 0.818004725725223 0.689137614511762 0 0.447476265608387
M2733_4 175 -0.172135413929023 -0.272287344703096 0 -0.119015497848687
F1332_4 176 1.1609373279933 -0.0257042186061985 0 0.176206183199616
F1390_4 176 0.166320940901145 0.237189627029743 0 -0.0937590467029166
F1610_4 176 -0.391314529814906 0.236852066219817 0 0.509633725765834
F2062_4 176 0.311312052677595 0.593679793995481 0 -0.047825865070079
F2265_4 176 -0.23716314897517 -0.283259231340019 0 1.00195112769595
F259_4 176 -0.177853468947368 -0.228704067781637 0 -0.425621191395136
F3_4 176 0.516941554862824 0.69091619074585 0 1.01714661064784
F448_4 176 0.71072893008088 0.327830183287139 0 -0.37997620855578
F901_4 176 0.0390063183557597 -0.601790160701906 0 -0.184210722626917
M1312_4 176 0.0896124290086234 0.333887995928131 0 0.740732004382383
M1875_4 176 0.0128951726552064 0.348182136588533 0 0.50000770198269
M2366_4 176 0.0151160453133868 0.323812589462626 0 -0.138996462424487
M2518_4 176 0.300670718762041 0.747115796067974 0 0.0642982646165456
M341_4 176 0.655509221611123 0.0875051529175638 0 -0.595393276025229
F1072_4 177 -0.0455974391227291 -0.0909670975575302 0 -0.134126123359693
F1516_4 177 -0.187168655693145 0.315557682739162 0 0.558350775660592
F2035_4 177 -0.331312010165325 -0.56381240290534 0 -0.476314927512531
M1986_4 177 0.0781921561143661 0.615829997159974 0 0.550798261679627
M2054_4 177 -0.0868105412904598 -0.047711140956574 0 -0.413317195937735
M2098_4 177 0.86851877279937 0.0959116595173241 0 -0.371942023961374
M2364_4 177 0.290216102481341 -0.368506561247599 0 -0.118107451457754
M2371_4 177 0.104161055643724 -0.0506735624176436 0 -0.261238447274877
M2450_4 177 -0.110675121327121 0.539060601200565 0 0.999855468614696
M2701_4 177 -0.476809128987732 -0.943840392065631 0 0.038151547926172
M274_4 177 0.187168906572383 -0.219316868534848 0 0.22542799101391
M585_4 177 0.550405156831318 0.411815690676404 0 0.686261519296585
M91_4 177 0.0649538508155086 0.208199915421379 0 0.892591420889323
M978_4 177 0.052267127037624 0.255206785776772 0 0.383576515837448
F161_4 178 0.44453998278745 0.685514916475808 0 0.473492670709602
F1658_4 178 0.298329147217511 0.3778107942642 0 0.799232112105767
F1_4 178 0.0711236142963588 0.386249143791979 0 -0.012287910214537
F2080_4 178 -0.547363800200618 0.075577128467768 0 0.296285381610463
F2328_4 178 -0.0123382170088199 0.531317575096269 0 1.12697771308021
F500_4 178 0.258647670234127 0.275522185966063 0 -0.0209240738896145
F600_4 178 -0.90772219828496 -0.623699586967042 0 0.875010809258766
F762_4 178 0.00233890845850683 -0.368903793796975 0 -0.472395765307067
M1903_4 178 0.0732676463560024 0.710651542086283 0 0.495111892453978
M2224_4 178 -0.55780951489564 -0.14601038607278 0 0.46835006645411
M2441_4 178 0.338870634240961 0.0930179075928025 0 -0.676791820617455
M2527_4 178 0.467540491574219 0.675297790321996 0 -0.234410889178767
M439_4 178 -0.221311298857666 0.5634987105363 0 -0.0444942003339273
M880_4 178 0.0536899108036899 -0.1714330379654 0 0.231681374902634
F1225_4 179 -0.246214992651117 0.0765564142269961 0 -0.243585949717417
F1489_4 179 -0.124108971718736 -0.404401960334813 0 0.459698955582734
F1845_4 179 -0.276229078809864 -1.00975326443271 0 -0.496309387493001
F1896_4 179 -0.599274268092821 0.47790487950699 0 0.479501078691935
F2318_4 179 -0.131306463556509 -0.213651058431093 0 0.268432569032898
F2571_4 179 -0.798189173552238 -0.216491146786489 0 -0.295698003587473
F2787_4 179 -0.00498424694640288 0.193431549231476 0 0.412376248780494
F475_4 179 0.306725074035857 0.568597567665182 0 0.486400192713642
F859_4 179 0.413840535691755 -0.0409742940977744 0 0.126703513866106
M1508_4 179 -0.427370894584859 0.361647332499008 0 0.327044404238436
M2307_4 179 -0.0617386850774601 -1.4366907256169 0 0.125869739325676
M2699_4 179 -0.210032917094739 0.697192540852197 0 0.453624884628824
M2728_4 179 -0.0900491270823243 -0.263454271355897 0 0.537554363720118
M940_4 179 -0.184539020819608 -0.29615003001598 0 1.13396083492529
F1656_4 180 0.594677275307649 0.767186165465661 0 0.470693993083853
F2496_4 180 -0.343762177112895 -0.5592928620253 0 -0.155451653095424
F276_4 180 0.42998164387066 -0.154606168675278 0 0.514206829855228
F541_4 180 -0.211461873134968 0.0291022978259343 0 -0.0417086850080635
F7_4 180 -0.0488137139503182 0.0492686128752079 0 0.214704853403953
F998_4 180 0.217902200957569 -1.08668532803168 0 0.147117631825049
M1112_4 180 -0.565058051866277 -0.989743704162465 0 0.0597538896625633
M1347_4 180 0.0295530174589346 -0.928477987237271 0 0.0804455350783118
M1724_4 180 0.097258314844005 0.303887278403063 0 -0.362397718206511
M2525_4 180 1.02687430389848 0.00372808730341123 0 0.287675474659647
M2558_4 180 -0.0144180314531672 0.0523246729692118 0 -0.279264458823261
M2634_4 180 0.395995761640907 -0.210007299560552 0 1.05156742774344
M419_4 180 0.199960590547115 0.239462924575932 0 0.105557314221804
M873_4 180 0.34771354637653 0.702264109918268 0 -0.202918727514818
F1729_4 181 -0.094128852108463 -0.546332837004456 0 -0.103467877106924
F2591_4 181 -0.464240114067728 0.53739037980818 0 0.764184430624252
F2740_4 181 -0.34654328973753 0.427538442809335 0 -0.168056947574475
F2795_4 181 -0.268822696453492 -0.0893084876856848 0 0.241682410158411
F311_4 181 -0.177497789803815 0.174747730309174 0 0.0509326153561345
F755_4 181 -0.664059701831732 0.895057220351467 0 0.16122997041144
M1269_4 181 -0.0616884410685291 0.331027205339779 0 0.196959648698944
M1515_4 181 -0.257250748364396 0.209921340001229 0 -0.265215757016225
M2024_4 181 0.103998546989361 0.32717400689756 0 0.197248329375078
M2133_4 181 -0.111022966830586 -0.753153305230623 0 0.34250598677651
M2277_4 181 -0.122372170237598 -0.234123421393913 0 0.708538633116912
M2641_4 181 0.0805263877623399 0.69799528143858 0 0.00624234920043953
M374_4 181 0.279112381642387 -0.515662366333503 0 0.250770362375458
M762_4 181 -0.253580494771321 0.142590395060631 0 0.748990703061768
F1216_4 182 -0.658775936646329 -0.184837974254878 0 0.30733182655165
F1304_4 182 0.881001926954091 -0.331981187812603 0 0.454107251112481
F1500_4 182 -0.80836512465202 0.420919854386638 0 -0.0246982188057076
F165_4 182 0.0361272853402423 0.151646634618165 0 0.61900018403339
F2661_4 182 0.733464734566241 0.417653269134073 0 0.617268394522689
F432_4 182 -0.233490757789788 -0.303539746972731 0 -0.0255007067454439
F812_4 182 0.282197393985898 0.272738126195955 0 -0.167066369413549
F854_4 182 0.168197940572621 0.718064871843021 0 1.11296211429453
F864_4 182 0.68056775065514 -0.384944278505606 0 -0.0271978085346405
F908_4 182 0.614060968465045 0.966789442916325 0 0.936804937874124
M1182_4 182 -0.420997544481946 -0.787455221730686 0 1.01955195636083
M145_4 182 -0.214515296438003 -0.189757610056809 0 0.296408781503995
M1945_4 182 -0.0918740145743644 -0.499378516083813 0 -0.121505522937654
M429_4 182 -0.0805758132557152 -0.806341104097774 0 0.225258036231381
F1646_4 183 -0.204098498762465 0.0274141095084726 0 0.593193089586333
F1793_4 183 0.217967338717542 -0.61735637549806 0 -0.321679172315884
F2150_4 183 0.0874147984191291 0.627563855743716 0 -0.321470862145945
F2376_4 183 -0.145412574339015 -0.758648450832798 0 -0.62067286878193
F910_4 183 -0.253004351754932 -0.0205048541835526 0 0.442304663557222
M1146_4 183 1.21194433716224 0.84284417173982 0 0.57713883651228
M1873_4 183 -0.0301729634035802 -0.399612099053913 0 0.238295850293854
M1991_4 183 0.462155621291364 -1.44468177705841 0 0.241142568111343
M2034_4 183 -0.277613853170867 0.643307692959327 0 -0.319657490076169
M2295_4 183 0.200112424781199 -0.9083230022626 0 0.494016701841186
M2581_4 183 0.352510283635121 0.0835704870357418 0 0.128356227722219
M518_4 183 -0.307817477944551 -0.618652582420442 0 -0.0512376356593788
M666_4 183 -0.401931961488292 -0.169131302897824 0 0.549273005171031
M831_4 183 -0.501182113245112 -0.0676937732309948 0 -0.762008927645646
F1178_4 184 -0.28215998442075 -0.512789577148603 0 0.481785944147431
F1507_4 184 0.263897083326605 0.888292895023192 0 0.41935979074245
F1719_4 184 -0.0183636684002078 -0.063157678071031 0 -0.253383442596528
F2380_4 184 -0.557391305022796 0.250791459656652 0 -0.18938007091821
F48_4 184 -0.563515157074167 -0.0858211537483504 0 0.363544878886752
F743_4 184 -0.64003090926673 0.365353856797475 0 0.152089845790526
M1344_4 184 0.844499514503239 -0.484043595384583 0 -0.0404772557735415
M1357_4 184 -0.236845115411255 -0.274876272134355 0 -0.279134029259436
M1512_4 184 -0.646473961795502 0.1600484447397 0 0.323437716565919
M1665_4 184 -0.628500550777736 0.192589529470499 0 0.320584147171435
M1933_4 184 -0.545529217882192 -0.959201838204535 0 -0.211041518040843
M2334_4 184 0.606351080108403 -0.110701311377141 0 -0.0329851265094883
M2606_4 184 -0.737930515973583 0.166953788148981 0 0.678495737961071
M2675_4 184 -0.422079193397791 0.496109140166136 0 0.108067868591908
F1534_4 185 0.748906460898642 0.371662867889275 0 0.0411211493779996
F1568_4 185 0.00111616005725361 -0.26848575627693 0 0.119109574502953
F1599_4 185 0.0317467398062499 0.676647271766683 0 0.483876216640188
F1670_4 185 -0.518092986254428 0.528714210952791 0 0.0988386579467463
F190_4 185 0.716836046952516 0.242284233429737 0 0.287162830354939
F1936_4 185 0.313836686552676 0.0679344596353392 0 -0.400715696714739
F2424_4 185 0.267028054510583 0.840690950177806 0 0.563160182170104
F685_4 185 0.525133521660042 -0.38193198735457 0 0.54595297978855
M189_4 185 0.289226891478327 -0.559067636600321 0 0.345232589753058
M193_4 185 0.759461601124963 -0.285421496229256 0 -0.192124895985929
M1970_4 185 0.0354471566395844 -0.168863050278064 0 0.15731676413888
M2431_4 185 -0.266499202285624 0.111497113537227 0 0.620773475821945
M511_4 185 0.43487213935721 -0.771122144054313 0 0.427509434507658
M974_4 185 0.65952250759112 -0.0624404166435463 0 -0.103962335424362
F1849_4 186 0.203671165304634 0.466471519528991 0 -0.0791609792993848
F887_4 186 0.290288196075568 0.117130859026532 0 1.03872805104304
M117_4 186 -0.266138822191115 0.44508629919946 0 0.0497183218692612
M1335_4 186 0.159705431805521 0.193906826516877 0 0.587203769978337
M1394_4 186 0.497757668834609 -0.509040532322235 0 -0.620591387568801
M1649_4 186 -0.224619076287734 0.0928030608318013 0 -0.217475093422336
M1901_4 186 -0.107106183062112 -0.0433573632280788 0 0.658368965664928
M2108_4 186 0.0950579943011669 0.2399298131495 0 -0.415135091563486
M2150_4 186 0.4425279006753 0.756085485644835 0 -0.218369402057018
M237_4 186 -0.484245821548213 0.0929843956280682 0 0.11105353300748
M2384_4 186 0.172097903737447 -0.298097049809151 0 -0.25102699253928
M2552_4 186 -0.647425471900476 -0.833955028413311 0 0.312371357427807
M2603_4 186 -0.245144355169418 0.665480981281798 0 -0.0927567735757209
M701_4 186 0.0418997503720726 -0.0683296316763979 0 0.532675752746503
F194_4 187 0.994835515022854 -0.321421934194106 0 -0.115922982726132
F335_4 187 0.458503432793268 0.183319853530969 0 -0.295336447818206
F565_4 187 -0.343883921345861 0.717566971077031 0 0.610058054493584
M1117_4 187 0.282389208624314 -0.926658210384919 0 -0.023582813260016
M1304_4 187 -0.124417924259645 -0.496800630300033 0 0.106559481461008
M1701_4 187 0.413038441855164 0.235157987089871 0 0.492474561621997
M2029_4 187 1.20949457406224 -0.417535074590785 0 -0.0996166612200491
M2229_4 187 0.556832595264742 0.0697760867918311 0 -0.430772202655634
M2322_4 187 -0.249609678573488 0.41568507836945 0 -0.0588946548777046
M2534_4 187 -0.0723892836523919 -0.121624085728954 0 -0.805901305566761
M351_4 187 -0.436277085545387 -0.0284463993926607 0 0.326937860214337
M395_4 187 -0.719704706652352 -0.796146496090043 0 0.0466288799517953
M839_4 187 -0.608984546946506 0.418639068042744 0 0.174698515799766
M951_4 187 -0.0223344756096128 0.757809741435284 0 0.126517591075594
F1135_4 188 0.137484412591499 -0.141858277639632 0 0.40629683973153
F1561_4 188 0.193824184194884 -0.289878543596326 0 -0.179428428751091
F1684_4 188 0.4762714120698 0.377081598512376 0 0.0254150688518023
F1738_4 188 0.548063465795079 0.0288626853568293 0 -0.0533323913016874
F1991_4 188 -0.540213231005396 -0.409483078521521 0 1.02581586303753
F2100_4 188 0.626204607289121 0.244041811542447 0 -0.139597482607873
F2260_4 188 -0.31997966764657 -0.032992864667158 0 0.241458320219258
F2413_4 188 -0.75524479430753 0.455498546690245 0 -0.677507223280901
F2678_4 188 -0.0954237528813568 -0.404875393755193 0 0.114488905865191
F2732_4 188 0.548874851228146 -0.0272307618216248 0 0.614731920023595
F493_4 188 -0.789907362209003 0.391118928483891 0 0.626883131128095
M1516_4 188 -0.814937316196926 -0.576165111948903 0 0.153603696131842
M1851_4 188 0.102601113082895 -0.240831456707341 0 0.303592976980678
M622_4 188 0.149977951930446 0.358113928657986 0 0.308881716894503
F1031_4 189 0.151900303778333 0.722231874054443 0 -0.359530558782974
F1149_4 189 -0.0540706264723977 1.02585487377964 0 0.958816766383707
F1163_4 189 0.774847889566804 0.168000877746461 0 0.334024884610422
F1647_4 189 -0.219397943719572 -0.547113731991751 0 -0.190510376315016
F2152_4 189 0.020474804845499 0.772842604944043 0 -0.242967364534816
F2602_4 189 -0.0902072215998925 0.760824590506582 0 0.68784179296491
F363_4 189 0.243768456589317 -0.444159063896261 0 -0.534690480657513
F805_4 189 -0.0986705618470008 0.103922689342674 0 0.083884784132097
F980_4 189 -0.896615479746804 0.695985489886843 0 1.00717796635645
M1549_4 189 -0.0581685734292988 0.677465116886935 0 0.558214125455252
M1921_4 189 0.535309997880098 0.178753035827006 0 0.312161189710523
M2654_4 189 0.1070726672441 -0.525646138790173 0 -0.378626272426728
M2767_4 189 -0.453943694522503 -0.0858466058699918 0 0.0407767895497338
M497_4 189 0.735249868123152 0.0214058731753892 0 -0.743999221450613
F1175_4 190 -0.167751767050064 0.130989615881882 0 0.612479487827344
F1415_4 190 0.108826175881705 0.0724353601421054 0 0.599936092667015
F1515_4 190 -0.518142623115577 -0.387989351977877 0 0.314244144170917
F2102_4 190 0.104253340345689 0.496335054843982 0 1.01152556728308
F2296_4 190 0.667600312192731 0.731245111689155 0 -0.0505703057699839
F421_4 190 0.713229457720814 -0.495609500139102 0 0.163125262884617
F458_4 190 -0.469770904112785 0.495446565477753 0 0.13606680005027
M1001_4 190 0.481796899756976 0.676626544465294 0 0.533317057067068
M146_4 190 -0.645199789976752 -1.81130386734627 0 -0.073187799559091
M2532_4 190 -0.300096571069618 0.243769748806992 0 0.0213643734260201
M535_4 190 -0.242505548304341 0.648037635144029 0 0.701810868263123
M550_4 190 0.366876826684739 -0.37236457168331 0 0.0395090293912143
M59_4 190 -0.0192912988763775 -0.0800519645472421 0 -0.579277757255521
M804_4 190 -0.21809536161192 -0.686262282377098 0 -0.0915563462010678
F1102_4 191 -0.189389164212784 -0.581195643854641 0 0.585174689502154
F1987_4 191 0.411865998385058 0.648100918625932 0 0.337400772694145
F1992_4 191 0.13841176146565 0.19605866301271 0 -0.01233381182983
F2132_4 191 0.511653140519458 0.326319872906909 0 -0.476285523935974
F2462_4 191 -0.873128087825329 -0.192948548219504 0 0.789977701919579
F601_4 191 -0.386586903424363 0.825454799700652 0 0.0855662286524827
F703_4 191 -0.322677221553259 0.489380345810188 0 -0.154673963265337
F876_4 191 0.414208868606269 1.22414832508019 0 -0.790898342983819
M1248_4 191 0.719399604340153 0.454951148766116 0 -0.11256014298387
M1554_4 191 0.170471911827751 -0.136516908805614 0 -0.115490455513244
M1_4 191 -0.208863827070943 -0.35761633724967 0 0.189942823227187
M2710_4 191 0.142873642040879 -0.408087524688101 0 0.345706434720503
M77_4 191 -0.265635309844885 -0.221971935841527 0 -0.16173866652938
M801_4 191 -0.0199530134574074 0.561834793812002 0 0.289528847494981
F1061_4 192 -0.0899349550041387 0.210758592933973 0 1.02014268345298
F1142_4 192 -0.15771964823348 0.22108043157677 0 0.141511869963648
F2144_4 192 -0.373882669262466 -0.25028021749126 0 0.6494059568141
F2495_4 192 0.306863314865867 0.230479638274146 0 0.270398000003809
F2752_4 192 0.0759630529254399 -0.732549635299251 0 0.248305511876605
F62_4 192 -0.304604759946906 -0.486908519388988 0 -0.317265289936548
M1197_4 192 -0.0578024331935059 -0.388687907992935 0 0.727167418956457
M1505_4 192 -0.211491136284597 -0.650058297653233 0 1.16334298260822
M1767_4 192 -0.214288546349473 0.337727332861592 0 -0.544427020674433
M2421_4 192 0.594876557174491 -0.0886011218788098 0 -0.0968761447668323
M2484_4 192 0.0768504392386247 -0.280965359868745 0 0.544956628824585
M636_4 192 0.35471839336107 0.554865822656531 0 -0.0285696054634377
M755_4 192 0.385133902322496 -0.147069629309415 0 0.168293470221296
M790_4 192 -0.550114111884131 0.529002724088805 0 -0.181822294402873
F1254_4 193 0.453422075781448 -0.0588252762846848 0 0.223215744964854
F125_4 193 -0.440529473872899 -0.627069231945835 0 -0.493662205107823
F1306_4 193 -0.0126931443313927 0.281314728031825 0 -0.00615927714375886
M1007_4 193 0.667206222743062 0.196940378002857 0 -0.115825105702398
M1107_4 193 0.441779243135312 0.837993082304267 0 -0.637148926011775
M1408_4 193 -0.30491364598714 0.358890712901448 0 -0.260742931254689
M1477_4 193 0.104130812005244 0.150496301769966 0 0.371330435088657
M198_4 193 0.184503089204848 -0.769137617183248 0 -0.130554082488433
M2216_4 193 0.546095933367847 0.107411781144088 0 0.381978243837312
M2422_4 193 0.126029171280997 0.663084440784896 0 0.465211770478753
M2741_4 193 -0.958132073635403 -0.276811246439745 0 0.106923735864301
M2768_4 193 0.181875255894784 0.651297366519655 0 0.784037160286335
M295_4 193 0.40097669832046 0.154605444152944 0 -0.051551685344091
M613_4 193 0.190565782179959 -0.684486794267998 0 -0.000152272335739778
F1443_4 194 -0.21693504501853 -0.63097237182829 0 -0.120152816886013
F199_4 194 -0.655141080538437 -1.02011004480627 0 0.351956405350032
F2147_4 194 -0.29589774352031 1.10936247583989 0 0.200835070076571
F603_4 194 0.0161616277446231 0.109111605743607 0 0.320132957309394
F715_4 194 0.676141776045527 -0.34011203690116 0 -0.10757548853343
F939_4 194 0.189877204147862 -0.0572655759236541 0 -0.80467151041638
M1008_4 194 0.034691878789793 -0.279616350722519 0 0.253987151628023
M1319_4 194 -0.545196403072483 -0.108449566160256 0 0.752917454791667
M2010_4 194 -0.390994584821248 0.460253711866833 0 0.139731920906202
M2343_4 194 0.287118821127974 0.126905636026189 0 -0.0654621456135286
M2574_4 194 0.400797959047229 -1.46156208506055 0 -0.148699318602698
M2696_4 194 0.455954852085135 0.329210872534333 0 -0.39122402218711
M642_4 194 -0.328055679333689 -0.396505986364924 0 -0.0988636947911264
M768_4 194 -0.998544568921384 0.495841645073733 0 0.123641126484742
F1751_4 195 0.0592911101341039 0.0923292977420672 0 -0.697570428347804
F2455_4 195 0.214028548193506 -0.222858112677081 0 0.845580189466645
F2543_4 195 0.321655674766297 -0.120887991341714 0 -0.166222058737299
F2556_4 195 -0.455857582636044 -0.47114635320663 0 0.299372166319921
F273_4 195 0.0473931340529597 0.654417161886879 0 0.0802599334918802
F379_4 195 0.442986818099794 0.754626833048784 0 -0.0404264641078896
F381_4 195 -0.464298303571446 0.1314256134487 0 -0.182874711957694
M1294_4 195 0.0226561102163289 0.553105085536281 0 0.34256803944093
M1604_4 195 0.423010581368708 0.0220296665521905 0 -0.934587699905171
M2416_4 195 -0.23389801068442 0.223615009639483 0 -0.0847905623378573
M2706_4 195 -0.232258388975132 -0.0375379993698609 0 -0.746419483338234
M380_4 195 0.111671955330969 -0.0104642207521419 0 0.257998724579294
M806_4 195 0.457468769336947 0.22039087163096 0 0.0569607161209104
M999_4 195 -0.0373763622087847 0.187574230310635 0 0.508596925990979
F1236_4 196 -0.559778816489605 0.0265723274634166 0 0.120716730198988
F1680_4 196 0.217162773339266 -0.0647545835974299 0 -0.619470778554719
F1746_4 196 0.226501525704456 -0.162178027019554 0 0.003131241015155
F1765_4 196 -0.395849982549257 -0.0884855684869144 0 0.301559518448934
F1863_4 196 -0.135426412091176 -0.112628921736407 0 -0.17226608213522
F212_4 196 -0.364876985989754 -1.11088437836019 0 0.131784418890312
F2568_4 196 -0.577007703559235 0.292547185951262 0 0.0180139022738517
F2731_4 196 -0.397130860066094 -0.0629814664139813 0 -0.00826199395506544
F730_4 196 -0.156829022689221 0.117805911534473 0 -0.363263092489959
F769_4 196 -0.486175277482026 -0.312510944098215 0 0.365434282951031
M2244_4 196 -0.128984558542871 0.0535383041648054 0 0.120964506214162
M2361_4 196 0.104391255957398 0.368102346926834 0 0.691451070278427
M242_4 196 -0.264527464224708 0.195773077960722 0 -0.217884590438072
M315_4 196 0.15953256613761 0.63491842198585 0 -0.102973299975861
F1191_4 197 0.0739683626652378 0.571845071997859 0 0.0859745659371726
F1428_4 197 -0.908979497810538 0.298157166272276 0 0.218655994023911
F1583_4 197 0.0723750854946718 -0.912395206176054 0 -0.181416172594582
F1629_4 197 0.578733542830805 1.39865663997361 0 0.234655475742245
F2344_4 197 -0.369022973245215 0.745114200772765 0 0.418345317132742
F813_4 197 0.448860569322919 -1.5212434412718 0 -0.0984052291170604
M1527_4 197 -0.139762015470143 0.39333255439799 0 0.381886344588892
M1613_4 197 -0.281172892373731 -0.398593032606108 0 0.800154251422709
M166_4 197 -1.18923898831712 -0.576570234058816 0 0.177857372730485
M18_4 197 -0.0860049986367015 0.347141284526542 0 -0.363332438947261
M1958_4 197 0.141428279916425 -0.263658367258721 0 -0.281383311132494
M26_4 197 -0.776957703109113 0.26103690348794 0 -0.0530830982688837
M312_4 197 -0.455600005107712 0.537425184320995 0 0.0739069517053222
M632_4 197 -0.847893400058935 -0.246855403295535 0 0.932095310607895
F1025_4 198 -0.576323705833761 -0.184571647653918 0 -0.103672180418859
F1316_4 198 0.225692576821633 -0.0128849611492723 0 0.580524430075792
F1364_4 198 -0.464317612386782 0.174416274456977 0 -0.312778195572695
F1403_4 198 0.297741977404835 0.658158997663761 0 0.675517612909559
F151_4 198 -0.5996950665081 -0.571223817639507 0 0.126889380031132
F1859_4 198 0.382432103784897 -0.110323079279364 0 0.301667956498428
F507_4 198 0.807818094889993 -0.588961602572222 0 -0.481622633802169
F777_4 198 -0.169654312610784 -0.753664734997156 0 0.133520133503736
F932_4 198 0.0201026798425851 0.187051337594823 0 -0.707912448213049
M1181_4 198 1.18769206059076 0.0444395653532021 0 0.837778480867452
M1399_4 198 -0.265676376996164 0.182053259663809 0 -0.155062623427065
M1531_4 198 -0.154027175390803 0.101041787254067 0 0.495989858920157
M2134_4 198 0.189989442797864 -0.856457187957634 0 0.440269032668562
M2791_4 198 -0.0817846336049657 0.535038939282673 0 0.107593959795994
F1295_4 199 0.463080327747506 0.530101849814184 0 0.853340297093977
F142_4 199 0.230838714156711 0.518116814274101 0 -0.626286772776605
F1613_4 199 0.570355054812929 -0.764441899246075 0 -0.117753115963332
F1795_4 199 -0.0491088652869765 0.393905211727746 0 0.14806943200452
F2464_4 199 -0.989216974014267 -0.14163904697515 0 -1.05896099445714
F523_4 199 0.173301576477488 0.638172810428391 0 -0.237451959624743
F877_4 199 -0.271775335335212 -0.253089666832755 0 0.336607535258855
F924_4 199 0.172175952086991 0.338924440276457 0 -0.582202500709843
F954_4 199 -0.803016619113872 -1.28698253701189 0 0.422675661089164
M1046_4 199 0.393313606358326 1.34624252942047 0 -0.474230746885145
M2278_4 199 0.421380890110415 -0.118645618418119 0 -0.0688419811933398
M246_4 199 0.288890049100997 0.0584821009489356 0 -0.476012239005087
M2713_4 199 0.564001246298243 0.350688055268757 0 -0.279706769240678
M915_4 199 -0.138716520995225 0.0106417953334438 0 -0.335955805894084
F1344_4 200 0.154193471750819 0.643021022028009 0 0.471705257477871
F158_4 200 -0.550496415862757 -0.225980770357869 0 -0.0222818089125365
F179_4 200 0.185051145055046 0.736904306746022 0 0.130216825484424
F1857_4 200 0.0437571381852408 -0.304537289247375 0 -0.165808186332593
F2055_4 200 0.544623449229155 0.569525757514708 0 0.73553408824608
F2446_4 200 0.226966894655678 0.51966825465882 0 0.20932767501185
F2469_4 200 -0.723135499674775 0.0595755021384899 0 -0.52388165642361
F2569_4 200 -0.835020657605504 0.0109350663955839 0 0.294086127512953
F2585_4 200 -0.20786964493612 -0.52904662603237 0 0.267821060596541
F855_4 200 0.519975047449123 -0.958333491175468 0 0.375487150877374
M2123_4 200 0.0282554475796589 -1.21803339177202 0 0.163294294672795
M2327_4 200 0.0530564509322767 0.0671934108161151 0 0.101373881810718
M581_4 200 -0.290826089289821 0.0247236425809549 0 1.00262066531332
M897_4 200 0.481922549365374 0.198805608706323 0 -0.273667330464176
F1208_4 201 -0.0598071909410056 -0.64559814405592 0 -0.165944040026144
F1228_4 201 -0.63917383896541 0.297158779388732 0 0.47011449698656
F18_4 201 0.969833603363667 -0.0839871448302437 0 0.0848900028346958
F2159_4 201 0.297126419514812 0.669039339415381 0 0.123055559738826
F2390_4 201 0.446786998230464 0.146718064530594 0 -0.337608060978027
F2759_4 201 -0.213844063323965 -0.133204461554657 0 0.139814401128671
F322_4 201 0.149886219429676 -0.69484221650142 0 0.697637141030131
F499_4 201 0.385585725979947 -0.165032158522698 0 0.27817906484382
F869_4 201 0.198508512841644 -0.0343148402936886 0 0.282664521759196
M1287_4 201 -0.0817441044254378 -0.0835360869604082 0 0.627833658924534
M1490_4 201 -0.873663939071183 -0.636324701765772 0 0.514650058917042
M2636_4 201 -0.411229804378953 -0.506468818171012 0 -0.884920412543101
M2657_4 201 1.0143234531115 -0.0767941312187008 0 -0.563212033766551
M481_4 201 -0.560069907923293 0.010410298103424 0 0.493668596047939
F1211_4 202 1.02683157159718 0.0523954517087568 0 0.560333235821521
F1535_4 202 -0.246228558108057 -0.466814227385778 0 0.517687993643791
F1773_4 202 1.06457026433151 0.888089423229717 0 -0.62630511090378
F2165_4 202 0.851694506409086 0.0220923093894274 0 0.995388364570217
F470_4 202 -0.829409880131919 0.082914376470936 0 -0.180146980223075
M1371_4 202 0.346451824713466 0.105756307902393 0 -0.000187065769854222
M1431_4 202 0.263625248787293 -0.292608339700492 0 0.0789369551946878
M1454_4 202 0.104075145357692 -0.122486070076065 0 0.261702657240936
M1679_4 202 0.0344763634136652 0.565706433741552 0 0.226411476342874
M1999_4 202 -0.935265692134957 0.85822703659955 0 -0.00731803963870958
M2203_4 202 -0.244103859452645 1.31370099703457 0 0.239275497610357
M2344_4 202 -0.0598116684253141 -0.0589340455974927 0 -1.13530868467712
M541_4 202 -0.212486130500071 -0.132605316935638 0 0.592801889118405
M609_4 202 -0.328481277167452 -0.669280590060349 0 1.14356131047039
F1902_4 203 -0.251600522416123 -0.378368614532049 0 -0.51840760949954
F2071_4 203 -1.01171045185786 -0.382896807639458 0 0.314334050282145
F299_4 203 -0.076289222740044 0.70719809260185 0 -0.198004280544858
F392_4 203 0.434144152191341 -0.424446408920943 0 0.272613484314473
F424_4 203 -0.17153014323268 0.708381073532748 0 0.75426199478671
F456_4 203 -0.427916069634937 0.452685034483283 0 -0.306759020876743
F610_4 203 0.702162454631345 0.564439768235417 0 -0.454404974271358
F845_4 203 -0.879690832404557 -0.202164972687519 0 -0.735699991474339
M1643_4 203 -0.617400979901543 -0.365009032265077 0 -0.123328912384044
M2239_4 203 0.432973548147208 -0.0360116834990188 0 -0.998364466019233
M2742_4 203 -0.631088310431536 -0.303383973083926 0 -0.429723781949755
M437_4 203 -0.0037737305281204 -0.499815309257468 0 0.615999750178594
M580_4 203 -0.256775604957059 0.148701012185656 0 0.37435746649983
M673_4 203 0.204695220936542 0.197045461596547 0 -0.465408061815324
F1293_4 204 0.244326308157375 -0.0206925929878445 0 -0.0548473015041029
F1755_4 204 -0.696083478490581 -0.0829637120729113 0 0.174171167798941
F180_4 204 -0.241105056440801 0.18839720783927 0 0.403330550297122
F2109_4 204 0.24041318412906 1.22769742827334 0 0.0615935098532913
F2273_4 204 0.376790083759036 -0.133966703134432 0 0.666984023241829
F537_4 204 -0.189333373994877 -0.743288287579814 0 -0.0470318723101247
F849_4 204 0.843687290993119 0.163093653490322 0 0.339507770728392
M158_4 204 0.667661615834385 0.535945519705513 0 -0.136405778778181
M1594_4 204 -0.443544368650467 -0.469578299491577 0 -0.232032611076062
M1893_4 204 -0.307290336654353 0.513982353803628 0 -0.0309002025213257
M2313_4 204 -0.228288074934743 0.348192527136772 0 -0.318655346676851
M537_4 204 0.436605694413536 0.364580683997298 0 0.75643058679371
M659_4 204 0.540973725881575 -0.0638963060966827 0 1.00740265623746
M884_4 204 0.22215835668628 0.232489115690172 0 -0.0725664574522772
F2239_4 205 0.0678139609339637 0.0391210678379547 0 0.465467896445685
F241_4 205 0.0458246613603728 0.850228456915773 0 0.269282756789157
F2741_4 205 0.044898601447691 0.122133143370546 0 0.464375512142406
F660_4 205 0.411206637241084 -0.0980225311649743 0 -0.515477623296721
F732_4 205 0.247749301306126 0.676408350677813 0 0.700694349319505
M1307_4 205 0.608382705506833 -0.478781809483154 0 0.46832893406754
M1390_4 205 -1.21949250246996 -0.426869102141309 0 0.73211633814254
M1470_4 205 -0.288183349133571 -0.147217313584585 0 0.593462287616289
M1713_4 205 0.267405556359832 0.968163568665918 0 0.601843660120949
M1739_4 205 -0.170803849069222 0.214734172817127 0 -0.388241184497847
M2155_4 205 -0.0497823804029468 -0.144996771237558 0 0.0329347959512786
M2433_4 205 -0.0217146651902446 -0.220709125286079 0 0.359263161998968
M2470_4 205 0.0943196599106963 -0.0214590632024474 0 -0.828087274982989
M523_4 205 -0.555337739355853 -0.138242753754557 0 -0.399529546069886
F1381_4 206 0.312983025519236 -0.267540173858279 0 0.371625697124705
F1993_4 206 -0.116016834547265 -0.977099731260585 0 0.493620552744138
F2037_4 206 0.161014258533853 -0.226323197268909 0 0.599693091550651
F2775_4 206 0.137022589927092 0.570136542285888 0 0.0764346004860433
M1403_4 206 -0.4402878535772 -0.912263852481748 0 0.711949203796504
M1682_4 206 0.866253018308351 0.83999507779558 0 0.476321867089883
M1686_4 206 0.212502262017509 -0.350778045067443 0 -0.695054597494106
M200_4 206 -0.112263249893338 -0.859415216916568 0 0.0829871609295946
M243_4 206 -0.270455147232663 -0.433353219570329 0 -0.121460486747782
M2609_4 206 0.163643209471996 0.482804465179044 0 0.271836214402784
M2626_4 206 -0.467385086771954 0.0301693130727618 0 0.0972325151332817
M2692_4 206 0.0207070140913868 0.185652462975573 0 0.845848336907315
M2707_4 206 0.303351844287054 0.279556374590804 0 -0.0871714602462533
M684_4 206 0.177886789769935 -0.596437939607806 0 -0.0589369735750657
F1700_4 207 -0.66507587944908 -0.889703210071476 0 0.599311544969733
F1868_4 207 -0.39030626353866 0.0635744568569983 0 -0.467768421215187
F2090_4 207 0.431153474782513 0.168019301771938 0 -0.17230904937673
F2329_4 207 0.23056136812357 0.21077544188066 0 0.223030992347765
F328_4 207 -0.405847831988299 -0.467738527878583 0 0.610370640434299
F774_4 207 -0.349568291993237 0.317031240981702 0 -0.76404631172602
F837_4 207 0.189036739447396 0.357967646225439 0 -0.276106876572961
F871_4 207 -0.14183707079981 0.310031028941501 0 -0.216710107865275
F991_4 207 0.186947783573157 -0.508435368428238 0 -0.279460688907742
M1430_4 207 -0.121508229212007 -0.642734238687491 0 0.660752082036485
M1652_4 207 -0.19875429711502 0.671071594257793 0 0.474874088820261
M2369_4 207 -0.358284975450606 0.592864709781052 0 -0.229738598817597
M414_4 207 0.507789285660653 -0.0337178698838642 0 -0.119961664777599
M840_4 207 0.00620966924602742 -0.54206748527258 0 0.216509906438594
F149_4 208 0.663470894242987 -0.251557320322141 0 0.725110958645825
F2099_4 208 -1.13444178080327 0.397553882371596 0 0.25329054752256
F2199_4 208 -0.133619046659988 0.0595264959389514 0 0.0611446805880249
F2237_4 208 -1.04396716323541 0.331069967241289 0 -0.241561991112036
F2435_4 208 -0.171112266642269 -0.499399669526802 0 0.21268555816176
F2601_4 208 0.188566579970049 -0.0302902663354512 0 -0.216393985528404
F2704_4 208 0.925334837853096 -0.216475958588589 0 -0.326308078947843
F2736_4 208 -0.389693488447449 -0.589693983478765 0 0.36771659303609
F2797_4 208 -0.677188376364277 0.069454340526782 0 -0.346765601258191
F611_4 208 0.425316403619657 0.305549514145029 0 -0.123382282610422
M1041_4 208 -0.154728381982382 1.10719029119217 0 -0.0185425710541929
M1054_4 208 0.459433571517619 0.528666965986778 0 0.364744708996497
M143_4 208 -0.0904072820109373 -0.188977910733427 0 0.826277354797373
M816_4 208 -0.278015644270777 -0.515989161013345 0 -0.0152367386036709
F1130_4 209 -0.241899171207572 -0.140089918504887 0 0.217442073429159
F1517_4 209 -0.0215940426184337 0.0496377726747733 0 -0.00746162392008159
F1941_4 209 -0.326403850948872 -0.317390322817471 0 0.430727735976103
F2155_4 209 0.93266949304209 0.199739519755274 0 0.703820760830746
F215_4 209 0.0150741635290682 -0.110927698463762 0 0.0506231058534342
F867_4 209 -0.37086786774339 -1.20346698770671 0 0.90502193609676
M1179_4 209 -0.134264530823552 0.401402916257075 0 0.0055594039699613
M1336_4 209 -0.140544790902554 0.0913503031067373 0 0.642857264359951
M1350_4 209 -0.391867357927844 1.47469468609795 0 0.784003636796496
M1627_4 209 -0.666373534310032 0.48419906708793 0 -0.0940366444542049
M1940_4 209 0.153811128961342 0.071955824609772 0 0.854522926851745
M2074_4 209 0.756242479891638 0.629816706246342 0 0.0720511628662687
M2088_4 209 0.267815187032904 -0.168341228064179 0 0.308349716374202
M2210_4 209 -0.389734466091375 -0.122643807456596 0 -0.353518273333666
F1075_4 210 -0.134717445976093 0.242702078361014 0 0.305365617319889
F1401_4 210 0.922315074978208 -0.310801009517517 0 -0.501024788405724
F1424_4 210 -0.014081381699225 0.016316279670011 0 0.467755202525751
F1511_4 210 0.0436709953192552 -0.411342488542112 0 0.893029554717591
F521_4 210 1.40468812539679 -0.148616025188522 0 0.0850627646571375
F643_4 210 0.408276292331386 -0.535204705688407 0 0.194897469518724
M1293_4 210 0.0221999084323142 -0.116147449222822 0 0.381368764418397
M1422_4 210 -0.0119086059567804 0.15151062233627 0 0.886513683298528
M1553_4 210 -0.339889229151464 -0.0359854795099731 0 1.26281424318266
M167_4 210 -0.465950114806051 0.692586925175262 0 0.220227413009869
M1714_4 210 -0.364776810772519 -0.385732670131736 0 -0.291493901464193
M1884_4 210 0.0120087386657926 -0.0382259097285049 0 -0.362493663823587
M2442_4 210 -0.231562183481885 -0.282196661884786 0 -0.450360757742071
M654_4 210 -0.275188641354695 0.848059168493296 0 -0.120678772325504
F1209_4 211 -0.847661820845294 0.142326142036147 0 0.537170728799157
F1237_4 211 -0.131126363423875 0.246912254803171 0 -0.198201407087854
F1466_4 211 0.620393110342231 -0.153053926179188 0 0.873844478007593
F1580_4 211 -0.0707333387062347 0.359939720678256 0 -0.362912781873319
F1955_4 211 0.425271522153904 0.700312026624991 0 0.526830471640206
F2005_4 211 -0.179962500881233 0.00600475355837993 0 0.576396010763205
F2029_4 211 0.529916383851992 0.385816033023269 0 -0.256768336160818
F2535_4 211 -0.454360851350958 0.414235308749566 0 -0.478944342322521
M1188_4 211 -0.534782405860345 -0.185310148706791 0 0.61918403206435
M1646_4 211 0.624535306053017 -0.231277549125929 0 -0.293455139921794
M2249_4 211 0.448986879989896 -0.295964217556227 0 -0.247640637024713
M2253_4 211 0.331711815757565 -0.342223657144871 0 0.485576523758291
M321_4 211 0.680553727446241 0.804766122272921 0 -0.266246528589936
M422_4 211 -0.229276387453286 -1.31502416491495 0 0.525973646384608
F1181_4 212 -0.193921294038555 0.185715304416249 0 0.219722848483838
F129_4 212 0.260939320936681 0.493293864088725 0 -0.0201562877818713
F1414_4 212 -0.698395056720821 0.443771879653887 0 0.44660588976906
F1825_4 212 0.478116879637685 -0.0897071911997739 0 -0.581365354515323
F2281_4 212 -0.531413685452731 0.31648805764338 0 -0.382559395840992
F2324_4 212 -0.589370096813696 -0.328666247771891 0 0.0513889300336863
F2517_4 212 0.0268027188361253 -0.375358590553564 0 0.70897894908499
F2728_4 212 -0.0244429140842883 -0.167499317803132 0 0.419866541607271
F512_4 212 -0.264168330597581 1.15534126919998 0 0.236056772161875
F91_4 212 -0.0247928537477165 0.666042234929503 0 0.24079435935548
M1285_4 212 -0.129483205322052 -0.124010588464314 0 -0.174060122537801
M1737_4 212 0.220857828580418 -0.283866390336621 0 -0.394376339247462
M2393_4 212 0.493651299163421 0.282782214191676 0 0.120348764730737
M2697_4 212 0.548010875690586 -0.0411272826313456 0 -0.352110307327846
F1505_4 213 -0.1736532682374 0.513130625825501 0 -0.745610432170873
F163_4 213 0.0624185514117398 0.199290697896707 0 0.649666770429781
F1657_4 213 -0.341566392019366 -0.0525630978839254 0 0.669320182136212
F1667_4 213 0.412471879136087 0.427958357679716 0 0.597362341454895
F2694_4 213 0.659539325045792 0.379610023015672 0 -0.0414869093308985
F2780_4 213 -0.233604154484934 0.447851613553166 0 -0.222438525236432
F464_4 213 0.253202999908084 0.347255036707466 0 0.217476718210793
F962_4 213 -0.11310260713497 0.237562192144204 0 -0.810857550018877
M1237_4 213 0.633440663859074 0.090090856955778 0 -0.718669077383394
M1703_4 213 -0.544270316685812 -0.168994789153094 0 0.978321024439875
M175_4 213 0.73580237581256 -0.127652376298468 0 -0.0385142427801604
M205_4 213 0.160768468372377 0.0517504348606743 0 -0.0393698056851149
M486_4 213 -0.107418524728124 0.292819529182391 0 0.296471159037514
M765_4 213 -1.00886718822776 -0.00786214105734506 0 0.0797220761870275
F1039_4 214 -0.92645293318018 0.795234784225287 0 -0.0395902523922484
F1614_4 214 0.0892759586460802 0.135351887903907 0 1.18101810497034
F1777_4 214 0.377728046233584 -0.67599508809191 0 -0.644821066286253
F1816_4 214 0.262197618677028 -0.257402417389027 0 0.264447451873006
F1914_4 214 -0.149812134816266 0.257178688884166 0 0.164989156999584
F2196_4 214 0.0515890377295789 0.83313622980029 0 -0.397328131988752
F367_4 214 0.880624715251749 0.376254218703246 0 0.00301302206917847
F52_4 214 0.231882645751696 0.478610585198914 0 -0.939175677448737
M1537_4 214 -0.482214651167889 0.428693887975823 0 -0.187359974257829
M2529_4 214 0.626586102610671 0.507483930747542 0 0.200002217786411
M2586_4 214 0.95816593932595 0.116538395752221 0 0.422261939044214
M299_4 214 -0.56818890960571 0.218205712022118 0 -0.342856089615795
M443_4 214 -0.829662088265297 0.718993867993635 0 0.41100769172313
M554_4 214 -0.186337601446431 0.213425664537611 0 0.478493271387863
F1200_4 215 -0.145304595971335 0.0482619231369221 0 0.612237290473549
F1221_4 215 -0.12437116645445 -0.0722117379963887 0 0.0820945698062926
F1409_4 215 0.20770586958665 -0.4643473686947 0 -0.148306978119905
F1713_4 215 -0.280120195741435 -0.389720985232738 0 -0.149433202748307
F2224_4 215 -0.393058094292574 0.418196231715542 0 0.213298685407922
F2769_4 215 -0.433531865150353 -0.608646755678765 0 0.109482514524932
F356_4 215 0.625027521536825 0.335232363874967 0 -0.578899323644029
F848_4 215 0.375438652928819 -0.1798379570589 0 0.699917807391203
M1538_4 215 0.440453945601947 -0.202161117429236 0 -0.281548237729325
M2032_4 215 -0.256002060953146 0.201713794403289 0 0.710773245267265
M2184_4 215 0.135983891237584 -1.64098388464915 0 -0.348724833367134
M28_4 215 -0.447005531445848 -0.428312139314733 0 0.134554233057661
M688_4 215 -0.146513553758792 -0.400130415293337 0 1.1024157304982
M900_4 215 -0.172127355644077 -0.373618735170277 0 0.305435103389936
F1499_4 216 0.487215600208252 -0.153317683914684 0 0.105557858935353
F1770_4 216 -0.0533236931847261 -0.16555498410212 0 0.442794567364618
F2621_4 216 0.0179657603240403 -0.140051715234482 0 -0.127640631680467
F629_4 216 0.076631673457448 -0.747864301779961 0 0.701254719294406
F667_4 216 -0.00499446589663992 -0.705395274094493 0 0.350313925886689
F95_4 216 0.247866401542769 0.0722160981598683 0 0.529892705507024
M1877_4 216 -0.0620505194034527 -0.62461567749409 0 0.516862207183357
M1915_4 216 0.233440679871426 -0.256477363178639 0 -0.277227239010109
M1978_4 216 -0.465675225695807 0.500394995770019 0 -0.375832542140178
M1987_4 216 0.229044052190091 -0.734384564321725 0 0.157695891883016
M2341_4 216 0.210155477892859 -0.0953490484735053 0 -0.259015976190908
M265_4 216 0.311386646219166 0.964563827019388 0 0.0925375964355913
M2738_4 216 0.514299970963182 -0.183996465072691 0 -0.570452757662767
M382_4 216 0.355009503976133 0.262231938018017 0 0.112000514382998
F1032_4 217 0.522787863373263 -0.879967799256393 0 -0.0681659849423492
F1199_4 217 -0.605459478257543 1.11270469010453 0 -0.491145724586505
F1222_4 217 0.512322991354824 -0.296266738147438 0 -0.337313962996599
F1226_4 217 -1.06848727259533 -0.869278756261488 0 0.578927489805096
F1632_4 217 0.237706959188983 0.815822172884093 0 0.237394171505886
F2546_4 217 0.122916950929847 -0.164522967375783 0 -0.146187032233856
F591_4 217 -0.897801111477254 -0.0702859941510431 0 -0.384249455909864
F649_4 217 0.581832098080437 -0.0271717127517786 0 0.329169251347456
F759_4 217 0.0443578590171097 0.287816387372851 0 -0.19569435597252
M1002_4 217 -0.413289278082593 -0.197747916066849 0 0.277326732745804
M1840_4 217 -0.296201701792567 -0.443534523799153 0 0.048164208072569
M2317_4 217 -0.179638636112473 0.417870655853544 0 -0.163228944130125
M769_4 217 -0.253823560843691 -0.710094706378348 0 0.448249863943394
M911_4 217 -0.0501179259869756 0.56680507572759 0 -0.313830192800716
F1133_4 218 -0.980080834671761 0.503402620964979 0 -0.3813817310349
F1258_4 218 0.351694131107379 0.678318703638428 0 0.63055949081787
F1274_4 218 -0.692737902809376 0.273812739907615 0 0.14480231895083
F1314_4 218 -0.39131238331036 0.627340062941065 0 0.167909565348518
F1447_4 218 0.404312589562525 0.264882639938287 0 -0.015800498583572
F168_4 218 -0.441820079507888 0.45552602543487 0 0.68310826174937
F1754_4 218 -1.1806833420921 0.127024347433528 0 0.376889623595652
F178_4 218 -0.576808952942917 0.640161004046039 0 -0.486825182779486
F2502_4 218 -0.300741393595023 0.481595563743037 0 0.1850664851118
M1325_4 218 0.167900426957636 0.271774516819711 0 -0.0609452703993838
M1417_4 218 -0.515557080795487 -0.683784203251342 0 -0.124703587716807
M1658_4 218 0.0843345571797911 -0.089262259297328 0 -0.283563148198838
M2122_4 218 0.269657338855603 -0.245690602580632 0 -0.413029639045087
M2709_4 218 0.204658953724362 0.415781999289733 0 0.563826517225225
F1083_4 219 0.772915637090562 0.275251307249125 0 0.420899148591417
F133_4 219 -0.537713478757729 -0.0620907421971548 0 0.85918905858188
F2061_4 219 0.21626998280346 -0.242798248305286 0 0.376585933230158
F2211_4 219 0.617038077786695 0.26657167579534 0 0.291620638371866
F2597_4 219 -0.0526308355413122 0.0509767760067719 0 -0.578248375600033
F2697_4 219 0.783864480252292 1.03675034949291 0 -0.0384458897877202
F494_4 219 -0.739400579250291 -0.486926580751827 0 0.762742211177441
F975_4 219 -0.302970150827783 -0.0703271904800287 0 0.224729228540445
M118_4 219 0.230091398521757 0.290696170802689 0 -0.0603900092700096
M1339_4 219 -0.621653511906716 -0.7352353434934 0 -0.384690519544042
M1400_4 219 -0.344486000022053 -0.34953911531712 0 0.960727194840798
M2467_4 219 -0.984116934266245 0.403381056312431 0 -0.269381608748967
M488_4 219 0.442244972117845 0.904359589167288 0 0.045402951882107
M62_4 219 -0.30440837538999 0.175349126122003 0 0.49784076688014
F1086_4 220 0.247889122932777 0.24458485574439 0 0.0306614013586449
F1158_4 220 0.218237086423826 0.602923825172682 0 0.10293777104842
F1539_4 220 0.0254802977222807 0.166051210824018 0 -1.06002404460273
F1753_4 220 0.09567407760024 -0.445175091285093 0 -0.107307991882929
F1867_4 220 0.332027792485862 0.88306016791367 0 -0.577226168444312
F1899_4 220 -0.100856475392502 0.0158268431484644 0 0.30613966198031
F2303_4 220 0.0912379999890651 -0.263563816781264 0 0.360383205886963
F2326_4 220 0.0659428427612616 0.315605365175599 0 0.189433378309417
F2491_4 220 -0.144191763207966 0.259079381785282 0 -0.443606750753923
F2655_4 220 0.335957489170379 -0.305614977343774 0 0.741761409520916
F2748_4 220 0.39771584278027 -0.862541548609022 0 -0.934484933166325
M1735_4 220 0.745910322005442 0.5572532145856 0 0.0781358181294383
M2247_4 220 0.44639034170554 0.16929248190579 0 0.97073975158855
M2667_4 220 -0.37790591074965 -0.778715935933422 0 0.696764086099972
F1109_4 221 0.424773299129495 -0.122715566319157 0 -0.261417878303685
F1528_4 221 -0.378057588530907 0.268988243675548 0 0.0148642489790632
F1598_4 221 0.295681916633158 -0.658062942732985 0 0.158345711647163
F1963_4 221 -0.0359027749626112 -0.0937542868007415 0 0.213575142712396
F2131_4 221 -0.3078674936688 -0.135423434650112 0 0.793695111307775
F2225_4 221 -0.495563779271287 0.584745387334759 0 -0.228019314171816
F2350_4 221 -0.147188819843891 -0.689633459029506 0 0.0943887059984976
F2674_4 221 -0.14204595250938 0.166966615718884 0 0.948562382124235
F472_4 221 1.29015734089296 0.961978153282047 0 -0.999827422472738
M1061_4 221 0.497610044019604 1.19808387100823 0 -0.379059569956909
M1565_4 221 -0.148675447532757 -0.158002410887254 0 -0.12394469646275
M1616_4 221 -0.936264601465455 -1.28560948884908 0 -0.434229149971209
M2711_4 221 0.310474144837187 -0.0406350945809761 0 -0.183316538574615
M530_4 221 -0.746303646942141 0.459943902422292 0 0.174316732053279
F2043_4 222 0.411106005427204 0.489433679293352 0 1.05501432904807
F2559_4 222 0.41888596813991 -0.222361312338142 0 0.249930089225134
F2737_4 222 0.709254571521793 -0.229390346049876 0 0.151889582411929
F286_4 222 -0.277003894228299 0.171605868017812 0 -0.256004822033669
F390_4 222 0.870047968073675 0.193361499885518 0 0.76287986614733
M1013_4 222 0.0500453521315689 0.177805207054741 0 0.433719113118188
M1217_4 222 -0.178757633159991 0.149303970794395 0 0.257916260291779
M1688_4 222 -0.399435692532548 0.520146829405375 0 0.450409911538486
M1758_4 222 -0.514901653591379 -0.615143453033573 0 0.625934009420751
M2582_4 222 0.161189929165507 -0.21565750684655 0 0.61345119115607
M277_4 222 0.475340948592194 -0.0639453768854947 0 0.0254277091728056
M319_4 222 0.767119628537911 -0.0709103603411149 0 -0.213835403407782
M408_4 222 -0.258232515664627 -0.0890983241760526 0 -0.124577030480892
M886_4 222 0.0086378896346342 0.641677178455103 0 0.801565951927105
F1056_4 223 0.246597607127644 0.244349201975296 0 -0.454313117466946
F1550_4 223 0.199285894398637 -0.322555273315509 0 0.177205641873372
F1928_4 223 -0.16261774235405 0.691100276216989 0 0.67795271356025
F1990_4 223 0.100437433842983 0.443059143225942 0 -0.20036575312778
F2175_4 223 0.134501851404036 0.129390497350775 0 -0.219145432691502
F2245_4 223 0.0451062769388935 0.646552892809965 0 0.728015384709932
F2611_4 223 0.900479808895464 -0.522602894550175 0 0.00438456081797139
F539_4 223 -0.490543043586309 -0.159387692340631 0 -0.221974126671547
F735_4 223 -0.581891679297684 -0.156287769043682 0 0.18234687526541
F797_4 223 0.425563521684176 0.680384153331482 0 0.00435216011692685
M1257_4 223 0.427982822471632 0.131800465351538 0 0.0132162101786431
M1449_4 223 0.38350110034193 0.185033766679811 0 0.298933410882904
M2683_4 223 -0.698581038410289 0.858318261266707 0 0.299464655106366
M318_4 223 0.981951144729392 0.0366855290513286 0 0.204415359074282
F1105_4 224 0.199904239082096 0.0972400393382507 0 0.830858243573576
F1506_4 224 -0.680844266099404 0.33682093615814 0 -0.0422425128966314
F1781_4 224 -0.276938286561992 -0.932648077553167 0 -0.554709598797384
F1821_4 224 -0.128558507711478 0.24612944343899 0 -0.463000208830738
F1903_4 224 0.0343192022750521 0.5400847165366 0 0.256694344650071
F2032_4 224 -0.136080896431928 0.705073653459472 0 0.185436715572445
F2095_4 224 0.295580514837423 0.574417561886679 0 0.769646623931284
F2262_4 224 -0.063264065388397 -1.54141179803724 0 -0.518231825252759
F672_4 224 -0.219460684567612 0.665020053315089 0 0.155723381489179
F707_4 224 0.112484427642497 -0.920368812693821 0 -0.00860326902219588
F957_4 224 0.951478760143904 0.795775805710641 0 -0.148656658457022
M308_4 224 -0.585964715824639 0.482498026319241 0 -0.149775423963277
M907_4 224 0.0374190930976186 -0.352707836353112 0 0.10082931285517
M916_4 224 0.0920912873979434 1.37798043027936 0 -0.129916986153009
F1276_4 225 -0.461967330804186 0.0153834724717374 0 -0.185003560377771
F1593_4 225 0.286343668313232 -0.139952984427798 0 -0.390152436668905
F1735_4 225 0.29439010573987 0.0259957071133137 0 -0.156309814779159
F640_4 225 -0.157687904324451 0.00378382205301209 0 0.060914551658094
F690_4 225 -0.461651336476313 0.328377420505969 0 -0.368163139598417
F738_4 225 -0.458289912909114 -1.17220588350584 0 -0.356805326509917
M1096_4 225 0.133774386053304 0.22117183927842 0 0.543426510365482
M131_4 225 0.0800146214339842 -0.0960386123669114 0 0.600738124554797
M1614_4 225 0.59547664263887 -0.766250845148045 0 -0.274120155299532
M1722_4 225 -0.105449372078723 -0.133167668203611 0 -0.139832221701994
M1733_4 225 -0.225600900949386 -0.245034134547124 0 0.256241149126302
M1913_4 225 -0.165726567891769 -0.975869228111759 0 0.124231308425482
M254_4 225 -0.429079302704527 0.17658135500567 0 0.860906285362401
M2656_4 225 -0.141726729958772 0.608145965797661 0 0.256931037640408
F1519_4 226 0.254574430028029 0.228049860061768 0 0.356181857650702
F1943_4 226 -0.821805754246552 0.232527562047723 0 0.199168637342721
F2160_4 226 0.124881591453639 0.256625403185242 0 -0.0103820748967196
F2479_4 226 -1.2220863397572 -0.423617825722022 0 0.058312252172467
F633_4 226 -0.660368774726648 0.0349237255217369 0 0.202269037982765
F782_4 226 0.155456575246888 -0.10973651747178 0 -0.242918774735388
F958_4 226 -0.738791701281332 0.563184207238499 0 -0.289933581728948
M1120_4 226 0.34246214815769 -0.946351146586855 0 -0.393012299525237
M1246_4 226 0.0923797695704945 -0.402730651418727 0 -0.817466952055985
M2259_4 226 0.176318815565503 0.357128829138323 0 0.087107010273301
M2286_4 226 0.30320689019882 -0.934830866870418 0 0.123088627053085
M30_4 226 0.168097300612142 0.668587436396117 0 0.301590416279067
M430_4 226 0.0591137510287456 -0.0682360985889726 0 0.0100727261339226
M890_4 226 -0.109565457707627 0.390762237335806 0 0.996912504089604
F1044_4 227 0.0801140478997097 -0.375014009142794 0 0.163207055245582
F1529_4 227 0.143386887048394 -0.0211509661114705 0 -0.290457665006401
F191_4 227 0.209026295607961 1.19522685463297 0 -0.448810763624401
F2123_4 227 0.131504390943212 -0.451880646820456 0 0.957567707612625
F2530_4 227 -0.100138047143862 -0.18569833802841 0 0.245602587361575
F520_4 227 -0.0156717808646974 -0.698075899483584 0 -0.285132370639912
F573_4 227 -0.703296692718649 0.13029382610258 0 -0.381300853167866
F833_4 227 -0.20182272829431 0.599573594180075 0 -0.176059767727135
M2052_4 227 0.966669090170144 -0.330382435896577 0 0.445176373283795
M2611_4 227 0.535491565629693 -1.07418500575912 0 0.792636657994742
M67_4 227 -0.0816394959885693 0.328687947345643 0 -0.632596619986164
M681_4 227 0.408389584802659 -1.09505925074608 0 -0.62221330091994
M760_4 227 0.317345714052918 0.183161227453345 0 0.904710989533586
M791_4 227 -0.305815329016204 0.403246404798628 0 -0.53864522631544
F1159_4 228 -0.334302848689148 -0.133468480638905 0 0.315949622932543
F1187_4 228 -0.434711990495187 1.16261798084872 0 -0.0752901575653281
F1669_4 228 0.135039426005425 0.871914808280127 0 0.603063678974497
F2290_4 228 -0.387971857956055 0.2843749990624 0 -0.0385427330903728
F2341_4 228 0.131329343860246 0.639147645601272 0 0.600483239841723
F2342_4 228 0.652118379503975 0.00864217708503279 0 -0.759047113124804
F745_4 228 0.158706623904213 -0.049894200437597 0 0.329359856793591
M1114_4 228 0.0897458447437391 0.0857444814712972 0 1.13993070363703
M1286_4 228 0.102423788046663 -0.361817246460667 0 0.00320146917424308
M1710_4 228 -0.470980867397289 -0.283139318620925 0 -0.886433360646545
M2390_4 228 -0.251130890138489 -0.859554545222398 0 0.833635984854129
M2740_4 228 -0.252832174563148 -0.598707075810147 0 0.180147777119336
M876_4 228 0.173710731008851 0.166819577646967 0 -0.530171170101909
M922_4 228 -0.38238208960401 1.23628755051438 0 0.759768734604431
F1333_4 229 -0.144108375172203 -0.544862493586745 0 0.719703174223685
F1652_4 229 -0.000395832544592176 0.312230101647732 0 -0.255672697416119
F1853_4 229 0.0748525869194024 -0.68658355869079 0 0.262868669117486
F2004_4 229 0.225540994771175 0.974516894995442 0 0.245868865505851
F2580_4 229 0.526724988191137 0.949101177864113 0 0.216692034757963
F2771_4 229 -0.28366585627502 0.607987716163304 0 -0.405014825218996
F27_4 229 0.342443414515034 0.415921344146841 0 0.904621941955038
F310_4 229 0.0435551140556022 0.223899800135532 0 0.557643674588477
F903_4 229 -0.0586846853187575 0.075484274892755 0 0.18726512248042
M1149_4 229 0.777774618004039 0.253730788592229 0 -0.0330322505473281
M1644_4 229 0.329328483973221 -0.583740043397178 0 -0.0454102600336684
M516_4 229 -0.070780999023604 0.121654956464199 0 0.189013327573614
M655_4 229 0.291827290357072 0.141202541187034 0 -0.408081157915408
M727_4 229 -0.19271524846846 0.00623084962069098 0 -0.121131649882718
F1621_4 230 -0.524177532029622 -0.0192054603499295 0 0.336958376923914
F1820_4 230 0.0685047136266373 -0.28344077359298 0 0.196990033818496
F1822_4 230 0.369450750570213 0.0698331117227272 0 -0.0592246119546049
F1826_4 230 0.197614627854046 -0.198596945927478 0 1.03109543269965
F2505_4 230 -0.567548383725576 -0.316865038384026 0 -0.366256873214226
F2745_4 230 -0.717211687581359 0.0202507241520714 0 -0.284538655760405
F28_4 230 -0.780955465523145 -0.228434019639945 0 0.621396484367885
M1011_4 230 0.0286917408198378 -0.486620201503084 0 -0.642803041418203
M1231_4 230 -0.992643213167175 0.110175432987356 0 -0.142054458405842
M256_4 230 0.538909507444712 -0.655480813329616 0 0.820367880242358
M2703_4 230 0.542895701789991 -0.219295480091788 0 0.657697743500921
M862_4 230 -0.359727409121082 0.19126555417439 0 -0.264549502033587
M866_4 230 0.512222795697432 -0.129358869107299 0 0.729664200422796
M932_4 230 -0.383982276306934 -0.0942470884694929 0 0.784865492386125
F1080_4 231 -0.121445958647417 0.179719685475955 0 -0.400083856935732
F1171_4 231 0.352582968374622 0.727287061175743 0 0.267456630237555
F1671_4 231 0.173708865218534 -0.201882813221963 0 -0.517202178359784
F2474_4 231 0.5939469746443 0.384810551840946 0 -0.566547570343539
F316_4 231 1.2216060808618 -0.555647848061906 0 0.603903068417113
F599_4 231 0.524178081933556 -0.0664637742974943 0 -0.11049687942128
M1272_4 231 0.490175511455278 0.217470839834078 0 -0.417559224582395
M1308_4 231 -0.00415545264728892 -0.582381603633074 0 0.132848100765671
M1602_4 231 0.521576819185874 0.55496904577849 0 0.282899956761637
M2140_4 231 -0.627885745841422 0.265001733980325 0 0.549027562623828
M2172_4 231 -0.534988220233585 0.40170362905802 0 0.167253008309785
M2187_4 231 0.867125090158305 -0.277766684110724 0 -0.415813790382628
M32_4 231 -0.790660818490402 -0.61033331166571 0 -1.00700811471353
M861_4 231 -0.25641678943223 0.420349124403691 0 0.367141525927529
F1634_4 232 -0.864918592368235 -0.251058261558467 0 0.727600529323034
F2343_4 232 -0.295896841765007 0.361364121536451 0 0.561719991032893
F2445_4 232 0.145721577149639 0.4882114370119 0 -0.142940089909498
F262_4 232 0.264213051447586 -0.487674985084344 0 0.82909725580989
F2738_4 232 0.166088527290243 0.820535348699105 0 -0.154503126409043
F787_4 232 1.16538151129779 0.16336568256413 0 0.106284476856656
M1300_4 232 0.0265790254962883 -0.568464425107482 0 0.349638308032992
M1338_4 232 0.279922743853263 -0.0939440301792858 0 0.582356800403685
M1680_4 232 -0.12987079487415 -0.433068025025922 0 -0.820962266854708
M1943_4 232 0.896844816169762 0.230073415685488 0 0.437335743087213
M2241_4 232 0.231697838604588 0.229531664380069 0 0.087304012283119
M2681_4 232 -0.393419439390297 -0.120061182967046 0 -0.220471673425763
M432_4 232 -0.320798410292188 0.860942890603602 0 -0.237015550706239
M970_4 232 -0.406361609108036 -0.600199578854312 0 -0.0542903645308755
F1540_4 233 0.105010103509826 0.164434744636981 0 -0.5195820914658
F1730_4 233 -0.467922297283209 -0.0248909323821876 0 -0.143795887154158
F1877_4 233 0.00746456550009207 -1.84939698813122 0 -0.196884849919865
F2181_4 233 0.617066327862674 -0.369159331173987 0 -0.179997672894623
F2400_4 233 -0.124570044366316 -0.392443961200492 0 0.526575578546609
F666_4 233 -0.285855053440291 -0.0820570749129883 0 0.169951888069721
M1033_4 233 0.214997318308629 -0.260984128433676 0 0.0329826303177208
M1588_4 233 -0.147444348035628 0.281735413172428 0 -0.646128338954986
M1932_4 233 0.0897440272903841 0.00327540999130771 0 0.488585148531856
M2154_4 233 -0.699020538824346 0.752845124703192 0 0.963995632191819
M2388_4 233 0.49298690460658 1.32305096846824 0 0.0533045532086629
M260_4 233 -0.260401127466661 0.672483557499467 0 -0.0773671842077894
M2702_4 233 0.251363021633281 -0.499666617399492 0 0.27645262033896
M630_4 233 -0.57501293069296 0.576555551459846 0 -0.215316546281246
F102_4 234 -0.125304698633724 -0.506535230721355 0 0.847290006820591
F1448_4 234 0.24232144912086 0.662986177934312 0 0.6742695214301
F1476_4 234 0.322885332908631 -0.35954548106788 0 -0.147976111132001
F147_4 234 -0.985023393107291 0.627266385166207 0 0.572554737989399
F2562_4 234 0.118270253182155 0.184672994938145 0 0.596553771899693
F2686_4 234 -0.392713003679891 -0.429294235818075 0 -0.440334026574289
F447_4 234 0.304106880573112 0.862092389737638 0 0.220983992453553
F93_4 234 -0.159799918658824 -0.463334970978051 0 0.469679292383616
M1409_4 234 0.0322301210869386 0.214447037685573 0 -0.22133214702985
M1612_4 234 0.65144143891254 -0.198501466373117 0 0.469973558303918
M1624_4 234 -0.262587693660688 0.0778344581972823 0 -0.416127084634963
M1896_4 234 -0.11167910371765 -0.169196388105886 0 -0.855662924240551
M606_4 234 0.488258313283462 0.873876394037492 0 0.468746160128972
M79_4 234 0.255961639665242 0.068238969673811 0 -0.399931181271821
F1554_4 235 0.270656332578629 0.835128466243234 0 0.867208760664221
F2473_4 235 1.00818235115805 -0.131834870229023 0 0.525020332868604
F2718_4 235 -0.178047952367046 1.07891045459738 0 -0.568881921100017
F794_4 235 -0.868140910160964 -0.727231596650097 0 0.0909519493074548
F827_4 235 0.0783941159609016 -0.208424824007424 0 0.723092057152591
M1212_4 235 -0.00176555869712684 -0.659290706786749 0 0.0179560044465842
M1472_4 235 0.319496089257337 0.0191788782342291 0 0.348181552616053
M1881_4 235 -0.517885089500198 -0.559949142109285 0 0.0434002378487417
M1891_4 235 -0.28888646260546 -0.592075831912446 0 0.445066962751195
M2292_4 235 0.277080872871037 0.0856017766457959 0 0.712500772775217
M360_4 235 -0.363511472714844 0.296447131840675 0 -0.120097001171824
M373_4 235 0.200906848715937 0.496428608487707 0 0.482224543253156
M683_4 235 0.141027834314558 -0.0708665064205883 0 0.645568414938708
M715_4 235 0.325400905057969 0.200997103192856 0 0.111951173794775
F1796_4 236 1.09869250083443 0.631183702063915 0 -0.0362026311621007
F2253_4 236 0.216020555634613 0.662954172419304 0 0.882486357219304
F2640_4 236 -0.144572728348044 0.14692512897885 0 0.0409940094657649
F402_4 236 -0.448073992832998 1.31529256334441 0 0.271229965387764
F638_4 236 -0.195845441899688 -0.141511877336521 0 0.292416264075083
F678_4 236 -0.120868043042049 -0.169338483252592 0 -0.609475721747317
F75_4 236 -0.208735536158741 0.0424932348251038 0 -0.4357867394751
M1348_4 236 -0.076889007409124 0.0811733280705733 0 0.271430712921159
M2302_4 236 -0.110853844790957 -0.2036795222929 0 -0.562745104550288
M2355_4 236 0.193865957538493 0.454523248923257 0 -0.737251955734962
M2575_4 236 -0.130461089931195 0.20164666921863 0 0.366335743606566
M447_4 236 0.342551437370387 0.0563723430438937 0 0.347080497180784
M591_4 236 -0.406731323533537 -1.12181146417696 0 0.313226249561628
M938_4 236 0.219219431994392 0.421389405019655 0 0.244954945829815
F1280_4 237 -0.645666188419064 0.871181607076782 0 0.124115595731046
F2605_4 237 0.466853558715593 0.574830376980237 0 -0.253399888835528
F709_4 237 0.0596657995074366 -1.0736042103018 0 -0.305093626159142
F776_4 237 -0.361594300568603 -0.302635746386563 0 -0.586373977302591
F94_4 237 -0.367137018631662 0.596984728607307 0 -0.727701184456032
M1074_4 237 -0.242921438475396 0.314025862612455 0 0.246065955452925
M1728_4 237 -0.0548523812042274 0.706031266679127 0 0.809408328756705
M2100_4 237 0.296671389225785 -0.17584260810873 0 -0.726570910880069
M2227_4 237 -0.366382896906267 0.378418348232025 0 0.980869834496212
M2332_4 237 -0.0186251271646667 0.141295107795322 0 0.824655073817422
M2440_4 237 0.583582066323659 0.246691203402895 0 0.129280745581011
M2457_4 237 -0.0617236711945283 0.544323996315038 0 -0.558997941354568
M57_4 237 -0.42396968785219 -0.287971790183356 0 0.585151508935989
M820_4 237 0.190210437930257 -0.90785709305294 0 0.525270362901712
F1088_4 238 -0.492906483427991 0.417310750910068 0 -0.310104393694054
F1737_4 238 -0.483900040254996 0.736368171620003 0 -0.418274831259476
F1756_4 238 0.63545951292842 -0.316491877665261 0 0.165768014041598
F2396_4 238 0.240304721934746 0.0376917880072242 0 0.634761203453125
F2410_4 238 0.290126498192782 -0.279666042983569 0 1.02233785719518
F505_4 238 -0.0514728491413528 0.668465519972638 0 0.584833355160846
F838_4 238 -0.301080407478609 -0.305001724266374 0 0.047530548698998
F884_4 238 0.73093709394176 0.273946716392023 0 -0.391682372769181
M1346_4 238 -0.276701025400147 -0.585763771544894 0 -0.0959060260754052
M1971_4 238 -0.276318507714342 0.0540524931311323 0 -0.28413057302839
M2023_4 238 0.925727864074261 0.364065435035633 0 0.755706580654361
M2081_4 238 -0.457993422937122 0.619677635984384 0 -0.473431676442314
M458_4 238 -0.118883521638112 0.0772009558074449 0 -0.511497463944919
M714_4 238 0.748837150860702 0.815346974780124 0 -0.113986117154734
F1282_4 239 -0.293111410602213 0.148421807338038 0 0.3557251418733
F1637_4 239 -0.321720527721819 0.235171423544381 0 -1.49751115900429
F1944_4 239 -0.46687301066571 -0.660364309352592 0 -0.243700883348208
F2280_4 239 1.36301592083555 0.326031122338871 0 -0.513142394595737
F2355_4 239 -0.313999212314208 -0.071123913635315 0 0.153984292210635
F2683_4 239 -0.144645268073924 -0.306023306166367 0 0.0164288349308194
F503_4 239 0.208339698809243 -0.233046250495035 0 -0.0287353016124896
F540_4 239 0.200344412563035 -0.153931278395381 0 0.751833747085165
F881_4 239 -0.220601791252653 -0.843735265012271 0 0.568916255119359
F999_4 239 -0.249293530457058 0.954504174641407 0 -0.278482255333067
M14_4 239 -0.367081201262036 0.438111259808331 0 -0.37652529740027
M2311_4 239 -0.156271285391744 0.204843818669217 0 -0.0595840850774984
M239_4 239 0.62312016540444 0.660056269133167 0 0.0407628811398901
M832_4 239 -0.0332964868116884 -0.319325381930373 0 0.439366424476451
F1089_4 240 0.322248648466667 -0.723493874224797 0 0.453959898342388
F1097_4 240 0.196998225138662 -0.351771953618403 0 -0.825263640700124
F1247_4 240 0.128740862688001 0.471972321558439 0 0.476758139308357
F1475_4 240 0.353283356751022 0.916744479812636 0 0.309885532133175
F186_4 240 -0.135575561382945 -0.0156097901798471 0 0.579144881128012
F2286_4 240 -0.106991383400631 0.289137991367645 0 0.775924310010793
F2476_4 240 0.288243810828942 0.0522190984583798 0 -0.393988973838074
F46_4 240 0.00976456246874798 0.723466423685911 0 -0.0311253657775365
F510_4 240 0.958131105618467 -0.103070361477123 0 0.241638096730641
F525_4 240 0.368590829997163 -0.317923505295556 0 -0.186544387899035
M1667_4 240 0.298410650281315 -0.530415978154432 0 -0.300267453945328
M1908_4 240 0.473950655921764 0.28356912800596 0 0.832852292597466
M2533_4 240 -0.466381577790036 -0.296376659348197 0 0.695652117192954
M2714_4 240 -0.452809676680059 -0.180401008973853 0 0.0725910452617723
F1461_4 241 0.784042649672013 -0.755418120583074 0 0.839960752391921
F1633_4 241 0.308458952806718 -0.0943663952562404 0 -0.198766722103008
F2340_4 241 -0.194751313842363 0.59567565550092 0 -0.0381018782681439
F2366_4 241 -0.0653353917096545 -0.535705325242705 0 0.0399935216471344
F2392_4 241 0.324813544381219 0.368428680511531 0 0.436223296959789
F346_4 241 -0.394417843705975 -0.0227432891908568 0 -0.00192857173611094
F351_4 241 -0.271293194609508 0.85634373544116 0 0.149072749198788
F986_4 241 -0.173770446228919 0.106668148252424 0 -0.474950888929709
M1239_4 241 0.33279473977014 0.0537089812762354 0 0.749273847481825
M1561_4 241 -0.438546604344146 0.0642516210498181 0 0.28571872981673
M2639_4 241 -0.629613338001094 0.122888757402271 0 1.03553838267908
M370_4 241 0.0563025806702434 -0.365452413770565 0 0.446856370517556
M895_4 241 0.06333593616428 -0.331332806160178 0 0.0254028562249737
M958_4 241 0.238987947206371 1.24420452915944 0 0.389705819642782
F1155_4 242 -0.304161819072281 0.224671823819397 0 -0.58253818257685
F1836_4 242 -0.215272703489402 -0.171077269690866 0 0.643293391579066
F2299_4 242 -0.818827161905622 0.153019835684856 0 0.422515756764191
F362_4 242 0.141767945518839 0.617836079396159 0 0.212819865183813
F890_4 242 0.743849918574023 0.0418440647638157 0 0.381430858205508
F909_4 242 0.0444210365566508 0.506748210247436 0 -0.178743543391915
M1180_4 242 -0.133511957352621 0.826466399475553 0 0.538659117688822
M1837_4 242 -0.135006123373094 -0.103178361337453 0 0.89195763884417
M1883_4 242 0.441656147930434 -0.178018359642121 0 0.351683275773445
M2321_4 242 0.494136258404309 0.47301716632021 0 0.266795773908283
M2394_4 242 0.0378493823023272 0.335736439029455 0 1.551699363677
M2537_4 242 -0.159716431460463 0.189654460496136 0 0.678099893331564
M565_4 242 -0.382894975779678 -0.625605786245502 0 0.706527324861167
M917_4 242 -0.868718219740366 -0.282001724711896 0 0.102998012098632
F1559_4 243 0.216884457504202 0.242039736318757 0 0.44872592350748
F2238_4 243 0.287828294883601 -0.471457191825669 0 0.916551648569069
F2561_4 243 0.686301891639053 0.40279546802334 0 0.389148473243207
F2613_4 243 0.823337621559235 0.472943487545849 0 0.10839948950066
F481_4 243 -0.324235931828171 -0.174262223785569 0 -0.0603910960916779
F72_4 243 -0.23573294353164 0.577549887477592 0 0.219461232521996
F920_4 243 -0.225315716501026 -0.372783010987833 0 1.24009004509259
M1136_4 243 0.459267388931021 -0.123655887616884 0 0.552335694035644
M150_4 243 0.0423706079067866 -0.144567896375216 0 -0.122462780369422
M1690_4 243 0.15187668399155 -0.554026082123883 0 -0.40544462981648
M19_4 243 0.387035281584022 0.631757536431275 0 0.244031248144775
M2549_4 243 0.587684746784146 -0.122830276451674 0 0.25007621209115
M65_4 243 -0.0396630459994415 -0.0821000658446359 0 0.293174598695154
M679_4 243 -0.289916567496936 0.635942421025894 0 -0.0697649362374334
F1138_4 244 0.324285739366353 -0.405868099350075 0 0.0850588755571854
F1234_4 244 -0.282325936110777 0.88080276679441 0 0.137210503413323
F1615_4 244 0.65171302356517 0.105671810916104 0 0.448934477412205
F1694_4 244 -0.210900791721209 0.836983070262425 0 -0.151886212629621
F1989_4 244 -0.260823829559192 0.29489140622124 0 0.690184597223135
F2227_4 244 -0.453771794560159 -0.324493356150996 0 -0.754322356308776
F2431_4 244 0.692060436236649 -0.147815256854881 0 -0.113263275784517
F2522_4 244 -0.350739451779371 0.252446254870312 0 -0.145465099446712
F2624_4 244 0.21011052513158 0.404014076668838 0 -0.0110980939323438
F305_4 244 0.00624378763811685 -1.00814588832626 0 0.60544860605202
M161_4 244 -0.00552710859016974 -0.375581983807135 0 0.835171894604898
M1708_4 244 0.62172020944475 -1.23712438926051 0 -0.301808141025513
M1809_4 244 0.253384003500534 0.856792015589731 0 0.680505378650191
M941_4 244 0.731083989575785 0.632009920068338 0 0.515078433988012
F1308_4 245 0.483870649705812 -1.02919235933071 0 0.143347909664993
F1456_4 245 -0.388743515912485 0.326023778948429 0 0.495753801784158
F1723_4 245 0.194425081618684 -0.449419704436819 0 -0.650760126192907
F2077_4 245 -1.02867932609979 0.610655725836501 0 0.901303788048295
F2301_4 245 -0.00443072123427399 0.233935723880678 0 -0.268917311616446
F551_4 245 0.0636698308189279 -0.347506049437709 0 -0.317048407102127
F823_4 245 0.419410660399912 0.251743535226253 0 -0.145567698518704
M1039_4 245 0.474357807389173 -0.513167196702922 0 0.393555486216654
M2160_4 245 0.405430371122002 0.745257188452151 0 -0.318454884195119
M2237_4 245 0.607084016808645 -0.111883206222059 0 -0.173936698792297
M2478_4 245 0.0822450480527187 -0.465116982959356 0 -0.301088357843387
M359_4 245 -0.228779020582236 -0.63021302400121 0 0.0744796527818522
M480_4 245 0.292626016071863 0.409687596548426 0 -0.0117046258698604
M695_4 245 0.0281266627177376 0.788214777795348 0 -0.233597701696435
F1043_4 246 0.303637753467825 0.232494270359173 0 -0.604183038816537
F1289_4 246 0.0211969229759321 -0.374779448680688 0 0.0800586089689199
F1383_4 246 -0.37529866490997 0.44045578467337 0 0.337230198966682
F1472_4 246 0.245322553264144 0.46404789281337 0 0.518422749490268
F159_4 246 -0.218892185517324 -0.0429568541146474 0 0.376281359772831
F211_4 246 0.462437535449856 -0.112137806865699 0 -0.653691457377939
F2670_4 246 0.559548942863243 0.507784021829265 0 -0.13003650545749
F875_4 246 0.220827640444395 0.17418894209115 0 0.451877619807812
M1447_4 246 0.183884057093271 0.394430796016226 0 0.349361627202216
M1886_4 246 0.357160212428248 0.0497113766122358 0 0.079629369248332
M409_4 246 -0.0388433262205156 0.719344786970653 0 0.366192971369359
M494_4 246 -0.30778803502364 -0.384423796425611 0 0.39190900579034
M708_4 246 -0.0231972520044437 -1.00437188848632 0 -0.013793408492299
M939_4 246 -0.373337944873244 0.0653159960406406 0 -0.235004159532084
F1150_4 247 -0.0726854567307429 -0.395409197128233 0 0.331794935612276
F1160_4 247 0.361491235023835 0.606314368613588 0 0.660442968373217
F1355_4 247 1.01083982349986 -1.25410986495185 0 -0.111814508097734
F216_4 247 0.505078321916797 0.18642320966622 0 -0.268161672981085
F2373_4 247 0.741775615515531 -0.328879524414758 0 -0.040363953291
F2729_4 247 -0.103222433595485 -0.24402025777197 0 -1.08847822488954
F427_4 247 -0.408253915566235 0.557630580177579 0 0.760710842126207
F443_4 247 0.260758778466462 -0.200721925680862 0 0.133536540327388
M1283_4 247 0.637160006570233 -0.342658366203031 0 0.0899541312958206
M1609_4 247 0.0538590160697822 0.898990190239403 0 0.144983225984405
M2425_4 247 -0.232093459143696 0.780752385582517 0 -0.610684444479905
M527_4 247 0.00367155760575323 0.254804937624762 0 0.172424950657353
M608_4 247 0.0257482041335895 -0.202487176956224 0 0.0806302257312521
M810_4 247 0.637965479464595 0.0808554484567435 0 0.242941406025158
F1027_4 248 -0.700607572883943 0.411403039530295 0 -0.342631716463026
F2027_4 248 0.946756735381864 0.504817537833989 0 -0.33957366688884
F2472_4 248 -0.467577878011168 0.318284378470443 0 0.452173371383702
F2567_4 248 0.705049732275185 1.17043354448725 0 0.114526712794524
F279_4 248 -0.546010871391132 -0.46691592876421 0 0.050548038961452
F561_4 248 -0.459109720541469 0.635167087462723 0 0.73517313264696
M1743_4 248 0.439095699176422 0.711104026294209 0 0.176136741551158
M2230_4 248 -0.0112848409225913 0.287475587729947 0 0.396961481883706
M2502_4 248 0.122284858262346 0.345244896657026 0 -0.10015369444349
M2700_4 248 -0.499064884761839 -0.281625431756448 0 -0.186237135911926
M2798_4 248 -0.343165703430778 0.557005103404845 0 -0.735004538307782
M892_4 248 -0.136863707381254 -0.706482657358766 0 -0.876978576530448
M921_4 248 0.272819468378067 0.231487430966389 0 -0.721882413586191
M943_4 248 -0.393876965705963 -0.33200284512637 0 -0.416494343078861
F1096_4 249 -0.406118140341239 -0.848457823615699 0 0.191235725634555
F1731_4 249 -0.520354800594298 -0.425383668714895 0 1.32309821716773
F2450_4 249 -0.501804277388895 0.308447940325146 0 -0.100436567860648
F2607_4 249 -0.547330566229376 -0.137043162575803 0 0.385524391140615
F478_4 249 0.423571464947119 0.656464729287108 0 0.408310709497752
M1413_4 249 0.00100993574367579 0.19217070943844 0 0.21769192613311
M1617_4 249 -0.103866153497343 0.386378646762529 0 0.693249455571229
M2251_4 249 -0.38349357957927 -0.441781825212096 0 0.0820451304855409
M2434_4 249 -0.718735425252832 -0.102913257615662 0 0.21836164894613
M255_4 249 0.161504313727903 -0.816337866500921 0 0.786212297697001
M2729_4 249 0.337026959250498 -0.815257797062588 0 0.123166441194823
M502_4 249 0.654538020414162 0.356182327847853 0 -0.356903907787072
M674_4 249 -0.0698343719197946 0.567204134498079 0 0.0301015673867255
M903_4 249 -0.202493484944548 -0.387143858172113 0 0.496726866676987
F183_4 250 -0.666071884536482 -0.513027599691206 0 0.868585688571979
F2021_4 250 -0.316589992384462 0.643076432846421 0 0.666507805457199
F2388_4 250 -0.516494709182597 0.10371301567981 0 -0.224094835875277
F2459_4 250 -0.200906734248059 -0.140413895046032 0 0.0730024404361451
F294_4 250 0.10060986781777 -0.674417333959229 0 -0.336940458264385
F415_4 250 0.00824277704577049 -0.288705615183263 0 0.449333152545687
F663_4 250 0.489782618591203 0.519714167416433 0 -0.220018650108704
M1934_4 250 -0.345874234697044 0.450893766266754 0 -0.159061334327103
M2027_4 250 0.631120286545692 0.534310137549311 0 0.577218157969812
M2218_4 250 0.132609757144992 -0.852998821549567 0 0.258054570572856
M2250_4 250 0.115299277688429 0.626006419249807 0 0.706358726167643
M405_4 250 -0.662871992430445 0.200152077293844 0 -0.267982347289839
M531_4 250 0.991073081138091 0.380154955793685 0 0.0762195347607034
M936_4 250 -0.304090816260784 -0.118392605101491 0 0.0627727439932415
F1269_4 251 -0.00934261225049066 -0.134749043567414 0 -0.182364052728747
F1901_4 251 -0.605007835165894 0.457333042195559 0 0.433681775890196
F2786_4 251 -0.401251982271528 -0.160825371864682 0 0.403205390336017
F306_4 251 -0.109431087032399 0.462168631868303 0 0.264520389598612
F778_4 251 -0.489987447917833 1.14533214709415 0 0.670331489643527
F858_4 251 -0.227904909340368 1.36010613941757 0 -0.43298378080531
M1072_4 251 -0.182830031916367 0.333344932950587 0 -0.505288641536215
M1635_4 251 -0.0100751194323359 -0.178774718688421 0 0.143300684093539
M191_4 251 -0.0336179347197157 -0.0571167442647429 0 0.544352668381471
M2193_4 251 -0.18859616835029 -0.16411422835687 0 0.103879948949884
M2274_4 251 0.457401356624 -0.290754452061996 0 0.0500752274601604
M400_4 251 -0.646455830041348 0.786134614168355 0 0.73718249786835
M549_4 251 0.327986776058131 -0.339996143297913 0 0.222173250258309
M844_4 251 -0.697351852644553 0.365467202830946 0 0.446105670877694
F1261_4 252 0.378517094734344 -0.0514331088100077 0 0.821051048177184
F1279_4 252 0.0284494941390252 -1.12160199213191 0 0.340948892345383
F1732_4 252 0.428834692611857 0.030177628940955 0 -0.0720687337356485
F2233_4 252 0.484080793898698 -0.635370233042922 0 0.305919006793905
F2705_4 252 0.101365084776839 -0.426800930234937 0 -0.0814365874651338
F784_4 252 -0.12708485914939 -0.474796683975918 0 -0.273654926015831
M1506_4 252 0.770326562308274 -0.442159028445109 0 1.11335363079063
M1589_4 252 0.573312478862374 0.300224808344574 0 1.01761389720267
M1669_4 252 0.140424076305232 0.347281934543001 0 0.163953372032463
M1979_4 252 -0.505236222138327 0.368092407348674 0 0.64862106505814
M2337_4 252 -0.473763396363763 -0.487911715991214 0 0.460111930733199
M2635_4 252 0.887309496351161 -0.198176867919402 0 0.320958140520253
M43_4 252 -0.0676860877985661 0.64834078277833 0 0.528553106651515
M836_4 252 0.30374735743886 0.0217479207283898 0 0.612263160248171
F1095_4 253 -0.204492632269865 -0.425219187301645 0 0.614456875551305
F1432_4 253 0.0956449913563604 -0.189615187345974 0 0.317718910473802
F1459_4 253 -0.75457036956369 -0.87991936582635 0 0.982030294427489
F1502_4 253 -0.17561702225839 -0.199942931288881 0 0.382061165527695
F19_4 253 0.663607678442402 0.113466795120747 0 -0.0828505189451486
F2676_4 253 -0.480432762331696 0.777450541668607 0 0.404684493469976
M1003_4 253 -0.112157991282019 0.470700009167199 0 0.598127838087012
M1070_4 253 0.0797052991445625 0.0702835798826391 0 -0.264203921850338
M1173_4 253 0.301461899640325 -0.078474177788379 0 0.25739340220081
M1352_4 253 0.204145447104423 0.154672701974659 0 -1.27847199339782
M142_4 253 0.70831528773586 -0.0529684933315615 0 0.410497708641384
M2256_4 253 -0.999523721622499 0.566973837991631 0 -0.0073936595102766
M2463_4 253 0.507619654229213 -0.451662569878331 0 0.052414784611357
M2564_4 253 0.131552938928977 0.557363295489811 0 0.687211219047392
F110_4 254 0.231620704448293 -0.807553194262254 0 -0.354482461068508
F1313_4 254 0.247038788485527 -0.236377950511152 0 0.15466695060819
F1747_4 254 1.09475506002636 0.276774158144743 0 -1.03647267088223
F2458_4 254 0.748763291251747 -0.136664254318308 0 0.0290546106325978
F2662_4 254 0.220930609246163 -0.348330571772811 0 0.240549283500356
F2689_4 254 0.138606014309589 -0.174463331783484 0 -0.136182510912224
F425_4 254 -0.468083124607074 0.722264703280077 0 -0.185171322364122
F653_4 254 -0.225818891271775 0.358011356432736 0 0.147188353963011
M2103_4 254 0.337814352879421 0.100657876965273 0 0.976775602517829
M2276_4 254 -0.412345795669025 -0.405241973941669 0 0.61889236885509
M2458_4 254 -0.282317069344554 0.826160574593704 0 0.206103381781854
M2688_4 254 -0.287518735192822 0.00716130019144712 0 -0.0767145840635462
M2718_4 254 -0.371422497704118 -0.03527285325108 0 0.520342517236722
M415_4 254 0.0691704821509788 0.256895960322015 0 -0.665547316292227
F1994_4 255 -1.08033791848433 -0.316924171826055 0 -0.0689810236725865
F208_4 255 0.436800540563654 0.316204002482777 0 -1.0113277320885
F2092_4 255 0.178042657511681 0.450534537019854 0 0.537640150196232
F2180_4 255 -0.365443485466148 0.698729927801028 0 0.550080229899438
F2540_4 255 0.296087563030929 -0.142141601478859 0 -0.616359668170428
F497_4 255 0.832045291779696 0.114257289770398 0 -0.345450716908104
F704_4 255 0.418444787074986 -0.136865887535723 0 0.745762060375261
M1187_4 255 -0.097162419176849 0.343741599453739 0 -0.106115587864069
M1497_4 255 0.416935401087494 0.224416200161431 0 -0.434562435231727
M1586_4 255 0.449622159481552 -0.733891467518024 0 -0.938747908098364
M1673_4 255 -0.131794274720464 -0.847263568144215 0 0.366734428436752
M1854_4 255 -0.265909428437179 0.508152033272738 0 0.0281195162370643
M2082_4 255 0.393702035164731 0.540948844790049 0 0.26086780437162
M2195_4 255 0.634041806174533 0.147903733273802 0 0.401651062902885
F1098_4 256 0.29285951234563 -0.91652141350849 0 -0.139339171004858
F1161_4 256 0.32083548033824 -0.413374159017956 0 -0.578075248873587
F1485_4 256 -0.221537800894626 -0.407558566988702 0 0.356180252598552
F2040_4 256 0.249486218591567 -0.75130744475262 0 0.204832303319041
F441_4 256 0.156324118263542 -0.0364296437764824 0 -0.0625393210293503
F619_4 256 0.0937112865756172 -0.00811875308424481 0 -0.016521022689932
F693_4 256 -0.341135453340233 -0.702772309833966 0 -0.0725933213348131
F79_4 256 0.252799509986486 0.0108916326236277 0 0.593789105744555
F885_4 256 -0.0199875663216167 0.425413957539782 0 -0.378252044280361
F959_4 256 -0.0477545917970906 0.245421480284474 0 0.644145297806846
M2381_4 256 0.797033068432679 -0.489546292515854 0 0.584372944954015
M2640_4 256 -0.137946589129358 0.82630232993381 0 0.610697859518535
M2712_4 256 0.633974814812495 -0.297307605151261 0 0.081001501882184
M459_4 256 -0.313101631483329 -0.0904308381635406 0 0.543179662176302
F113_4 257 0.140892702239912 0.453829002590784 0 0.373139787345212
F117_4 257 0.717953075977696 0.0248104964450359 0 0.0506781307555211
F1267_4 257 0.10191035778987 0.686584701730033 0 0.494558726617757
F1650_4 257 -0.876683385454455 0.12576792694491 0 0.365404155792513
F25_4 257 0.118291218038511 -0.200211515183875 0 0.301387736105661
F266_4 257 -0.375571292375342 0.30607799543286 0 -0.0279545438032107
F654_4 257 0.138146840976775 -0.382792653266226 0 0.813628289429178
F773_4 257 0.527061746151685 0.0613137893246191 0 0.00152805813181933
M157_4 257 -0.494037119461659 -0.0231631324347956 0 -0.730401109870465
M1925_4 257 -0.338033981844733 0.480180963234644 0 0.729169019178534
M2428_4 257 0.266954844965375 -0.860226906858157 0 0.195473532579556
M2497_4 257 0.448704563717602 0.288633398581616 0 0.392423278077083
M2695_4 257 0.0217359085564905 0.5361910503226 0 0.641539966426826
M428_4 257 0.20386245208657 0.228267067230437 0 0.333619376584367
F1119_4 258 0.96884048450103 -0.1163995524145 0 -0.233288931931265
F1957_4 258 -0.0413415607460105 -0.0335393542172123 0 -0.393458863193378
F2140_4 258 0.687529492680233 -0.0960582524560595 0 -0.303592197789046
F2149_4 258 0.182973771137103 -0.580451918108776 0 0.734215582027018
F2156_4 258 -0.586352980308332 -0.00381150572798195 0 0.176702714252962
F2229_4 258 0.206170954592821 -0.145681927345827 0 0.308443894796517
F2269_4 258 -0.164672579756491 0.0812150429981529 0 -0.518581082316224
F2532_4 258 -0.431680059423608 0.348694853741295 0 -0.0721714923492322
F2730_4 258 0.889081726613182 -0.465575798504997 0 0.561322804056249
F341_4 258 -0.0785006097703788 0.127385618359395 0 0.310460931556518
F718_4 258 0.0464210028138713 0.703705760214922 0 0.164696935481964
M1048_4 258 0.507030632280221 0.740269938789686 0 -0.562964004244395
M71_4 258 0.580894388683243 0.0983943732398115 0 -0.320679418151113
M845_4 258 -0.509692802104579 -0.0504442187709938 0 0.542016212921748
F1009_4 259 0.63795590507074 0.287621065924779 0 0.186439815296236
F103_4 259 0.444128651510918 0.481464747064554 0 0.045683791345949
F1435_4 259 0.176117090196071 -1.15704012599697 0 -0.0580542514203365
F1624_4 259 0.106261326903888 0.621194828584116 0 0.211436212146389
F177_4 259 0.227485615136601 -0.308171332724686 0 0.80545896551188
F2332_4 259 -0.244875633801141 -0.589185995335054 0 1.1218842434382
F243_4 259 0.201172241516609 -0.333106074399203 0 -0.00899991557618945
F2553_4 259 1.02298526638691 -0.0628518104485898 0 0.825985214096998
F331_4 259 -0.25311253898114 -0.144772892914817 0 -0.451743212859513
F453_4 259 0.346160504326694 -0.174730917541638 0 -0.139074529939861
F857_4 259 0.265695571452105 -0.536046807872234 0 -0.468592683945506
M2749_4 259 0.0124030188681313 0.211503868467966 0 0.813994109351594
M2750_4 259 -0.506958956590375 -0.481845069666557 0 0.205406447712051
M638_4 259 0.242292296149857 0.0785764746959363 0 0.677592363952457
F1271_4 260 0.257438481346448 0.199004307628092 0 0.290591905043395
F1967_4 260 0.25608505126717 0.0508828501282443 0 0.811515159733924
F2119_4 260 -0.244164751632973 -0.761972066197832 0 0.42974970685671
F2579_4 260 0.168864240724646 -1.27876959126774 0 0.0981622031499197
F2625_4 260 1.09582788596646 -0.511612408235816 0 0.475725779069032
F484_4 260 -0.0129870480933052 -0.179709311442773 0 0.254155169587754
M1534_4 260 0.511270760906597 -0.142471544214268 0 -0.183868589799472
M1721_4 260 -0.361511848364172 0.739847848996241 0 0.363757500779476
M1725_4 260 -0.372342239878954 0.016047361963223 0 0.151850798279836
M1924_4 260 -0.651199242768011 0.412674158909456 0 0.252360196863288
M1960_4 260 0.612927957912327 -0.928737816474635 0 0.360939068301018
M2333_4 260 0.706715117156545 -1.03630789593481 0 -0.776363080832654
M298_4 260 0.0174247276607109 -0.513067300919282 0 0.285651161759218
M896_4 260 0.457222469192762 0.340161457555838 0 0.232713771928232
F1182_4 261 0.0838789122683605 0.640774523469739 0 -0.729343336228632
F2643_4 261 0.63502141792488 -0.111075564308835 0 0.680455882828889
F290_4 261 0.208642197884676 0.0549770577112306 0 1.22287711386713
F408_4 261 -0.262750435121236 0.0173606458617713 0 0.532765216845296
F749_4 261 -0.598974308376579 0.295446835227147 0 -0.0682685380022747
F822_4 261 -0.759486410075828 0.292212319759169 0 -0.165419859889787
M1351_4 261 -0.0976692321418609 -0.107282999729249 0 0.245543596147126
M1382_4 261 -0.363474326308861 -0.128390238472601 0 0.134434702020462
M1504_4 261 0.724614653141553 -0.224151677161972 0 -0.447318504113797
M1804_4 261 -0.28528139426913 1.26036993424955 0 0.166878024073751
M1946_4 261 0.0594632892403908 0.562242786842417 0 0.604161764458009
M2149_4 261 0.594691683598928 -0.0149650240565321 0 -0.845819226570979
M2594_4 261 -0.779335196907666 0.991997946168257 0 0.229516308614623
M493_4 261 -0.0973823897749365 -0.390755668979886 0 0.0168555522578506
F1582_4 262 -0.154064441549259 -0.304689583773723 0 0.847447541624115
F1960_4 262 0.113158344958877 -0.242967025417161 0 0.624327220927124
F2050_4 262 -0.0742331942573449 -0.519968560403718 0 -0.554200289756475
F2141_4 262 0.64756140019286 -0.42355785836538 0 -0.377637904221439
F246_4 262 -0.0854749154543328 0.148418526965012 0 0.20258794523245
F2677_4 262 -0.228013375371634 -0.190281324391786 0 0.583969621904067
F2793_4 262 0.220676074667951 -0.559616354865213 0 0.423523106713129
F916_4 262 0.227970833059852 0.243173160128381 0 0.264847252961195
M1256_4 262 0.431080106916872 0.01090936513151 0 0.355443373080944
M1576_4 262 -0.286032676119124 -0.11475577154493 0 0.00967541633671565
M1707_4 262 0.9417892509197 0.23780411747978 0 0.483231765599471
M2192_4 262 0.400405189740356 -0.798048358722641 0 0.165090574551323
M643_4 262 -0.316206739278001 -0.0791388803858477 0 0.104819806358772
M963_4 262 -0.324887859324824 -0.577231654661152 0 0.0645295262209645
F1094_4 263 0.145897117088255 0.414570263592672 0 0.389123347271081
F2235_4 263 -0.712559918283297 0.166811239858252 0 -0.0854463962801729
F2792_4 263 -0.129761878903943 0.016468918321359 0 1.31298775047013
F53_4 263 0.0386876385427332 0.10255955318571 0 -0.824836122725797
F995_4 263 -0.415426614294504 0.418164562468087 0 0.150750378768169
M1030_4 263 -0.329016819748009 -0.835638455661413 0 0.590993979001693
M1110_4 263 0.199763169758693 0.22021672502764 0 1.14472674676286
M1157_4 263 0.200557062982219 0.54731640758964 0 0.429588706378151
M1171_4 263 0.389341734056517 -0.0958596570634879 0 0.135668963970399
M1478_4 263 0.0745157130866644 0.270873622219123 0 -0.245953718460165
M1675_4 263 -1.06127017725212 0.442412108467737 0 -0.755377924886244
M1897_4 263 0.106308305430892 -0.0191756824874281 0 -0.317372245518091
M258_4 263 1.12482888018632 0.628353294088416 0 -0.461455972244436
M2627_4 263 0.0154621660700104 -0.143677925565669 0 0.955515365265721
F123_4 264 0.243093728332584 -0.587487409414742 0 0.50355817728856
F175_4 264 -0.105609565714384 -0.731895374619192 0 -0.295430841654654
F1810_4 264 0.164442539375672 0.315245866581055 0 0.267204612200262
F2357_4 264 -0.0335250248443091 0.24851644036108 0 1.11280342648324
F2512_4 264 -0.324897077270649 0.930376939263954 0 -0.312644265609979
F449_4 264 -0.0849821359407856 0.405156897922551 0 -0.243322595736017
M1542_4 264 0.73776917767469 0.19446735772025 0 0.33769009689327
M1574_4 264 -0.535748230873775 -0.301431935508306 0 -0.606144666255892
M1819_4 264 -0.39475741896682 0.402659346842809 0 0.312182432750577
M1880_4 264 -0.267601330906971 -0.696960495713759 0 -0.217488131442885
M1916_4 264 -0.114181514292623 -0.714931905217473 0 0.225054525694731
M211_4 264 -0.0420590719899494 -0.204784288159338 0 0.31086277839602
M2704_4 264 -0.0223828605741333 0.412502743402777 0 0.623649235984536
M297_4 264 -0.56117135393818 0.425369114363825 0 0.199360312626665
F1330_4 265 0.299826621773787 0.776205820006944 0 0.160515033944521
F1449_4 265 0.270393441638938 0.132252753715634 0 0.13437566497419
F1814_4 265 0.127434780227631 -1.12293527215037 0 0.219795710550678
F2466_4 265 -0.343577809453915 -0.0352848196062186 0 -0.133648933779175
F2498_4 265 0.0990207381438145 0.314094397708387 0 -0.621142531021297
F2513_4 265 0.305941739315853 -0.23844661017832 0 0.015669387960273
F387_4 265 0.278069362874913 -0.469374933704123 0 -0.357293262498001
F658_4 265 0.269446491375014 -0.628502720086629 0 0.0733889359593348
M1122_4 265 -0.0973460627963643 -0.41273570552669 0 -0.55297723251853
M147_4 265 -0.361649750146921 0.0824641158238274 0 -0.349744324522956
M2026_4 265 1.3930317840313 0.201095235952547 0 0.0657216466395496
M2093_4 265 -0.236955246394265 -0.514698001947241 0 0.80523484757518
M2526_4 265 -0.149186322344872 0.386143613762876 0 0.662980414544319
M445_4 265 -0.270103996845392 0.782003224617394 0 0.52765622701251
F1057_4 266 -0.0455239995032413 -0.170679887023702 0 -0.0893761636757005
F105_4 266 0.0669861760911205 -0.399920745222667 0 0.168582182325082
F145_4 266 0.354507537218302 -0.0519568008549723 0 0.54727490253639
F2053_4 266 -0.410246608272054 0.0401849654137366 0 -0.968039203429958
F32_4 266 -0.180704466591302 -0.0478845375405293 0 -0.372998589858742
F56_4 266 -0.0325113390440313 -0.59349681794375 0 1.01770337379564
F655_4 266 0.165009113098461 -0.128181429332774 0 0.835735070138822
M1152_4 266 0.0249312197252312 -0.529672221190644 0 -0.209360251406705
M1215_4 266 0.628047060412896 -0.0506471650640695 0 -0.136231270386386
M1475_4 266 1.28869984451316 -0.861285310181165 0 0.307405123161347
M180_4 266 -0.0456272142320027 -0.431031147486215 0 0.645489670495407
M1810_4 266 0.765367131805755 0.144447893782853 0 0.494629246239543
M2500_4 266 0.153994242724328 -0.0413609642538965 0 -0.372085244752455
M942_4 266 -0.550265384047714 1.05212331276879 0 0.23732264443736
F1174_4 267 -0.243271329515459 0.808368703553554 0 0.432837531718112
F2215_4 267 -0.304620938070992 1.13735138413974 0 -0.737066296460146
F2411_4 267 -0.223122276311034 -0.146027906895301 0 -0.458955685186672
F562_4 267 0.203616612492993 0.346060621320283 0 0.152306100107592
M1284_4 267 -0.446573869005019 0.264868893098584 0 0.452864209160428
M1289_4 267 -0.556990329667137 -0.122070469056387 0 0.727545570532863
M1332_4 267 -0.130663171423722 -0.222276978562693 0 -0.105618396559311
M1445_4 267 -0.65314071311984 0.220809028200091 0 0.192947869889011
M1601_4 267 0.163487422828177 -0.350049381035043 0 0.609569764638666
M257_4 267 -0.301679014656472 -0.0292745915755858 0 0.265674965018049
M25_4 267 0.196268792709303 -0.292571587934754 0 -0.392813981275659
M2655_4 267 -0.765793441891765 0.845179467288205 0 0.0753009353748605
M675_4 267 -0.327092719872005 0.140834835045708 0 1.05098521143521
M690_4 267 -0.481231001958696 0.290556990591274 0 -0.789389583460691
F1927_4 268 -0.32792323021052 -0.0295339241834049 0 -0.0345997666792408
F2212_4 268 -0.222856995556968 -0.651567980746315 0 0.0221522733979929
F2422_4 268 -0.135380078297311 0.518526671416475 0 0.984262881519411
F702_4 268 0.748401123484422 0.37643627918715 0 0.671705334734274
M1049_4 268 0.400150969658284 0.0787570646760158 0 0.857496891200967
M1162_4 268 -0.139876949015223 -0.597246745905663 0 -0.448056421370888
M1175_4 268 1.13896452706491 -0.442622119232046 0 0.883967320455442
M123_4 268 0.150267121926081 0.0547762131036278 0 -0.238822349930488
M1771_4 268 -0.943070588525821 -0.335087173261102 0 0.544312648554635
M2349_4 268 -0.972789894192804 0.688670422303709 0 -0.11889047604625
M2503_4 268 0.166142496937818 0.651195278863368 0 0.0986566410478072
M2598_4 268 -0.49186821532988 -0.156777909581154 0 0.60122498230312
M2659_4 268 -0.12701779029258 -0.942872293955001 0 -0.176260602160742
M69_4 268 -0.00164642301677556 0.257571476328908 0 0.36414938809013
F1329_4 269 0.0400902639817063 -0.186080072668865 0 0.455063197503257
F1801_4 269 0.348711818180665 0.433857502104214 0 0.274112576994363
F1885_4 269 -0.0106746122826387 -0.329859456923375 0 -0.00336921250302186
F2254_4 269 0.33089935813199 0.460319204353644 0 0.392639588783139
F2521_4 269 0.239824699777526 0.261501794556061 0 0.142392497453918
F271_4 269 -0.0526735108993917 0.150474682847488 0 0.142579211702085
F433_4 269 -0.699260906791703 0.44325603903788 0 0.845008956974534
M1398_4 269 0.244299375602421 -0.131297901235348 0 -0.336695134885278
M2731_4 269 -0.449869148970178 0.22103562472707 0 -0.898607716997706
M2771_4 269 -0.675419916756948 -0.308979621974399 0 0.153437364951153
M575_4 269 0.476709423717777 -0.184404527494528 0 0.180651867056891
M847_4 269 0.164115701991416 0.0652457057840299 0 -0.397252267937178
M887_4 269 1.00809183517009 -0.0815534128025754 0 -0.155307622026357
M94_4 269 -0.523588697326041 0.517292304410303 0 0.215871196552235
F1962_4 270 -0.23957198382902 0.39497774696119 0 0.0757701052610305
F2369_4 270 -0.158411920767921 -0.206019400756183 0 0.592246007221868
F570_4 270 -0.185625748668972 0.194243080290967 0 0.570053171337365
F623_4 270 -0.627008138622174 -0.351907239215492 0 0.38647056480494
M1064_4 270 0.0126953804614769 -0.0796293172246252 0 0.296211069652001
M1137_4 270 -0.320027513424172 0.00215784166829946 0 0.324609652650593
M1664_4 270 -0.06262518600504 0.443606842059322 0 -0.0119471778108189
M1862_4 270 0.812915838521933 0.892683945779651 0 -0.202148538097688
M2075_4 270 -0.25879643245911 -0.105824188734923 0 0.102788788255551
M2139_4 270 -0.3056353464378 -0.390299102294772 0 -0.445050939546963
M2297_4 270 -0.321161782098027 -0.210175194407994 0 0.550013592077393
M236_4 270 -0.48973175342627 -0.245771765305534 0 0.802089629231476
M348_4 270 -0.0430829397747557 0.0743240205683108 0 -0.0148707044938138
M711_4 270 -0.224854927876759 -0.326280536565633 0 0.397346578614017
F1678_4 271 -0.631626851224775 0.460000325021173 0 -0.139734686463998
F2072_4 271 0.0668338905145962 0.430670938617052 0 0.546045423148598
F210_4 271 -0.334592320478639 -0.529994458995023 0 0.834456017098734
F2699_4 271 -0.089098312245381 -0.074712432262893 0 0.63325185715423
F339_4 271 0.23414254257128 0.225461383668876 0 0.32625366881029
F548_4 271 0.11630743218226 -0.30262218681632 0 -0.496534748904236
M1295_4 271 -0.218797064405325 1.01606090678625 0 0.494758834125422
M1655_4 271 -0.258555229496686 0.509021810903619 0 0.27830643305744
M1887_4 271 0.0842579738525651 -0.147563659207471 0 0.708466426849018
M2689_4 271 0.27162658248797 0.759720817938072 0 0.469191556144453
M2794_4 271 -0.555745869226573 -0.155717684826789 0 0.112435175685051
M747_4 271 0.128781672725384 -0.00826403542437781 0 -0.692753545216563
M811_4 271 -0.066102969184974 0.573646782341385 0 0.0402985729818991
M98_4 271 0.928663516797572 0.649000641026169 0 -0.0602078804955362
F10_4 272 -0.00944008465344902 -0.226384379492103 0 0.849481141479087
F1862_4 272 -0.418923948358952 -0.169094984822463 0 0.612323104878032
F1874_4 272 0.575338971859358 0.490294512030357 0 -0.313618518656463
F2351_4 272 0.0713886232655326 -0.227911285873312 0 -0.244414008371731
F760_4 272 -0.700278205900443 0.157735404956049 0 -1.2233324848741
M1160_4 272 0.609765042282196 -0.0373349152674557 0 -0.306182323535577
M1321_4 272 -0.27128658146756 0.662179435050889 0 0.666692554531025
M1606_4 272 0.374886604319844 0.113050143169735 0 1.06690532167184
M1637_4 272 -0.263825858413485 -0.136153222678823 0 -0.196738154488713
M1640_4 272 -0.253504105434917 0.131017086120596 0 1.53133657985847
M1657_4 272 0.0909104953995354 -0.150104748262382 0 0.169018476689674
M1872_4 272 0.392014344040539 -0.22074341166557 0 -0.680480542630851
M1944_4 272 0.630047905603725 -0.0912085719956887 0 0.375877211516939
M2721_4 272 0.405882715890394 -0.0725595668737641 0 -0.38222967956322
F111_4 273 0.103745259175504 -0.870076178840234 0 -0.191233316494904
F2259_4 273 0.067319631069911 0.398496199558999 0 0.00844831568130827
F2285_4 273 0.466025739895537 0.169275075184426 0 0.253012004060253
F2288_4 273 0.255897120647475 -0.174456774327588 0 0.58032116746251
F283_4 273 0.202254022413325 -0.306226789715561 0 0.667833920279047
M1441_4 273 0.239264446602316 0.55186075381876 0 0.862586169444448
M1476_4 273 -0.424680856155265 0.210198018380255 0 0.693206821999015
M1494_4 273 -0.107105847671322 -0.378005603811297 0 -0.236699005275984
M1816_4 273 0.0344487257769808 0.724381604357391 0 0.683423196487457
M2196_4 273 0.0999886695614865 0.415154460277386 0 -0.657226402000276
M2785_4 273 0.663728011284384 0.7356433355375 0 0.288479541518172
M720_4 273 0.341453540837557 -0.639735532078295 0 0.582134872443459
M893_4 273 -0.343095506822962 0.341111474271025 0 -0.229467815961565
M899_4 273 -0.602182357888995 0.200194435745254 0 1.48716919383508
F1026_4 274 0.404500308588478 -0.128554116130334 0 -0.500352203328535
F1445_4 274 0.705553613347253 -0.0202143478467409 0 0.852636620241559
F174_4 274 0.506375406174521 -0.152021209505488 0 -0.425580262629453
F238_4 274 -0.483080374448722 0.509782706635005 0 -0.294167827949558
F2489_4 274 -0.745503283365443 0.784657245794832 0 -0.31220380012997
F24_4 274 -0.421344664681136 -0.194999788725033 0 -0.121079300246673
F559_4 274 -0.423946787134824 -1.60637437593758 0 0.298949623719912
F742_4 274 0.61957457716918 0.238742511885782 0 -0.366009467411052
F820_4 274 -0.97316009337448 -0.372768724672331 0 0.0388542030050735
M1169_4 274 -0.282055674022077 -0.108824471882651 0 0.419333001766776
M2014_4 274 0.241704999863088 -0.274382597960762 0 -0.679574009046233
M588_4 274 -0.00415829023479221 -0.205956099468127 0 -0.394181857212476
M710_4 274 0.099488535634733 0.293499257730001 0 0.479333348715471
M982_4 274 -0.110941284356115 0.2127480639786 0 0.673604363552067
F1099_4 275 0.246476357091293 -0.684889083465266 0 -0.79090040155046
F1186_4 275 -0.853155562380912 -0.661182491448366 0 -0.787595833460353
F1542_4 275 1.25874287395599 0.158264573933391 0 0.909012946457682
F169_4 275 -0.169369062962154 0.176614914338907 0 0.39163204554152
F17_4 275 -0.653283136174116 0.795822334876722 0 -0.104720100114342
F1976_4 275 0.613153520340541 0.515816970512421 0 0.0711640312544672
F583_4 275 -0.0635092502515688 -0.263579567088854 0 -0.384099432583692
F598_4 275 -0.434027085305049 -0.115183613809769 0 0.156333704118931
M1141_4 275 -0.748656676398807 0.0567353254320864 0 0.411307628016446
M1715_4 275 -0.694332338980807 -0.182010923116884 0 0.360504826513861
M2357_4 275 0.172576922757945 0.813721891624334 0 -0.471184002008756
M278_4 275 0.395584675093445 0.351215715143358 0 0.261577314261707
M483_4 275 0.0871731438434338 -0.130274572716249 0 -0.125523076268604
M95_4 275 -0.42833539817268 -1.07127238119249 0 0.35201641337454
F1144_4 276 0.233303171410884 0.147570282719033 0 0.202338736421967
F1359_4 276 -0.0260980471291157 0.00294570167088204 0 0.489949496515913
F1791_4 276 -0.608263557238659 0.339749128562507 0 0.453327979218227
F1829_4 276 0.617110125549324 0.442649108625543 0 0.787255645129124
F1852_4 276 0.677082728586285 0.891508614913968 0 0.441138495748428
F1888_4 276 -0.0148211945100211 -0.619185643176411 0 1.33694722606558
F2103_4 276 0.175949319183763 0.719758542630278 0 0.378719636629217
F391_4 276 -0.291240107617597 -0.277040316525005 0 -0.738048978946143
F677_4 276 0.0146430696190086 0.42141685082855 0 0.291764274831965
F978_4 276 -1.02819691979042 -0.132349160186164 0 0.381033550731001
M1683_4 276 -0.896125943530764 -0.404268814923598 0 0.0913934019630043
M1727_4 276 0.0326413355941855 -0.211711815040998 0 0.586679555273632
M2036_4 276 -0.0892477175371977 0.111949710985794 0 0.140490503989833
M2173_4 276 -0.330897576629907 0.471168983738967 0 0.587590033742736
F1591_4 277 0.0833152405106632 -0.415190682529536 0 0.085353428630371
F188_4 277 -0.219731658036967 0.343245811868292 0 0.00701403025673158
F1921_4 277 0.46722626737156 -0.137193529328966 0 -0.0421786002221013
F2034_4 277 -0.00186761875612772 -0.139003682481475 0 0.53576361973462
F2059_4 277 0.164958700448981 0.0614715488412757 0 -0.711157269790802
F2163_4 277 -0.139158473327494 0.0866029245239491 0 -0.215146280838183
F2629_4 277 0.551271844441264 -0.0488859281158213 0 0.52630244006574
F2671_4 277 0.718794798513491 -0.0882996965696184 0 0.631674736739111
F325_4 277 0.570671204713602 0.973969885864492 0 0.46614399055626
F461_4 277 -0.0117563929147881 -0.459529943013068 0 -0.24560332156417
F639_4 277 -0.149557603035557 0.146641411540455 0 0.945817268517096
M1462_4 277 -0.116607443253031 0.103356022082048 0 -0.338290464462553
M1633_4 277 -0.627198296214377 -0.456489973115231 0 -0.42574678186423
M2682_4 277 0.654172726491245 0.0460595830937827 0 -0.201778504546279
F1123_4 278 0.220929833391154 -0.654464326921983 0 -0.108488003148879
F1240_4 278 -0.009173734389193 0.652586278116903 0 1.21147362835142
F1320_4 278 -1.00108438249912 0.372737521210432 0 -0.206677601861099
F2275_4 278 -0.343509423010691 0.764629235362181 0 0.140498161609438
F2378_4 278 0.468672711524951 -0.263560192691561 0 0.368994550554495
F31_4 278 -0.602373543691815 0.250465022583432 0 -0.189567482722141
F502_4 278 -0.61597999696694 -0.250468112943597 0 0.288522462155893
F674_4 278 0.327308708676214 -0.621643019781763 0 -0.38412545733061
M1547_4 278 -0.0192673329095967 0.290125008788197 0 0.167111591779692
M2165_4 278 0.471506628056839 1.01239200324638 0 -0.865313676197374
M2201_4 278 -0.200464681441326 -0.466161382152555 0 0.41566661560612
M2783_4 278 -0.252858574518875 0.813497674594904 0 0.659019640718996
M47_4 278 -0.264104823179847 0.18284202837963 0 0.80014023612398
M988_4 278 0.0696624486387156 0.0485221795866354 0 0.845527841231017
F1059_4 279 0.261294039779563 0.453120930691441 0 -0.680768691306463
F1151_4 279 -0.0155334048747666 -0.0706116350849194 0 -0.145704985555684
F1162_4 279 0.806797421943151 -0.198340477436518 0 -0.370294553249709
F1897_4 279 0.384484944097182 1.07810579032889 0 -0.339036423731384
F2143_4 279 -0.0669194283142782 0.177364625073631 0 0.138393129460392
F612_4 279 0.545298592642936 0.175147996199417 0 0.29339943688377
M1353_4 279 -0.325584780678362 0.192561988589507 0 0.498325310929744
M137_4 279 0.0765049130097538 0.535995421115169 0 -0.11656914968952
M1712_4 279 -0.433952639468846 -0.0379652951223741 0 0.255536012579105
M1770_4 279 0.285359455608818 -0.17153202297946 0 -0.231875448729891
M1964_4 279 0.568810385825234 -0.664069428138725 0 0.128121857117567
M2514_4 279 0.606980652822449 0.187155268850923 0 0.486294877514648
M2576_4 279 -0.152671950152716 0.0650477175765402 0 0.745993362406844
M623_4 279 -0.125555383514892 0.359298958974862 0 -0.31285065305459
F1006_4 280 0.107364021789208 -0.12124851262691 0 0.230819182373975
F1154_4 280 -0.0451804713568989 0.131193126819624 0 -0.141260115702752
F1233_4 280 -0.0962387305276064 -1.33322111681477 0 0.686991236482633
F1419_4 280 0.788388221859241 -0.35617615452757 0 0.209874397227656
F1471_4 280 -0.126897434834415 0.028270547147965 0 0.38766964962235
F1966_4 280 -0.0198542387909806 0.511475710218156 0 0.0384808749953305
F2490_4 280 0.400526334901343 -0.699230884299182 0 0.823519010396007
F83_4 280 0.432762661708995 0.150823105381145 0 0.270409628500987
M1263_4 280 1.07047239180917 1.07543597899311 0 0.617153567395812
M136_4 280 -1.24156565829049 -0.489652321031569 0 -0.0418112287287834
M156_4 280 -0.252805925512264 -1.62547311241041 0 0.358036151688673
M2621_4 280 -0.0607168930001783 -0.0746647672864157 0 -0.408775848357968
M368_4 280 -0.812342857451539 0.48851427843322 0 0.345877942033444
M829_4 280 0.0706379589779493 0.14046970678826 0 -0.694022846375465
F1824_4 281 -0.0979227643988924 0.731620655708893 0 -0.37820859154778
F2393_4 281 0.855381953267202 -0.299478928168204 0 0.196861750552774
F405_4 281 -0.113432362943033 -0.483857076130724 0 -0.572053837418677
F757_4 281 0.722541914783198 -0.102117174697857 0 -0.193518112015399
M1578_4 281 0.0576813769011326 0.310044974149227 0 0.436429990189906
M165_4 281 -0.483161953939732 0.314368285781718 0 -0.376927432049335
M1687_4 281 0.0606411381507431 0.0817649997870823 0 -0.282089947396395
M1918_4 281 0.168649772826581 0.301457273169128 0 -0.176639586159572
M218_4 281 0.0199843742455116 -0.409128009728099 0 0.684553339041495
M21_4 281 0.766665394949639 0.283806704349945 0 -0.453176611799032
M2415_4 281 -1.04251467188105 0.412004632892681 0 0.420841490623761
M317_4 281 -0.0418831518398357 -0.762552494941213 0 -0.280831478198536
M546_4 281 0.208380511575939 -0.0101093470905468 0 0.0777194635119113
M723_4 281 -0.0774760558869892 0.16305030206635 0 -0.524138934744241
F1398_4 282 -1.11895997622541 -0.278763828671977 0 0.120379384276633
F1763_4 282 -0.683341432607164 0.261276746312996 0 -0.385906847381062
F1856_4 282 0.276890392648033 -0.399572569012809 0 0.493493515938202
F622_4 282 0.0234755864230041 -0.332331424094236 0 0.0040176657148443
F830_4 282 -0.903864342302587 -0.175147524897575 0 -0.18079316201072
F985_4 282 -0.00601612899213966 -0.124824866736335 0 -0.237181832043062
M1582_4 282 -0.892250131097235 0.438284987656191 0 0.402867412047702
M1753_4 282 -0.110951779064879 -0.409094693558353 0 1.24672308058818
M1985_4 282 -0.3157944827039 0.179064215350191 0 -0.0450735480680748
M2057_4 282 0.116153729927743 1.1167686959763 0 0.891039650008892
M371_4 282 0.931198815841239 -0.115830228985415 0 0.372160018172607
M680_4 282 -0.270924227311529 0.26645667932239 0 0.92012575141546
M809_4 282 0.108647244450863 0.5507081256282 0 -0.309464091726823
M994_4 282 0.253119450002999 -0.757206393621683 0 -0.676191768016923
F1301_4 283 -0.42104493188212 0.344849153372861 0 -0.163441091833422
F146_4 283 0.293488538347885 0.75256648675225 0 0.0938536198567979
F1909_4 283 0.000499984223772051 0.548196917524907 0 0.26846157614313
F1979_4 283 -0.27715931013354 0.233475573030643 0 -0.0166452609532759
F2087_4 283 -0.142406485215887 0.208328533487111 0 -0.0791114818404876
F2171_4 283 -0.595497894820977 -0.594432909631351 0 0.0996985301609669
F728_4 283 0.526614165491536 0.584464830979116 0 -0.252531401284211
M1021_4 283 -0.867858004662697 0.807129616465004 0 0.108088937662729
M138_4 283 0.407259548552299 0.51313898292337 0 0.112156520233693
M204_4 283 -0.290189797564538 -0.309198086166506 0 -0.539381525949334
M2245_4 283 -0.782876056532548 0.0996777520697149 0 0.413300721313887
M2540_4 283 0.680423369109447 -0.000923383143902834 0 0.623183552210552
M300_4 283 -0.891616095550915 0.276267972040968 0 0.226185633320861
M725_4 283 -1.14156243321545 -0.105388690103167 0 0.790754712478233
F1227_4 284 -0.41162310503045 0.159367248299534 0 0.479364396984077
F1919_4 284 -0.347218138338704 -0.492274868212465 0 0.039962168436621
F1985_4 284 -0.0985034389964337 -0.213142873332117 0 -0.141375522324348
F2333_4 284 0.881166616829742 -0.055424291606847 0 1.43081702878105
F2375_4 284 0.267375095448565 -0.045408112286224 0 -0.0880040747650657
F2654_4 284 0.47646839004351 -0.520449884037501 0 -0.885343446445513
M1145_4 284 0.296905507730495 0.164157691612924 0 -0.28611507721434
M1207_4 284 -0.62414280188474 0.232865578479916 0 -0.121084947757217
M2180_4 284 0.0835943687237369 0.24439965885638 0 0.491385861103413
M2375_4 284 -0.00730662375614485 0.892421066201455 0 0.678992228674271
M735_4 284 -0.342737042887879 0.0905682578063625 0 0.353276977681355
M813_4 284 0.414773274526227 0.350362886136877 0 0.290021105775588
M833_4 284 0.324995609702127 -0.0395920477649973 0 -0.229209642169939
M905_4 284 0.673161954697843 0.378407192259243 0 0.227192957517128
F1217_4 285 0.190461351286885 -0.176375799273219 0 0.181240298681387
F1397_4 285 0.141372673350569 -0.296150716094793 0 -0.125848958363856
F1501_4 285 0.604995117116194 -0.0663405976800376 0 0.680630359394914
F152_4 285 0.25013135966208 0.454980791595731 0 0.0398827284464501
F2325_4 285 -0.806819615665892 -0.0358447164218701 0 0.159402157590036
F2339_4 285 0.683523738400557 0.368687887753473 0 -0.304801503978393
F826_4 285 -0.727352869731602 -0.279448139366494 0 0.740957372182542
M1208_4 285 0.223037374144902 -0.427224193208755 0 0.0573364447011848
M1744_4 285 -0.444574323116095 0.776647710462911 0 0.357299757669598
M2015_4 285 -0.689487811145108 0.84999502539205 0 0.988426250454399
M2263_4 285 0.291082763888659 -0.393840103855987 0 -0.190177666607846
M2769_4 285 0.331758385089021 0.58561180608374 0 0.379250145379761
M387_4 285 0.610730580987804 -0.23841143667388 0 0.61401182446012
M461_4 285 -0.769697121194538 -0.281341888669174 0 0.410164681392929
F1242_4 286 0.125167601266915 -0.0265607556695702 0 0.396203573249036
F1745_4 286 -0.728069234565957 -0.174985547119531 0 0.567125192942588
F1769_4 286 -1.0163079049924 -0.428401117081913 0 0.907763552578079
F2086_4 286 -0.927175753788491 0.204569936686393 0 -0.262355393423443
F2465_4 286 -0.266193756491549 -0.39531166138144 0 0.343889146956934
F727_4 286 -0.392976946704824 0.0953510869447787 0 -0.0747275701896748
F893_4 286 0.241860691618204 -0.386700019314153 0 0.296091003355573
M1103_4 286 0.124078026309477 0.126379198277102 0 -0.0756427633897175
M1458_4 286 -0.441857047685628 0.121924820890693 0 -0.389960961164179
M2411_4 286 -0.515907236530007 -0.241015105380522 0 0.336137092808787
M2447_4 286 -0.104327739690678 -0.401354449656713 0 -0.214599672014986
M2670_4 286 0.614765648618172 -0.0604422302256664 0 0.236586976945842
M275_4 286 0.491566600625003 0.0168948100002826 0 0.58731360434334
M66_4 286 -0.0250359912920011 0.441033881806612 0 -0.133633331119215
F1085_4 287 -0.816180632741665 -0.32571334242201 0 -0.818687908371085
F1706_4 287 0.169710533267793 0.367390750815671 0 -0.778266745263939
F1870_4 287 -0.191949031117104 0.750776407375002 0 -0.229590936226706
F1959_4 287 0.0276708703408215 -0.722457098549924 0 0.0907374990498222
F2302_4 287 0.266295785416988 -0.206331606793502 0 0.577211516534188
F557_4 287 0.0197726832280666 0.660343004673848 0 -1.30766783086566
F595_4 287 0.1366317840108 0.821010107049536 0 0.448044272182318
M1468_4 287 0.174528700227641 -0.300291093362454 0 -0.543374397956996
M1480_4 287 -0.205849368728962 -0.388285825543302 0 0.125631860083814
M1988_4 287 -1.19870690542252 -0.871351354128328 0 0.198523612655969
M2084_4 287 0.470578939455451 0.335284987172782 0 0.587791824365516
M2340_4 287 0.383510884891696 -0.0435140894117169 0 0.538043655579496
M2720_4 287 -0.343915233835286 -0.00735782441156918 0 -0.565932839138419
M2787_4 287 -0.179770148479823 -0.574750943502597 0 -0.0479376545374389
F1463_4 288 -0.0540011568816162 0.399561008193873 0 0.0710350639761854
F1861_4 288 0.933649190762788 -0.0619909785668718 0 -0.524925933725737
F2542_4 288 -0.472318403130142 0.433413984544635 0 0.9041258900486
F695_4 288 0.145571874983649 -0.745228871761284 0 0.363894418417466
F873_4 288 -0.0374161554886821 -0.0735011506129895 0 0.195239283676051
M1751_4 288 -0.0967177327047012 -0.527831602578658 0 -0.620019085269285
M1829_4 288 -1.26244549573348 0.0190980859076197 0 0.153629277194303
M2055_4 288 0.289255229277177 -0.2963440175203 0 0.353117024906181
M2288_4 288 -0.102326999494966 -0.662917722758533 0 -0.206746903336788
M2354_4 288 1.48151461618438 -0.446043225939683 0 -0.372031572998351
M2385_4 288 0.272692177633328 1.19310939678022 0 -0.101476364682405
M2517_4 288 -0.364698551912587 0.54034391610758 0 0.00439202332759075
M2679_4 288 -0.582974034874852 -0.0352819133408735 0 0.561724788106817
M579_4 288 0.847577096384564 -0.521754153734321 0 0.21554630019984
F1532_4 289 0.305278395918444 0.126253846081231 0 -0.209701159713926
F2529_4 289 0.160675194961298 0.338016688822628 0 0.592152563631703
F2754_4 289 0.316790793286533 -1.40836333033406 0 -0.0590471550961824
F401_4 289 0.63425760966016 0.587450826116453 0 0.145308665123665
F501_4 289 -0.128958825233597 -0.084417658108737 0 0.0888054499413907
F606_4 289 0.393779714508761 -0.354696789049064 0 -0.123172302868602
F926_4 289 0.086699029908109 0.447705520175569 0 -0.289449412322127
M1123_4 289 0.564043875706 -0.351439292523234 0 0.360675868347123
M1761_4 289 -0.102680132444772 -0.724313955964467 0 0.154643534088663
M2204_4 289 -0.0642070036963381 0.325338818627532 0 -0.138097811961336
M2275_4 289 0.0693235037410002 -0.428246933550999 0 0.916131479689897
M2294_4 289 -0.126422879649947 -0.17731688751688 0 0.95528290889862
M2776_4 289 -0.50158954589414 1.48338282658867 0 0.197687645269875
M641_4 289 -0.790662043519681 -0.925367806261197 0 0.312434937131567
F1164_4 290 -0.0310768701146271 -0.910856550212113 0 -0.13676865567486
F1384_4 290 -0.00727783374675497 0.376922403984899 0 0.19904535344407
F1557_4 290 0.174729484136427 -1.03431173679016 0 -0.554582912843221
F1832_4 290 0.0692288275838118 0.138866241264671 0 0.598799800162605
F2784_4 290 -0.344620542405184 -0.541255917492818 0 0.556163665282557
F281_4 290 0.534170974135435 0.338556963591081 0 0.334793421607698
M1165_4 290 0.440137024233444 0.187002212423703 0 -0.014785949567971
M1250_4 290 -0.154545630246302 0.517236630570976 0 0.231002302970213
M1496_4 290 0.255568380967726 -0.014410299067116 0 0.0447470748686714
M2208_4 290 0.310639434490993 -0.145434782326112 0 0.292402905345579
M2660_4 290 0.143917829707487 0.554718368139739 0 -0.758257314700498
M2763_4 290 0.102809775293992 -0.451689719351895 0 0.00264974007312518
M331_4 290 -1.10438416836166 -0.514074669921528 0 0.385765847355115
M6_4 290 1.24990318499186 0.532300782139766 0 -0.181222338072201
F1131_4 291 -0.292943907028098 0.336455707607649 0 0.0156883043849897
F2120_4 291 0.555782888486061 -0.369930441084493 0 0.304829721258916
F253_4 291 -0.544412966953304 0.321301575191184 0 -0.323147928549073
F2658_4 291 -0.244573954011542 -0.156359593570108 0 0.329523846413808
F737_4 291 -0.191573523374782 -0.0648133623564742 0 0.102887230361697
F768_4 291 -0.551295390600754 -0.499591428784504 0 -0.339314844504605
M1204_4 291 -0.233484544137567 0.33933410946315 0 -0.523455348189208
M1423_4 291 -0.759523531467605 0.23408918457264 0 0.0181426365332941
M2254_4 291 0.0389929802806152 -0.830720434411369 0 -0.364643023815325
M2360_4 291 1.35793537871785 -0.134777503584833 0 0.157188657290984
M2466_4 291 -0.204743593497023 -0.818952808472773 0 0.299338544268875
M2665_4 291 0.521628264734741 -0.0383935118540268 0 0.896178357934452
M544_4 291 0.397623552545853 -0.553736486532862 0 -0.487628549774196
M661_4 291 0.49093125790186 0.103567156322457 0 -0.895040519812052
F1028_4 292 0.0608672044801931 -0.00289948290589159 0 0.755022251950739
F144_4 292 -0.247955256176071 0.0847094410377257 0 -0.928371250471003
F2166_4 292 -0.519815783106718 0.193502778433268 0 -0.267282640556286
F2291_4 292 0.308399410565936 0.42275448446262 0 0.252928040117173
F2353_4 292 0.440996830661342 -1.23301922897438 0 0.493457675662352
F2627_4 292 -0.2920464049636 -0.385946916837274 0 0.427168681029459
F2669_4 292 0.345192317644943 0.1842776273779 0 -0.0103920084287143
F532_4 292 -0.326067206804762 0.500606018336359 0 0.359499509142538
F951_4 292 -0.0344737928955017 -1.24630624906381 0 -1.32903942968315
M1892_4 292 -0.0836162495882757 0.576224740794338 0 0.0895680121747758
M2546_4 292 0.343239735258235 -0.144092705190954 0 0.117958812418104
M282_4 292 -0.329459730108813 0.305261396638457 0 0.313503131942912
M328_4 292 0.615216166034538 0.581507726192369 0 0.174687019019923
M5_4 292 -0.204425652178148 -0.0818083266534542 0 0.563142475002867
F2250_4 293 -0.161240695769733 -0.0387373796359191 0 -0.109427667634831
F2798_4 293 -0.867950365497457 0.713327259929724 0 0.289563085360506
F542_4 293 0.201586410498438 0.854012254011317 0 -0.01375678036049
M1083_4 293 0.21048553843199 0.0427342694017337 0 0.29866023477941
M1270_4 293 0.146307040083739 0.818667577461563 0 0.852523319894056
M1280_4 293 -0.212121816491463 -0.0219641761376277 0 -0.834737725593619
M1868_4 293 0.139717162769615 -0.148934827125993 0 0.42862379105284
M2197_4 293 0.405639845112607 -0.258244719859671 0 0.163113822257813
M2220_4 293 -0.603742163547244 0.0547083201253781 0 0.373745797543921
M2262_4 293 -0.0205258574451263 0.0827395078513381 0 -0.051308682072553
M2730_4 293 -0.367022730989048 0.467880910777757 0 -0.658992776327507
M390_4 293 0.382618213044517 0.260064290507165 0 1.24166391042531
M742_4 293 0.0108511235029065 0.293827359995245 0 0.547956196995547
M969_4 293 1.12740843031537 -0.0938730264457227 0 -0.530902703883507
F153_4 294 -0.394585331948584 1.01070576339144 0 0.660633261134432
F1838_4 294 -0.168936519594136 0.838180689823527 0 0.0231680318458938
F2116_4 294 0.922847457089541 -0.613235486026025 0 0.772668451517134
F2415_4 294 -0.0685209803201369 -0.0452111773898879 0 -0.516184070295004
F2509_4 294 0.201965616914269 -0.668607660887854 0 0.413887737370012
F2539_4 294 -0.471190257846067 0.36914123658778 0 0.625930645912515
F2649_4 294 -0.661838592585696 0.863193732741474 0 -0.0862392334543718
F426_4 294 0.375331639882462 -0.0732297145754045 0 0.646038570085835
F82_4 294 0.417489681818866 -0.295846386226488 0 0.54637407626405
F938_4 294 -0.445166779978638 0.53319919818664 0 0.0808604968118857
F945_4 294 0.483751042430163 0.260970887176448 0 0.332868963350906
M1720_4 294 0.606067176405694 0.692867792426994 0 0.282226146742929
M1900_4 294 -0.0689124231449816 -0.3528324951578 0 0.108784640980976
M2085_4 294 1.47255007066444 -0.543762004011557 0 -0.330850940270988
F1196_4 295 -0.132225969150859 0.648414414468647 0 0.268204274588539
F1210_4 295 -0.176328730141278 0.172845825061246 0 0.429221602031414
F1460_4 295 0.372133940802392 0.218174962040092 0 0.584136793749744
F1575_4 295 -0.152896748406386 0.672966542502789 0 0.198145840095862
F1640_4 295 0.509429853541255 -0.683349174247442 0 0.198785585059776
F206_4 295 -0.0691829154163256 0.162262226711377 0 0.844884864271329
F2695_4 295 0.509784558848015 1.05849243904129 0 0.301230772618924
F976_4 295 0.637353620803732 -0.190158834942098 0 0.618806557860179
M182_4 295 0.687980193384735 0.596646257039314 0 0.0520005440865004
M2086_4 295 0.0130729763226728 0.0104449834266962 0 -0.296416516637575
M2198_4 295 0.503042502456284 -0.434226128790837 0 -0.518335341332385
M521_4 295 0.0311457528631171 -0.0436562063766802 0 0.263159158323613
M572_4 295 -0.485664313982414 0.655826564271703 0 -0.180594335414792
M997_4 295 -0.313470311100814 -0.632836394410702 0 0.365042660851435
F1215_4 296 0.212962537796502 0.312349576015016 0 0.373033192256713
F1219_4 296 -0.0790103989810757 0.431722448872197 0 0.553945367275717
F2330_4 296 -0.451004487471006 0.383217494873251 0 0.163204982944948
F2352_4 296 -0.430445725275735 -0.723941142711463 0 0.595107662607969
F309_4 296 -0.672059531329332 0.50592750387714 0 -0.329195203165427
F397_4 296 0.452577834388109 0.352355759347347 0 -0.664647961954422
F717_4 296 0.26038242035159 -0.655912531857358 0 0.222502879726842
F935_4 296 -0.126506740349093 0.674752393148469 0 0.599696628289111
M1997_4 296 -0.372784816853489 -0.0923211155155158 0 -0.303474816137241
M2584_4 296 0.162697047102361 0.0617565969476562 0 0.264313268203429
M345_4 296 0.657526658931088 0.257681474810364 0 -0.70320416834914
M540_4 296 -0.111036038543875 -0.158218249002529 0 -0.972268418653494
M595_4 296 0.357018965067428 -0.273209006825953 0 -0.0381182971938621
M631_4 296 0.263962581945087 -0.209832115203973 0 -0.436319947166249
F1376_4 297 -0.271087306920425 -0.818883815482906 0 -0.237092333355583
F1628_4 297 -0.293294184334 0.0539255654119846 0 0.442573756073471
F1843_4 297 0.611384965098063 0.540273283623873 0 0.315940278422864
F1973_4 297 0.0172461058278402 0.195573594065539 0 -0.431937682192314
F2167_4 297 0.477545618134261 0.0093088695622765 0 0.802528198951283
F2293_4 297 0.292160954212913 0.0209978152141029 0 0.0685533545645142
M1419_4 297 0.0504177508775595 -0.022509322416442 0 0.00606161849314291
M1465_4 297 0.593299811939818 0.447809761744005 0 0.0127560893158184
M1499_4 297 -0.750637037811213 0.38554527144362 0 0.432608788032457
M1563_4 297 -0.304732867164602 0.859259642380784 0 0.366545237658122
M1566_4 297 -0.809231096037212 0.25345403488476 0 -0.371116108859782
M2405_4 297 -0.0592684563616093 0.0400595949261999 0 0.157170223543509
M2460_4 297 0.0644398879411484 -0.127668875044796 0 0.535771395947581
M2671_4 297 0.142657319196961 0.920426716072547 0 -0.203396875094986
F1692_4 298 0.00972931993834868 0.909222535027457 0 0.634350250878202
F176_4 298 0.196236321732418 -0.506995159057862 0 -0.869084283807828
F2385_4 298 0.224720122052529 0.787687388645308 0 0.369769312144041
F2707_4 298 0.00790197220145178 0.128636697780685 0 -0.0575291472442991
F662_4 298 -0.390306896817927 0.73519331907298 0 0.558630286173001
F748_4 298 -0.378890236588034 -0.0326143705790735 0 -0.453723292960054
F74_4 298 -0.123267372392995 0.524249786041216 0 0.306968610376013
M1262_4 298 -0.00364578918411447 -0.426223546078538 0 0.36195184277368
M1661_4 298 0.359047971854786 -0.523325170872685 0 -0.229524759853209
M1906_4 298 0.559383622387329 0.728088472948507 0 0.30122695387624
M2063_4 298 0.0264458225187108 -0.33394341436195 0 -0.827886371007126
M2219_4 298 0.436039139948457 -0.106890871870743 0 -0.0978350953677497
M2498_4 298 0.583327222808786 -1.11564505830457 0 0.795323500231744
M468_4 298 -0.194790717438589 -0.203358820983226 0 -0.303526251444201
F1116_4 299 0.0743902629337054 -0.0226937255346208 0 0.94729953498634
F1204_4 299 -0.339682125833969 -0.506464816322727 0 -0.157997466128724
F2220_4 299 0.345498026411437 0.211692670204073 0 0.169148815183791
F2635_4 299 -0.157010713577569 -0.157169932250797 0 0.136060834519098
F321_4 299 0.265288670973247 0.305056932187521 0 0.338248209188701
F700_4 299 -0.244325769418077 -0.121435231333146 0 0.725213658442233
F81_4 299 0.188238856602822 0.0682548134191909 0 0.482739099020236
M1540_4 299 -0.277394525842003 -0.223483270904915 0 -0.398323538559257
M1952_4 299 0.616317220506271 -0.207195322133283 0 -0.772971293009755
M2614_4 299 0.00858466732407938 0.455555051577539 0 1.0180734792525
M2653_4 299 0.235426006030786 0.14966083419926 0 0.636622389878301
M748_4 299 0.19160094626327 -0.0576191414484868 0 -0.427134784827686
M976_4 299 0.880554370045605 -0.504979217370711 0 0.120647057600622
M980_4 299 -0.121027134862301 0.474657051271605 0 0.0718988585262221
F115_4 300 0.52668536666901 -0.582250474140337 0 0.157340030861462
F1248_4 300 0.306854063374815 -1.15632368696919 0 0.0754690878026883
F1363_4 300 -0.107591211621712 -0.0359105892917854 0 0.0316338937021395
F1594_4 300 0.252395241557234 0.438431895263954 0 -0.254746351602862
F1950_4 300 0.447412391998325 -0.0131156782620966 0 0.2018846484604
F202_4 300 -1.21038608241272 0.33796575319588 0 -0.41341838314003
F2548_4 300 0.136464492694223 -0.149408020987736 0 1.03222036952598
M1195_4 300 -0.683932515987828 1.55813242483381 0 0.209096713364101
M1260_4 300 -0.25782678822273 -0.501659019247271 0 0.253907310926132
M1502_4 300 0.320617791130061 -0.574835271370043 0 0.715784468370344
M2407_4 300 0.26827619968727 1.1983338012704 0 -0.413426636602012
M2561_4 300 1.44326727273359 -0.123687800391276 0 0.174768939505441
M819_4 300 0.0850194072135309 0.0176406487801581 0 -0.0894971953164214
M933_4 300 0.0983483448570926 -1.01797930836096 0 -0.334836359485613
F1030_4 301 -0.457894147511026 0.835767051243732 0 0.948914409183965
F1224_4 301 0.383642732558797 0.666796254887036 0 0.0201788314450961
F2112_4 301 -0.114825752768782 0.0577771753466824 0 0.0950236618073084
F21_4 301 -0.20927366343966 -0.246933889120698 0 0.100056346070055
F2338_4 301 0.331462090332058 -0.356386620453163 0 0.301965816794398
F2696_4 301 -0.353450182817648 0.38497871124071 0 0.106405711508645
F6_4 301 1.15453222695858 -1.08755904694014 0 -0.1576873401865
M2398_4 301 0.615599365385878 0.227470023617847 0 -0.480844723401405
M2757_4 301 0.106719919943307 0.218690272195769 0 0.000920804361130068
M33_4 301 0.280385658901541 -0.326075489890499 0 0.384569158117328
M944_4 301 0.107197916686986 -0.472273503083419 0 -0.115687423518091
M973_4 301 0.719709911380266 -0.630744170610641 0 0.00706337492268339
M975_4 301 0.0744656599238006 0.386724518219614 0 -0.0641085270401662
M9_4 301 -0.425822599124342 -0.277086617941374 0 -0.0668062181711797
F1012_4 302 -0.476575151415791 -0.448690104993554 0 -0.368456789870237
F1661_4 302 0.222407040656099 1.23610055766315 0 -0.364729449333455
F2052_4 302 -0.301488646003809 0.752777564288599 0 0.56694909414435
F2586_4 302 0.0810460217270327 0.561391114907415 0 -0.369555757177355
F423_4 302 0.4147044441538 0.37463109644056 0 0.0825947363421479
F463_4 302 0.274600442928974 -0.119206658630963 0 -0.461281536509813
F799_4 302 0.758323099134544 -0.163526916788948 0 1.26034270465362
F807_4 302 -0.0991418664868357 0.342883384097885 0 -0.050842167158839
F85_4 302 0.106057447014148 -0.985142364264987 0 -0.00141247353296498
M1377_4 302 0.798258684146415 -0.455209337362182 0 -0.23321662816873
M1456_4 302 -0.612731148252237 -0.0453961440003458 0 0.148322066132974
M2252_4 302 0.462336405352279 0.323515374624169 0 -0.591098588506628
M2315_4 302 0.195804788170785 -0.26414234267389 0 1.06315424860869
M824_4 302 -0.127759627409727 0.334000627954708 0 0.369480582955163
F1070_4 303 0.0977150952267667 0.320106263954541 0 -0.105555661384276
F1246_4 303 -0.0819329775729561 -0.418976588376965 0 0.644394941096871
F1328_4 303 0.217018737513128 0.293932200759191 0 0.309272309463574
F200_4 303 -0.454052268129575 -0.405441354164017 0 0.844249870324814
F2069_4 303 -0.0536347080619803 0.778769003002738 0 0.148509031474924
F2551_4 303 -0.038621315492152 0.0326611158771708 0 -0.324644510009498
F846_4 303 -0.60989293381878 0.579996169733942 0 -0.263802077128105
F919_4 303 0.822840137507973 0.135459282159788 0 0.0229074798079317
M1894_4 303 0.882993729354012 -0.18603466816773 0 0.539857666640411
M2631_4 303 0.723483106516256 0.213545660582816 0 0.676055795313557
M403_4 303 -0.271120889496553 -0.409570008338634 0 0.205165171991343
M722_4 303 0.267083551825944 0.0212006657060442 0 -0.587995122724835
M763_4 303 -0.142103779024448 0.452189679413394 0 -0.284761108207142
M883_4 303 0.16722926800405 -0.305146450497597 0 0.967805505991171
F1385_4 304 0.759426175425897 1.37023785336911 0 0.145158044070137
F1474_4 304 -0.0266124794663661 0.11499128907462 0 -0.238496362981455
F2223_4 304 0.000588718556999157 -0.165854423288155 0 0.820822895789085
F2526_4 304 -0.126653577673721 -0.764180485247486 0 -0.848470213456301
M1276_4 304 -0.698727845475719 0.951395755840945 0 0.406626491418664
M1322_4 304 0.0383627732755777 -0.144740096035989 0 0.287482724322628
M1324_4 304 1.11941763173039 0.0776003297738463 0 -0.435137384063633
M1618_4 304 0.151129871879278 0.278193175130693 0 -0.444705812792877
M2488_4 304 -0.398159781972425 0.0335663889190215 0 0.217127794311118
M2508_4 304 -0.0491456323222633 0.728763542793635 0 0.137461267565383
M2521_4 304 -0.173116798831396 0.251405045026223 0 -0.551046853122665
M2590_4 304 -1.14623000781347 -0.381723060922967 0 0.210427970651337
M2662_4 304 0.0134005114726215 1.16056196286442 0 -0.156240263815189
M559_4 304 0.388746679394898 0.0630202069869255 0 -0.244221023627347
F1574_4 305 0.0169868176104564 -0.280430665825461 0 -0.324104091561637
F1819_4 305 -0.157748344721048 -0.592731733624058 0 -0.0635958791376266
F1898_4 305 -0.0493701082329514 -0.518313564857621 0 0.227045906746313
F1999_4 305 -0.660337489751528 -0.372752022070682 0 0.459833658512185
F2164_4 305 -0.436117077840579 -0.886654328371012 0 -0.323016184352577
F545_4 305 0.194456118395179 -0.587660890976592 0 -0.149990829495867
F990_4 305 -0.223793018633333 -0.102649159980891 0 -0.0390688151209735
M11_4 305 -0.423087128402385 0.472998707066751 0 -0.304980665873319
M1805_4 305 0.023423136360387 0.52204331864712 0 -0.198738446266332
M2047_4 305 -0.29522916280229 0.0382549919370158 0 -0.25531571152047
M2127_4 305 -0.538555946284769 -0.331570958757733 0 0.0952265980494343
M2199_4 305 0.199478295385115 0.0174537514838506 0 0.454190957747878
M2200_4 305 -0.472114724600523 -0.830383577651509 0 0.573394006063574
M872_4 305 -0.403450937093435 -0.599019875209618 0 0.393754800720329
F1300_4 306 -0.285445600379927 -0.0337107840918501 0 -0.0293757637810606
F182_4 306 0.0187888450789243 -0.118380490334304 0 0.218912040581995
F1894_4 306 -0.48407313626955 -0.473083157675 0 -0.421792572938088
F2018_4 306 0.59078411150362 -0.324924515051848 0 -0.12465954848204
F2206_4 306 0.255488959925931 -0.406661486010413 0 -0.220865503124662
F2588_4 306 0.199751369390109 0.212060169823773 0 0.104577682556333
F434_4 306 0.348887241812486 -0.280276378433589 0 1.11911420045483
M1067_4 306 0.36577681729079 -0.0611075609399664 0 0.580595167928768
M1184_4 306 0.308084279715891 0.271002049481029 0 0.644512682396316
M1543_4 306 -0.121626402380251 0.572293570292273 0 0.924822288454741
M1548_4 306 0.911175516480861 -0.351881825632694 0 0.141757916652714
M1990_4 306 0.325277332417782 0.338377167307543 0 0.757670258412793
M2303_4 306 0.0865768361382208 -1.17283462820981 0 -1.07716446107145
M75_4 306 -0.380542082536906 -0.29146299561762 0 0.346916585346596
F1879_4 307 0.252424232484421 -0.54836204272657 0 0.148465136834429
F1934_4 307 -0.285747317311513 0.0930862621238525 0 0.227684492394361
F312_4 307 -0.457542121194702 -0.911514361847915 0 0.0890441345739221
F809_4 307 -0.0856442634449181 0.428703582381571 0 0.0146106889742597
M1066_4 307 0.00388615327457215 -0.450892668212401 0 0.31621045554498
M1185_4 307 -0.0448122274453532 0.0739694763891249 0 0.241669117899904
M1277_4 307 -0.516742130073111 -0.43273666549569 0 -0.326190148425461
M1367_4 307 0.407510176483899 -0.0466703193699162 0 0.154764697218441
M1461_4 307 0.199045662980092 1.11013649792142 0 1.44410663486073
M1622_4 307 0.135182986294928 0.210572711713322 0 1.18564234208011
M1704_4 307 -0.557718906248534 -0.988473851482863 0 0.679323364049144
M172_4 307 0.495683358967806 -0.26451853412291 0 0.75331397383354
M2132_4 307 0.750081773956871 -0.0608943896918619 0 0.250305899478376
M2779_4 307 -0.245741850702296 -0.670071921958352 0 -0.273493881653596
F1121_4 308 -0.218147555650292 -0.329352454315089 0 0.8990660216499
F196_4 308 -0.315651476952578 0.145688961506294 0 -0.671717670926532
F2492_4 308 -0.229216042564719 0.383402742166213 0 -0.325078677564933
F257_4 308 -0.285975598556778 -0.225155986688645 0 0.27821721195131
F719_4 308 -0.669411156442283 0.725942609648645 0 -0.31238147509956
M1020_4 308 0.153051663755514 -0.152286843631217 0 -0.404611476597012
M1170_4 308 0.272220221357385 0.259682034501854 0 0.105543473285893
M1192_4 308 -0.120743866004681 0.701802639374968 0 -0.15866413402299
M1296_4 308 0.111265906393877 -0.184330990411903 0 -0.629737796517218
M1380_4 308 -0.145832531703513 -0.111829008833763 0 0.711761166438943
M1585_4 308 0.35237218760097 -0.421021494459747 0 -0.0389160613548177
M1599_4 308 -0.186302014004566 1.28488215345436 0 -0.161110145063286
M1888_4 308 0.38372624123226 -0.617051249245469 0 -0.166018580032648
M2642_4 308 0.101695533766842 -0.399895890302152 0 -0.232685463749789
F1047_4 309 0.300997036177358 1.47730679476211 0 0.813285119941825
F118_4 309 0.172505735098634 0.502375647578644 0 0.801427146147843
F1273_4 309 0.780040579099048 -0.420991542056025 0 -0.0684383089299435
F1427_4 309 0.529072686182071 -0.112421182763988 0 0.977134229817791
F2463_4 309 -0.457241264385331 -0.416295449881693 0 0.240341909265944
F313_4 309 -0.0796176680746756 0.103031683741112 0 0.504642642804707
F368_4 309 0.00565160655473045 0.297607621024881 0 0.0755071577561099
F687_4 309 -0.600366150195315 0.254448897226701 0 0.284815621554737
M1972_4 309 0.400386687576771 0.791285723805538 0 0.659836115120208
M2175_4 309 1.33364737500561 0.69001502760583 0 0.247078495557281
M2777_4 309 0.0774533661836422 0.473778434739836 0 -0.910036696896972
M339_4 309 0.420238803944752 -0.0825611565863441 0 -0.581059860545334
M78_4 309 0.132873760470121 -0.704051868042823 0 0.182737733041348
M984_4 309 0.980177517532806 -0.0728836552502209 0 -0.844191554164493
F1392_4 310 -0.112104315336535 0.63008931055769 0 0.416622076867621
F1742_4 310 0.598687043418726 0.083292247491652 0 0.21131598529859
F1809_4 310 -0.694474973131376 -0.563913442812042 0 -0.430556672433331
F1998_4 310 0.411439394322646 0.328601071547032 0 0.480329602489418
F2478_4 310 -0.610573395640307 -0.227618498799321 0 0.226441665887667
F2727_4 310 0.432947282063123 -0.0620400700271433 0 -0.164320535352812
F338_4 310 0.442164013250026 0.00480595313646182 0 0.471045544934776
F50_4 310 -0.0449158176516889 -0.0227793805073987 0 -0.0166597866112777
F86_4 310 0.442106604407765 0.124126591088945 0 -0.667507317488249
M1040_4 310 -0.0196290455165629 0.275817735479783 0 0.156684493028782
M1923_4 310 0.295226705317603 0.0914124199321132 0 -0.325192973447688
M1931_4 310 0.42859176600482 0.505825364810861 0 0.153019550395082
M262_4 310 0.301843912178934 0.180086357133424 0 0.925865927277316
M929_4 310 -0.575123129951932 0.480908061176577 0 -0.119682713165596
F1357_4 311 -0.723543650763512 0.261066005514641 0 0.40865088735183
F1360_4 311 0.178675981674722 0.793461257137847 0 0.141054926873886
F1668_4 311 -0.798707379580936 -0.880301519946373 0 0.628474413843789
F1681_4 311 0.0360155719455785 0.0897167486934218 0 0.171548886915936
F2249_4 311 0.607143536036766 0.149533637639378 0 0.00853484442205127
F2758_4 311 -0.331572020231034 -1.04011586550906 0 -0.551159057099616
F467_4 311 0.415662034919054 -0.119116926945863 0 0.861700490965013
M2068_4 311 0.123929003564895 0.502587794971136 0 -0.433809035674668
M2593_4 311 0.677959552996152 -0.220784437402127 0 0.558592128532105
M491_4 311 0.666737944898395 0.696679987399463 0 0.219882984055678
M562_4 311 -0.476450353579703 -0.0375068073477763 0 -0.118199364598917
M739_4 311 0.201027908897371 0.122190705830421 0 0.81316386281636
M789_4 311 0.522502058085964 0.246837410932682 0 -0.013362076313316
M805_4 311 -0.664536734054958 0.254903497911634 0 -0.582085792634534
F1377_4 312 0.474614053982119 0.6818812490532 0 0.128792159390296
F230_4 312 -0.446794239607193 0.197377071516031 0 0.334008081736379
F2327_4 312 -0.429927251933745 0.749153914861537 0 0.169595082570357
F364_4 312 -0.539063793124263 0.0671486891579829 0 -0.320105047653794
F713_4 312 0.921587850462314 -0.685387983162556 0 -0.15968976651998
M1251_4 312 0.0817362336603364 0.718579913255244 0 0.358961599637472
M1282_4 312 -0.251613647609316 0.362694073628412 0 -1.17443083897382
M1662_4 312 -0.228037365108887 -0.47360741754404 0 -0.0132270855454028
M1695_4 312 0.227377473966384 0.382818062139846 0 0.319946732987837
M1772_4 312 0.332453538981657 0.98999107743866 0 0.0149700260824783
M1856_4 312 -0.618298441806609 0.272278229720573 0 -0.267293193460826
M2089_4 312 -0.422246914535934 -0.323556319254116 0 0.63516164465645
M2452_4 312 0.431448133710373 0.399498840681379 0 0.646307493285149
M2607_4 312 -0.624752915819254 1.07254210949796 0 -0.701543969638846
F1077_4 313 -0.439502036778507 0.431441127765202 0 0.100411596914959
F1103_4 313 0.783547563215046 -0.354946970496319 0 -0.995954080813007
F1643_4 313 -0.402524747618486 -0.307895715059813 0 -0.843892595010951
F1917_4 313 -0.0436874587191695 0.373412387188934 0 0.115790189759236
F2439_4 313 0.194411876614456 0.165568044234736 0 0.195120255060254
F691_4 313 -0.156800045100563 -0.158303022407259 0 -0.513776648575245
F744_4 313 0.384900960577895 0.667529842009438 0 -0.71338664046949
F872_4 313 0.15780572659715 -1.09054237463324 0 1.51988567272253
M176_4 313 0.114930777907113 -0.363725812630676 0 0.673921727729547
M195_4 313 -0.0323702620521144 -0.286538515130412 0 0.80959114916252
M2610_4 313 0.418658512809746 -0.412636386388381 0 0.113576838483096
M653_4 313 -0.156950393306253 -0.395516931872277 0 0.465676728159687
M74_4 313 0.373260716749465 -0.0993418179903178 0 -0.454030448795239
M946_4 313 -0.364279058683879 -0.473509932898198 0 0.267035254058917
F1508_4 314 -0.331063795416023 0.0233556905060998 0 0.0396778098830638
F1662_4 314 -0.570728282606133 0.122065609754774 0 0.550338479332786
F1679_4 314 -0.755381679141843 0.773660501891822 0 0.770297054063777
F1728_4 314 -0.807134362703245 0.141190470126483 0 -0.39727927740888
F592_4 314 -0.589687913052157 -0.101500804617952 0 0.0840903015186659
F69_4 314 -0.0787983505336231 0.700746107720393 0 -0.333281821397778
F736_4 314 -0.413932385733702 0.320394239065355 0 -0.130545603204
F802_4 314 0.850180272049525 -0.233156316421659 0 0.633177029894901
M1374_4 314 -0.111891210294486 0.684453653801296 0 0.359899740162368
M1387_4 314 -0.439677263287407 -0.0386103888769663 0 0.337187436547334
M2105_4 314 0.588065149426342 0.764988913558485 0 0.529677251729846
M2505_4 314 -0.332291407361805 0.203321326854211 0 0.346341010912952
M292_4 314 -0.286446057962287 -0.197095932175771 0 -0.545741248804826
M924_4 314 1.08718025126457 0.380810991424861 0 0.238818862861824
F1256_4 315 -0.437043669727289 -0.569360917732565 0 -0.391874611374385
F207_4 315 -0.454175794097549 0.0268816602967376 0 0.222067523407187
F2137_4 315 1.04037037299515 -0.141835169546906 0 0.81225458365757
F2354_4 315 -0.424888777884698 0.505196580664692 0 -0.251267636795741
F2406_4 315 -0.208367526233744 0.925833277913667 0 0.187202917034093
F2582_4 315 -0.255017214600976 0.0497368772326693 0 -0.0687992380766975
F480_4 315 0.0075679403573867 0.0839137237347953 0 -0.411702850112992
M1211_4 315 0.152741989572241 -0.140235760225062 0 0.106558849980422
M2120_4 315 -0.884281967795842 0.246302911425562 0 0.10633808014454
M2557_4 315 -0.118111359364094 -0.433013245569182 0 -0.151777143483056
M2736_4 315 -0.339880736386304 0.735567797664397 0 -0.735245506661753
M303_4 315 0.106310457230993 0.26512552231676 0 0.706238922912809
M694_4 315 -0.0250154395447835 0.531009167208758 0 -0.470021454366335
M730_4 315 0.167077604979746 -0.496113535491335 0 0.0902625673381313
F1147_4 316 -0.0182330736683639 -0.0147097478327706 0 -0.222242056443325
F1416_4 316 0.303816787946506 0.05190140064662 0 0.370720955264522
F1787_4 316 -0.8096487221571 -0.352655105092169 0 0.598411763479779
F1858_4 316 0.494131168520303 0.415122806396672 0 0.664565769109059
M1334_4 316 -0.115859957257092 -0.0897682273022642 0 -0.417948213667606
M1507_4 316 0.387355359739902 -0.130043819408121 0 1.03931421587095
M155_4 316 0.118540408968514 -0.350049533918917 0 -0.0283407916985279
M1648_4 316 0.509876345769703 -0.39669100937972 0 0.368493700256843
M1709_4 316 0.668736940791119 0.0876749546403413 0 -0.368621094237436
M178_4 316 0.226870959445121 0.410691918319136 0 0.630943118452842
M2365_4 316 0.225951639132759 -0.839079552301266 0 0.767756176598416
M758_4 316 -0.31903100054063 -0.0437071209881997 0 -0.272899404679417
M92_4 316 -0.120451551354363 0.513766964437606 0 -0.433218190499042
M968_4 316 0.40171928636226 0.23940608856664 0 0.330185635533092
F1541_4 317 -0.786953401294439 0.306057049308796 0 0.831648621610062
F1880_4 317 -0.626591741530552 -0.0220927069213662 0 0.0355758905085155
F1911_4 317 0.764755837415835 0.433564881650064 0 -0.686854131681651
F2169_4 317 -0.45548102657866 -0.0227332829485465 0 -0.138388437904172
F2668_4 317 -0.0968605555866855 -0.346923859753578 0 0.881829347137239
F2713_4 317 -0.875051086168278 0.214387109254907 0 0.154767866271665
F295_4 317 0.654300410628403 0.499662264957034 0 -0.40853426925879
F508_4 317 0.224614539550724 -0.610300227083201 0 0.0424620619548565
M1012_4 317 0.0798156476695166 0.00969774590599959 0 -0.269282916465445
M1711_4 317 -0.0438903308264418 -0.702136004630284 0 0.186035852145583
M1977_4 317 0.0502232997671332 0.925335270025114 0 -0.0672828314224457
M329_4 317 0.554847707426911 0.376162721730591 0 0.622655032957804
M852_4 317 0.412217433944041 0.0128982710706717 0 0.337916660853387
M8_4 317 0.872031131335639 -0.370379378102447 0 -0.0371684174355046
F1019_4 318 -0.140732009545271 -0.0694512080630173 0 -0.0820718250716996
F1327_4 318 -0.555221821845048 0.158138010605916 0 -0.451161575979367
F1372_4 318 -0.371003103662465 0.00630811406681342 0 0.130345515616613
F1442_4 318 0.35477563455034 0.874854816079296 0 -0.451457293755266
F1750_4 318 0.583618770021513 0.111342020519898 0 -0.459482704726531
F1977_4 318 -0.222835346203467 -0.117468199409713 0 -0.0358356545411878
F2420_4 318 0.264311675054656 -0.271640641012331 0 -0.562658106611433
F2659_4 318 -0.284076235070005 0.458320880134629 0 0.0316722389069022
F372_4 318 -0.102837781534108 -0.213472789456736 0 0.00526184065509983
F476_4 318 -0.28462884231532 -0.738944306926308 0 -0.778641748474925
F664_4 318 0.00799368136510541 0.437143281819593 0 0.489226708038768
M1082_4 318 -0.338971040921878 0.356449274109374 0 0.536138645776022
M304_4 318 -0.298890908069438 0.442590703186261 0 0.269754411739264
M73_4 318 0.0592628066947404 -0.129398323301766 0 0.411305302045392
F1091_4 319 -0.180092448737328 0.227618452551027 0 -0.0367099973759734
F1374_4 319 0.352172902019281 -0.229241946288732 0 0.0843744274442396
F1504_4 319 0.213184153252755 0.338807534702018 0 0.119780461262609
F2064_4 319 -0.480085986101583 0.592014261514815 0 -0.164316535495639
F2765_4 319 -0.440127830752842 -0.277816210102363 0 -0.246933443797192
F406_4 319 -0.51876266181246 -1.08120511696955 0 -0.430324591398585
F63_4 319 -0.27270156259885 0.43251468973678 0 0.909194410341035
F839_4 319 0.0525080287225669 1.3052385158303 0 0.775649018815304
F937_4 319 0.674464578997125 0.0930229194272419 0 0.172097177982403
M1356_4 319 0.274749764108127 -0.350419107947918 0 0.847169944120347
M1519_4 319 -0.837828857151924 0.853326644218995 0 0.28687601241323
M2760_4 319 -0.514646202898254 -0.535755340287007 0 0.112725126855962
M385_4 319 0.339417136364501 0.673878559305372 0 0.429458193709309
M910_4 319 -0.20301433897998 0.341035584222742 0 -0.256584269314068
F1322_4 320 0.101342119159684 0.670384741178564 0 0.206451958991994
F1331_4 320 -1.09842333879114 -0.0215327945448104 0 0.169821429990524
F1369_4 320 -0.481975905940856 0.708124788241723 0 0.346165876475828
F1437_4 320 -0.156449152680072 -0.266471646126515 0 0.924112847388145
F2511_4 320 -0.0234413545825052 0.251355600876625 0 0.861514517630109
F2693_4 320 0.0143655130491122 0.704362714658336 0 1.04355049769041
F8_4 320 0.0531532229201598 -0.774273321159002 0 0.313506586389693
M1638_4 320 -0.0490002114260131 -0.545838576976605 0 0.946904292589645
M2005_4 320 -0.0214326906991051 -0.103920425591982 0 -0.14820870807455
M2661_4 320 0.394746081567695 -0.0454825575125908 0 0.396633595768756
M449_4 320 0.918210899567435 -0.395485228920433 0 0.465232745991021
M587_4 320 -0.758222432545269 -0.398079227097173 0 -0.287280705710742
M658_4 320 0.529731708925325 0.318473643431951 0 -0.855146645076573
M687_4 320 0.230558455150404 0.462739226866757 0 0.362306712831119
F1053_4 321 -0.469979177208013 0.260043303713412 0 0.255992286287872
F1108_4 321 0.190066534137189 -0.208642988394214 0 -0.214779396048655
F1201_4 321 0.544034964207065 -1.11185837826007 0 0.679717087769521
F1522_4 321 0.251160376714124 -0.720605328240321 0 0.467829385442837
F1663_4 321 0.210590466310126 0.541198722830251 0 -0.482338003687762
F1666_4 321 0.196313662456865 0.535365935694574 0 0.292852100215265
F282_4 321 -0.679229778891521 -0.0143164307026343 0 -0.130431494172345
F630_4 321 0.658119823011866 -0.345420970612873 0 -0.61939559902558
F836_4 321 0.528199568932753 -0.755272748057844 0 -0.399520543662835
M1501_4 321 -0.0557196696526441 -0.816496760699734 0 0.943068329134588
M1763_4 321 -0.488454324563298 0.672909960469565 0 0.501270939682951
M2545_4 321 0.998266012788725 -0.409132328202963 0 0.255998894799119
M2612_4 321 -0.167046309720782 -0.217487121028985 0 0.163265906432515
M998_4 321 0.562704075832204 0.159819743988675 0 -0.573402450181342
F1426_4 322 0.335096616725735 -0.543545453332451 0 -0.637079013466702
F1571_4 322 0.591012109797341 0.829073242402584 0 0.0709911019551224
F2031_4 322 0.710991691479366 0.258256578004461 0 -0.313347716572137
F224_4 322 -0.253235923800161 -0.207619358651185 0 -0.898255954898697
F459_4 322 0.518798331220433 -0.252109735460822 0 0.241641878386771
F487_4 322 -0.205423722791107 -0.818673851644297 0 -0.474204420397938
F963_4 322 -0.118173447377492 -0.721824872689964 0 0.280647262246539
F983_4 322 -0.395005334678215 -0.0522825253079218 0 0.559588832479802
M2138_4 322 -1.07408511465049 -1.02742878986925 0 0.814859926250291
M2293_4 322 0.828544786259097 -0.200109713894131 0 0.0161337826733459
M399_4 322 -0.752447996518017 0.572656806519571 0 0.689026934454332
M602_4 322 0.308052738881491 0.037077946090297 0 -0.150412113541428
M634_4 322 -0.464147860833539 1.08148659307616 0 -0.143371550539997
M995_4 322 0.192611503008521 0.79311252773805 0 0.159693921163712
F1696_4 323 0.247569284400352 0.706144677428617 0 -0.53473116433854
F2176_4 323 -0.420223105651338 -0.0855296011864231 0 0.483668503873466
F2282_4 323 -0.258196761290637 0.879701521783367 0 0.432296692771595
F2766_4 323 -0.991667798339081 0.597387025156737 0 -0.375144397193909
F781_4 323 -0.341968057442162 -0.0268920892736896 0 -0.389538928139547
F874_4 323 -0.301597635219252 -0.273854108375882 0 0.342447458555844
F878_4 323 -0.154164188873303 0.357288285175733 0 -0.66039109078418
F943_4 323 -0.0461549530248762 -0.211475009474125 0 1.58222519581275
M1016_4 323 -0.259221829525125 0.520685718462261 0 -0.0231639386929824
M1240_4 323 0.00169055300869858 -0.0444887530701048 0 0.552596403715233
M1938_4 323 -0.396047481966304 0.0196760860340329 0 0.545012922523697
M1947_4 323 0.855612424345007 0.304076379348611 0 0.30625567182421
M196_4 323 -0.0365315716195692 -0.642390820416978 0 -0.203355201837306
M2739_4 323 0.295381159055341 0.0925980452075447 0 -0.320787368049906
F1065_4 324 0.163132624118079 0.421347750151871 0 0.583631624623681
F1570_4 324 0.0119934697173001 0.0202409131517333 0 -0.490494605123598
F1631_4 324 -0.28197683200931 -0.76864571509682 0 0.737366049776081
F1895_4 324 -0.124103146677346 0.0814946091142673 0 -0.215063335895696
F2372_4 324 -0.342370706099734 0.265587566136505 0 -0.990219876869311
F2426_4 324 0.0845696167982007 -0.33902469430011 0 0.55637043144332
F2544_4 324 -0.730924500086878 -0.406938823765659 0 0.773200432192364
F2712_4 324 -0.399561937080137 -0.52547876057186 0 -0.703785776030306
F511_4 324 0.705776208432827 0.465736564828882 0 0.0795575951849442
M1075_4 324 0.214882857506004 -0.660237560794061 0 0.323954276308316
M1364_4 324 0.306959240030517 -0.17616285707562 0 0.549225210380481
M1545_4 324 -0.0968782409869955 1.49050443104834 0 0.0179249516367792
M181_4 324 0.0453594216058421 -0.18004206619362 0 -0.678943361993041
M2147_4 324 0.513178567165173 -0.348776168814885 0 0.195063564895695
F1060_4 325 -0.27674924314003 -0.00676708748229671 0 0.00775490756589092
F1235_4 325 -0.210372476425975 0.688194435259004 0 0.0722529712668135
F2256_4 325 0.360926807312325 0.0761132261389602 0 0.836368287736368
F495_4 325 -0.484412350366414 -0.0764480633455886 0 0.0544442854528808
F496_4 325 0.489024606185974 0.799277208450242 0 0.544997242634112
F811_4 325 0.201368694301747 -0.213581278213155 0 0.118879711638081
F819_4 325 -0.703880908408028 -0.0257075250005507 0 0.487783698920453
M1119_4 325 0.0703194400261824 -0.258102701683608 0 0.0299478710233953
M1320_4 325 0.16758534308444 -1.15856400041088 0 0.631961636185222
M1323_4 325 1.14920018416325 0.72603545492225 0 -0.138449315265616
M1385_4 325 -0.388760635326252 0.911840123690852 0 -0.0825734736320046
M171_4 325 -0.70124824090895 0.154217204776586 0 0.53541545413999
M1811_4 325 -0.742643978052489 -0.605910996257231 0 0.172318072803004
M353_4 325 0.463391589565763 0.14309965641847 0 0.5139545421323
F1659_4 326 -0.383671797103127 0.120448761902477 0 -0.0844079986028569
F1808_4 326 0.100156885927134 -0.106287168638314 0 0.112756100040708
F2306_4 326 -0.583778145245398 0.319400127804254 0 0.515738531729424
F2447_4 326 0.0145929864788234 0.324058472444838 0 -0.162372079200516
F442_4 326 -0.538840785604276 -0.101805147078946 0 0.502961307386168
F76_4 326 0.312129103298504 0.0448763496411305 0 0.423447820129026
M1794_4 326 -0.123602362536827 -0.275426898666405 0 0.100031449208814
M1963_4 326 -0.492028927061295 0.700518782610087 0 1.18810785933215
M2144_4 326 -0.0515082554134791 0.0833724950266934 0 0.713991262862792
M2473_4 326 -0.418886634676784 0.442349366771996 0 0.956223931962976
M2535_4 326 -0.747391083285231 0.255882880385058 0 0.0315002014312184
M651_4 326 -0.00539484918582959 -0.393224855913761 0 -0.137516844759526
M774_4 326 -0.109649569707066 -0.697318346183341 0 0.678045613609319
M913_4 326 -0.134075882271015 -0.199601447215976 0 -0.618660928251369
F1143_4 327 -0.367127291690976 -0.214706356000952 0 -0.429942482524773
F1682_4 327 0.175530475872739 0.364106006448464 0 -0.281173397931789
F2184_4 327 0.0278952557281141 -0.431927485257795 0 0.10386079953362
F2486_4 327 -0.399026045859305 -0.190058096686027 0 -0.067330176302113
F2711_4 327 -0.0476852463717251 -0.788782059906871 0 -0.106913667094485
F683_4 327 -0.0141252374267842 0.0490544559945804 0 -0.389077611079875
M1014_4 327 -0.534522373505512 0.229110694321924 0 -0.334318339009171
M1904_4 327 -0.896117863093188 -0.708446139569836 0 0.32333704204479
M469_4 327 0.180594503099216 0.026087473820964 0 0.41565758395402
M507_4 327 -0.818933456371198 -0.526497900930315 0 0.315875242441018
M734_4 327 0.279520789236554 0.00388088008939391 0 -0.375275067262891
M828_4 327 -0.346919168193 -0.165165652327935 0 0.289805665622329
M914_4 327 -0.333439509512528 0.475256295256695 0 0.565093130004559
M930_4 327 0.396374897126337 -0.0970769767676938 0 -0.480700564925298
F1157_4 328 0.232820725180479 -0.24499582907187 0 1.38661567638219
F2208_4 328 0.200612433596443 1.36349323427917 0 0.58559020857741
F2449_4 328 -0.517712505699024 0.921490959975084 0 0.336940265589205
F272_4 328 0.809169170287038 0.0988913970153564 0 -0.0684836718392774
F515_4 328 0.663132821809409 0.0997733233398316 0 0.343390340618029
M1077_4 328 0.257982408767011 0.73510560272301 0 0.0514908961006262
M1341_4 328 0.0834961372046754 0.693657310491405 0 0.78926357860141
M1369_4 328 -0.176611420370085 0.453972256660834 0 0.240267337578679
M1625_4 328 -1.08941790936212 -0.214855270637156 0 -0.0222908055391952
M2078_4 328 0.0270705305674304 0.121443080928421 0 0.21998493016595
M2318_4 328 -0.234880569175973 -0.0283276029842502 0 -0.256970195901399
M629_4 328 0.205475177397151 -0.198062152224804 0 0.466696346452118
M691_4 328 -0.188266757970132 -0.366201988867257 0 -0.569366803028136
M960_4 328 0.111271678502964 -0.116342517404229 0 0.76567075337487
F1823_4 329 -0.644952517791171 -0.316773773261022 0 0.150862680947873
F2794_4 329 0.10034184265911 0.665932931731976 0 -0.562144245514145
F971_4 329 0.563240105518427 -0.238545674904723 0 0.221730347812725
M1094_4 329 -0.167120199943363 -0.300460927737741 0 0.0695521374800223
M1292_4 329 0.0217186180202083 0.311294591611153 0 0.116158928894298
M1460_4 329 0.111152627416438 -0.944892057174633 0 0.523487989862288
M1859_4 329 -0.475234998969333 -0.0354874961165065 0 0.198583774342548
M188_4 329 1.07073940068961 0.598631082718648 0 0.44315957637364
M1909_4 329 -0.0327540905739496 -0.506250122036573 0 -0.157030847003589
M2080_4 329 0.282770409634031 0.00521169630001161 0 -0.0106537415860062
M2648_4 329 -0.247613249765263 -0.0424768306667161 0 -0.103912081067895
M342_4 329 -0.0258735653595539 0.370320165512547 0 0.786961822603543
M89_4 329 0.0158040397737913 -0.240670271792178 0 0.254425952009697
M947_4 329 0.277115086119501 -0.501876396066899 0 0.178837617570893
F1339_4 330 -0.056984628883731 -0.339946594272194 0 0.467932211710695
F2331_4 330 -0.475126233864403 1.21116808296288 0 0.602983695938091
F265_4 330 -0.328689331787867 0.789861756958406 0 0.713974516693902
F428_4 330 -0.432790550706454 -0.285126348509323 0 0.144114670857664
F450_4 330 0.495161688619228 0.704649635785694 0 0.561549208837078
F605_4 330 0.477629562902862 -0.476516249606181 0 0.153752833930287
M1388_4 330 -0.035620467708255 0.14259462528096 0 0.371459238348947
M1674_4 330 -0.72737466301561 0.61090583204744 0 0.274096495195293
M2143_4 330 0.434643064493881 -0.369725118919143 0 -0.361098216984586
M2168_4 330 -0.121526858954312 -0.728721865036004 0 -0.326370077430784
M2243_4 330 0.0900435405468011 -0.126664795738893 0 0.418158521952497
M2481_4 330 -0.455176695593046 1.19048784211164 0 0.240660370655114
M2510_4 330 -0.737222161916007 0.262249103785448 0 0.0767334907281411
M302_4 330 0.699250066921661 -0.232297232161295 0 -0.109176079007933
F1915_4 331 -0.0502857359974255 0.271368743156312 0 0.324496063334601
F1954_4 331 0.552629953725257 -0.785280353915474 0 -0.168022515812659
F292_4 331 -0.381770683416043 0.696441086750624 0 0.559689021512726
F34_4 331 -0.206607497797044 -0.280168731985212 0 -0.000557960975777705
F60_4 331 0.115884981889917 0.013557727147314 0 -0.458244934917303
F699_4 331 -0.796959953792842 -0.175265640463519 0 0.694809984692843
M1450_4 331 0.0289170521625268 0.503552949224422 0 1.22334575541492
M1481_4 331 -0.540854076153061 -0.111785956191309 0 -0.269574102956846
M2231_4 331 0.0785838005062598 0.577050832429301 0 -0.297448370910316
M248_4 331 0.119762976475824 -0.633731163078114 0 -0.224390419160602
M2556_4 331 0.503598411147932 -0.516195517923361 0 -0.340750224186688
M2726_4 331 -0.72762861255816 0.45927423866743 0 0.388925238540522
M2727_4 331 0.128444984955993 0.383374884976278 0 -0.436985802183182
M736_4 331 -0.37082985601178 1.37897057634458 0 0.336634344016341
F1860_4 332 0.0857507319259411 0.348576728542907 0 0.1112269742769
F1892_4 332 0.513335552998518 0.0984733197801502 0 0.932325440079656
F1996_4 332 -0.105423719161672 0.786470593689968 0 1.03746268121925
F2019_4 332 0.743219315017056 0.911177641869338 0 -0.0526197323347372
F418_4 332 0.166814523998182 0.0505143151288031 0 0.743047899304108
F474_4 332 -0.210288118651113 -0.268881255492203 0 -0.474334539265086
F967_4 332 0.106976891298528 0.25170012437411 0 -0.265653674467092
F994_4 332 0.108315829455317 -0.286471046414593 0 1.02460864414788
M1309_4 332 0.263162279966504 -0.754246788750343 0 0.00980088151719266
M2059_4 332 0.241290985488389 0.789721644571919 0 0.144054218770247
M2376_4 332 1.00063645139534 0.211282476417803 0 0.11162031081485
M2430_4 332 0.449538114529682 -0.0163129946508838 0 -0.188374638374966
M285_4 332 0.0791511977040213 0.901770161272765 0 -0.0866347027457951
M53_4 332 -0.196945663532733 0.808980049911754 0 0.801628255844
F131_4 333 0.74014147962865 0.856776279491635 0 -0.128775858294335
F157_4 333 -0.0211584275981236 -0.0615286130927216 0 0.469987947363909
F1603_4 333 0.0846382235553859 -0.184430944547667 0 -0.181616193137594
F2054_4 333 -0.138822623675758 0.114419749366119 0 -0.591168760119106
F2468_4 333 -0.011877870554703 0.0774691842712466 0 0.598888767262001
F2742_4 333 -0.112331309855582 -0.239311644647658 0 0.518544379583858
F409_4 333 0.0236015838561602 -0.1431988087551 0 -1.03880182834867
M1510_4 333 0.644724473776953 -0.894531251096436 0 0.270464901117094
M1975_4 333 0.523999125935872 -0.527029051759655 0 -0.300703453767135
M2121_4 333 0.51732822030406 0.997064901149429 0 0.935877586542655
M2345_4 333 0.545392871670121 -0.482586019489785 0 -0.458277277217224
M2427_4 333 -0.253792753370716 -0.00573432428355158 0 1.35193162234493
M250_4 333 -0.486366999406605 0.90912407902007 0 -0.266634212916094
M60_4 333 -0.406276569436043 1.01608878500041 0 -0.345647079211008
F2068_4 334 1.04679800347212 -0.678491319719365 0 -0.278448044819922
F2106_4 334 0.21000491485443 0.338646317721376 0 0.0962043000181265
F2313_4 334 -0.0555373698724648 -0.316062797018741 0 0.528337742217349
F2395_4 334 0.472906230149276 -0.3172245175767 0 0.107575024511373
F2481_4 334 -0.0353069449891317 0.224956746340308 0 -0.696554064665411
F536_4 334 0.579052370457365 -0.542553441387784 0 0.138677647287755
M1159_4 334 -0.570296400832931 0.12755821582382 0 0.364573846906955
M1412_4 334 0.905758044868359 0.14479419034477 0 0.404132325774123
M1788_4 334 -0.33352890194123 0.775174092638113 0 1.38389393884977
M1889_4 334 -0.580961430144776 -0.371666810449365 0 0.257886141454775
M2331_4 334 -1.34302222873906 0.533972210444379 0 0.404289241607525
M357_4 334 -0.899765178128549 -0.422390262267794 0 0.108415230276416
M542_4 334 0.430176550560358 1.29254965462999 0 -0.0763705592798881
M696_4 334 0.18931708284634 0.277852192757967 0 -0.366639634276504
F1413_4 335 0.537105548108978 1.18262892350903 0 -0.593871301963593
F1451_4 335 -0.148423861484299 -0.468176940773755 0 0.282909264151839
F2320_4 335 -0.868189051789951 0.40144295550155 0 0.10689161577837
F2520_4 335 -0.360902944504349 0.126125041231764 0 0.32455271822505
F2606_4 335 0.157753700287507 -0.635212755324449 0 0.708010702245447
F382_4 335 0.145591104913942 -0.720075863020777 0 0.136172554131973
F645_4 335 -0.318382767283861 -0.493500578313718 0 1.61321881664313
F930_4 335 0.306539702751862 -0.285565126269346 0 -0.374163767898399
M1235_4 335 0.228011955607198 -0.56748940743288 0 -0.142837857981062
M1741_4 335 -0.206040993906567 0.293829978876405 0 -0.197794604798611
M1959_4 335 -0.333324296911591 0.116806578596621 0 -0.283458283226402
M2353_4 335 0.33370454696693 -0.016178874948751 0 0.657855341922987
M2454_4 335 0.520283186718086 0.535052011925612 0 -0.176582934523721
M412_4 335 -0.117761181959773 0.320581499711491 0 -0.40235486725667
F120_4 336 -0.259130169832928 0.308510629399935 0 0.128878698999396
F1213_4 336 -0.105286805886921 0.0366361649667256 0 -0.00607213721496358
F154_4 336 -0.17989186561481 0.361162018574767 0 0.0133815663330325
F1588_4 336 -0.427368060098759 0.0270717465635448 0 -0.291765929025768
F2111_4 336 0.193237523773621 -0.0245594661268822 0 -0.138341460669895
F277_4 336 -0.113487764501332 -0.151164763875805 0 -0.116190715198631
F431_4 336 0.61172977305907 0.217154034062795 0 0.311319760711892
F462_4 336 0.513670249313835 0.884477586327585 0 0.635400794938557
F734_4 336 -0.247097612245337 0.649450644188486 0 -0.0721189922461469
F936_4 336 -0.0860512032048835 0.643945738265372 0 -0.69988456537222
M2207_4 336 -0.735904353905099 -0.489739679547994 0 0.219995605876139
M2676_4 336 0.391064037663899 0.577653528231764 0 -0.861787936024956
M2723_4 336 -0.520112216493287 0.178204947892128 0 -0.556302435678101
M996_4 336 0.318290211942836 -0.151566934135066 0 -0.0831876098920328
F1325_4 337 0.0600759479212349 -1.1928306738169 0 -0.330560124632994
F143_4 337 0.114797812748382 -0.699083080473625 0 0.788251090399532
F1608_4 337 -0.595341692712927 -0.106617315083558 0 -0.516273197941531
F2608_4 337 0.0432382788292696 -0.0127826642315686 0 0.227357381877425
F544_4 337 0.0122446714561304 0.0525177511339474 0 -0.292591483355607
F739_4 337 0.31171362384147 -0.00361305108563048 0 0.0190637234056655
M1060_4 337 -0.606566235229979 0.113511148691254 0 0.0925392654447762
M115_4 337 -0.744467462034532 0.143559964617906 0 0.729720542291652
M1691_4 337 0.274699385645656 0.19411622379066 0 -0.0630990674184989
M1755_4 337 0.500778167868504 0.898726132848295 0 0.299956947042489
M177_4 337 -0.375657010620811 -0.435440077442256 0 0.0889112331936592
M2104_4 337 -0.511602342341844 0.022443363526168 0 0.196806161646553
M603_4 337 0.39724442173784 -0.0575571581254309 0 -0.2550549720631
M868_4 337 -0.777346207231727 0.348698611186681 0 -0.82196428146323
F1003_4 338 -0.0295373996771673 -0.0386311423867687 0 -0.00839498644032827
F1288_4 338 0.334654886954681 0.386460299107396 0 -0.0324247206775395
F1302_4 338 0.445124090206786 1.32292801684547 0 0.300766355974832
F2314_4 338 0.912859985837021 0.3641953829439 0 -0.196918623531398
F2523_4 338 0.705900547685135 0.190001246487827 0 0.151530933282515
F2550_4 338 0.797009053184292 -0.0399058068244438 0 -0.250055095820129
F2581_4 338 1.54922792266516 -0.429703611635457 0 0.417304741728972
F451_4 338 0.249455969688866 0.406761714067913 0 -0.222065108689472
F558_4 338 -0.254941020764169 -0.563815950579165 0 -0.295245257331015
M1479_4 338 -0.127607621716356 -0.358989390148905 0 0.267864236011978
M1626_4 338 -0.511215164442334 -0.574368482810323 0 -0.0191885422114477
M212_4 338 -0.0836368461481672 0.584332603956557 0 -0.227154452891667
M2448_4 338 -0.467947293860628 -0.338700957574375 0 0.0918499958224773
M2468_4 338 -0.247932497409944 0.324442983628123 0 -0.379791109771959
F1520_4 339 -0.362683047176182 0.102022558796862 0 0.543394864351943
F1620_4 339 0.320941262098223 -0.488586723212362 0 1.17091448454542
F1831_4 339 0.501492416097346 0.172401175125033 0 0.259430478121353
F1916_4 339 0.648270163941805 -1.02775985974965 0 -0.537029464898786
F236_4 339 0.243587091913055 0.33186311561895 0 -0.242806700233623
F785_4 339 -0.174798797715372 0.523512425503605 0 -0.836999795359055
M1068_4 339 0.995252692317136 0.103878614654704 0 0.372700319677652
M1500_4 339 0.532189278372956 0.0518399857006079 0 0.010086540947484
M152_4 339 -0.122188720227765 1.02656413397353 0 -0.771366143804612
M1992_4 339 0.558760169565935 -0.351139590658219 0 0.645866110452695
M2070_4 339 -0.845063939883494 -0.118031428854105 0 0.511629073502133
M2113_4 339 -0.172051077026819 -0.423576399361053 0 0.800680122694733
M2174_4 339 0.432459382264293 -0.0307426475547249 0 -0.133322040530867
M2618_4 339 -0.494590412314679 0.390462804608776 0 -0.596883666974485
F1081_4 340 -0.529632406581832 -0.119672133793761 0 0.169997868432105
F1586_4 340 -0.294137304087841 0.0839311375356189 0 0.215262303917548
F1673_4 340 -0.0151854872198845 -0.56370041816999 0 0.108888230343509
F2121_4 340 -0.273421856386382 -0.110768339352273 0 0.72937208293479
F248_4 340 -0.436939700175749 0.387526210113513 0 -0.125823274281509
F54_4 340 -0.554657673634395 1.3058408659267 0 0.616307800501438
F5_4 340 -0.315820171870579 0.275549717889156 0 -0.542512629254173
F834_4 340 -0.216056499224268 0.198668815554747 0 0.0625138395881535
M1102_4 340 -0.323125731043561 -0.343954503129885 0 0.353055528127423
M1426_4 340 -0.536176441151777 0.487619821680255 0 0.0859971001706211
M1631_4 340 -0.0812465295919947 -0.464115742455608 0 0.396971763864157
M2799_4 340 0.2258944708182 0.00963908699094396 0 0.659503021419822
M35_4 340 -0.0729352695469189 0.161989207060894 0 0.133251965486667
M678_4 340 0.154619249572939 0.271807894267642 0 -0.199617190219023
F1084_4 341 0.31599700064401 -0.0295473146482084 0 0.231978901134148
F1526_4 341 0.125731750818896 0.202612718464828 0 0.0303601935474045
F1922_4 341 0.0225036721962431 -0.245418119373978 0 -0.357087369860374
F1923_4 341 -0.207588906784851 0.189715540778524 0 0.4613782747761
F2081_4 341 -0.15423925507306 -1.03846857080758 0 0.0402589868355152
F366_4 341 0.217290452620557 -1.316204526081 0 0.269714719141999
F585_4 341 -0.744353833366173 0.655979658899568 0 0.206550457059793
F889_4 341 0.627548795301215 -0.0684139029740947 0 0.776022405626136
M1118_4 341 -0.198255653864212 0.0569328242656545 0 0.15230075106914
M1379_4 341 0.218898650617585 1.45157418193214 0 0.529403937701684
M1973_4 341 0.48888789720949 -1.14387684781984 0 0.532398759802544
M202_4 341 -0.309546536233304 -0.451040330717448 0 -0.0945009212462102
M276_4 341 -0.58270252967236 -0.257905235115001 0 0.288086117382706
M834_4 341 0.65966383268526 0.276278273778477 0 0.128316770904622
F1082_4 342 -0.41546847086817 -0.181259833200407 0 0.112704875930872
F132_4 342 -0.00114055126607533 -0.606015910421995 0 -0.377856040920514
F1438_4 342 -0.499673012620459 1.28183439280373 0 0.504958346848035
F2408_4 342 -0.0686974997486711 0.244673954346841 0 -0.599818834640353
F2514_4 342 -0.0719759831537284 0.520941426418061 0 0.509834058298516
F961_4 342 -0.282672996195559 0.501840734191878 0 -0.337196298933625
M1455_4 342 -0.0386957397852995 0.474755037444512 0 0.0889593323116798
M1729_4 342 -0.190758854781752 0.61625735359256 0 1.06497235482458
M201_4 342 0.682064698207753 0.586796678518582 0 0.429502788449153
M2183_4 342 0.347282907960156 -5.53390625576133e-05 0 0.213714097686252
M2309_4 342 -0.18330175355365 -0.337869024602915 0 0.190180164033433
M293_4 342 0.0684287110771475 -0.409798286581355 0 0.0948987516302828
M433_4 342 -0.678937525037126 -0.347178964924459 0 0.391920909201603
M865_4 342 -0.288870199115548 -0.305002646441368 0 0.0834950350550295
F1111_4 343 0.278730721801682 0.447946013092621 0 -0.00910175141354308
F1483_4 343 0.319620212372057 0.422589877406821 0 -0.147106941353035
F1514_4 343 -0.15939572536894 1.20955489111656 0 0.629799827660223
F1776_4 343 0.523118305676275 0.259375308688675 0 0.500473536920571
F1855_4 343 0.267368322138516 -0.297586511843148 0 0.0951223985077746
F2572_4 343 0.297828678706112 1.02691333982792 0 -0.279419634321189
F267_4 343 0.306559991101727 0.387873231355625 0 -0.145521864403127
F810_4 343 -1.21761810659039 0.0449861414022976 0 -0.732663611297072
M1147_4 343 -0.171985989498146 0.33960411444589 0 0.895581424424784
M1291_4 343 -0.576884649879849 0.142470489973413 0 1.21919644703902
M164_4 343 0.400835110960918 -0.0849048029064393 0 0.715295802243976
M2528_4 343 0.362100450025227 -0.210536054355439 0 -0.437458733880381
M2687_4 343 0.786278961345713 -0.0328301674099068 0 -0.859286032942749
M2759_4 343 -0.0709639201613038 -0.019228949800064 0 -0.0710992039758039
F1051_4 344 -0.345479146523614 1.15781914670404 0 0.14986352932818
F1104_4 344 0.270437363855981 -0.552801015520927 0 0.158456498865644
F1908_4 344 -0.356475291594699 0.352961259958396 0 -0.237932880100368
F1939_4 344 0.788734676715583 -0.747367010699662 0 0.34280549927165
F1964_4 344 0.805937559357092 1.06792305066698 0 0.866355812063415
F2076_4 344 -0.913304115534746 -0.117487167107529 0 0.316953239186686
F2217_4 344 0.592117570502415 -0.323999715855502 0 0.134649610824878
F2405_4 344 -0.230401049699282 0.350760154470788 0 0.25342421407427
M1168_4 344 0.531876746073732 -0.245343886853848 0 0.883065659833506
M2064_4 344 -0.359130766543685 -0.535393456526553 0 0.767841913621126
M228_4 344 -0.527542737399856 -0.0556248393435426 0 0.621172418046088
M2559_4 344 -0.65674886664343 0.274572247281268 0 -0.544108392142461
M2719_4 344 -0.745406088743156 -0.456056444945065 0 0.404213516938728
M923_4 344 0.783764190056932 0.970562463043057 0 -0.258810988658405
F1393_4 345 -0.789209623222071 0.0146082985358054 0 -0.511351885978827
F2770_4 345 -0.526911742589211 -0.203336292751052 0 0.0942723720656978
F317_4 345 -0.599497928073154 -0.0417364156822941 0 0.462067476015634
F824_4 345 -0.401504175605689 -0.723014076970099 0 0.110097652755205
M1009_4 345 0.0161634412109933 0.340696344650499 0 -0.0190265566913817
M107_4 345 0.221091363248483 -0.276189879211284 0 1.09290108226943
M1220_4 345 -0.0765944106181973 0.228732972072883 0 0.356075994727752
M1885_4 345 0.135281073452788 0.493639188754493 0 0.312287652817398
M20_4 345 0.0265723570196112 -0.561905802059232 0 -0.511310001394499
M227_4 345 -0.0669128974131013 -1.09889638582038 0 -0.926858118087535
M2304_4 345 -0.386988290866258 -1.18918956220463 0 0.299566744011505
M24_4 345 0.606300133522478 0.58950813536619 0 -0.819152092051496
M2501_4 345 0.100511494678712 -1.3128325540322 0 0.259579352695803
M426_4 345 -0.0726540675290666 -0.095893735135524 0 -0.953206200691984
F1048_4 346 0.792635282886205 -0.138232423042686 0 -0.0187867874471038
F1074_4 346 0.504552340309397 1.19235711050441 0 -0.263608324478348
F1298_4 346 -0.18614566204068 0.420493220429762 0 0.338131640382938
F1452_4 346 0.529050692534926 0.0712209066356156 0 0.483530274768397
F1887_4 346 -0.169379936259155 -0.53142255792358 0 0.663074753293182
F97_4 346 0.515755197606706 0.739179774661584 0 0.209341617396979
M1081_4 346 0.217662277144516 0.167548525012737 0 0.0669477090819392
M1227_4 346 0.500595993769127 -0.082847385925677 0 -0.519781175215442
M1365_4 346 -0.357077710104422 -0.49314044170214 0 -0.495426004089885
M1528_4 346 -0.255640193793136 0.266146756404516 0 -0.0284062786139591
M1634_4 346 -0.859813655475554 -0.764661168067989 0 -0.0999384537550883
M1719_4 346 0.238004691112907 -0.121896186444284 0 0.194318359235349
M1815_4 346 -0.108925974409879 1.04821222151273 0 0.550755616386492
M2396_4 346 0.233711963425726 -0.427273284614786 0 -0.181556656423189
F1297_4 347 0.445068274215447 1.04242536999974 0 -0.205009327291352
F1841_4 347 0.148092712584663 1.25406631221027 0 -0.125828964308559
F2011_4 347 1.21303516494477 0.559072706574691 0 -0.634296583021521
F2025_4 347 -0.0689557234098126 0.331921700887832 0 0.188505386101257
F255_4 347 -0.450985179530075 -0.488246125274617 0 -0.12413277164628
F347_4 347 -0.242593368959985 0.0469276717432806 0 0.181712506790185
M1050_4 347 0.0538713532177391 -0.543981120505475 0 -0.0397166691092658
M1189_4 347 -0.607456215044935 -0.405700292478517 0 -0.189897109503063
M2326_4 347 0.507866073196274 0.546071695787214 0 0.48162685543146
M2715_4 347 0.0318305028344952 0.10227035860978 0 -0.152338030895935
M2795_4 347 0.448240952523275 1.04597722950412 0 0.293403230476183
M420_4 347 0.359058540740795 0.342184682428878 0 0.59894903042751
M737_4 347 0.674403758599079 -0.722681535530892 0 -0.69689350043743
M843_4 347 0.336348267034753 0.455257177331295 0 0.839420676991983
F1361_4 348 -0.220308678497892 0.488619561043085 0 -0.105007093971989
F1462_4 348 -0.968091195224168 -0.751962314242485 0 -0.373568814365296
F1645_4 348 -0.545639993128218 0.333527092670263 0 0.840141843457665
F1649_4 348 -0.278542670926512 0.274162893857791 0 -0.165673451862624
F534_4 348 -0.269214162263398 0.456182863337236 0 0.686075631714831
M1228_4 348 0.416374608654154 0.461134199543573 0 0.0831376622046391
M1241_4 348 0.383126679202712 -0.410121842389078 0 -0.397464051755083
M1912_4 348 -0.0151228283813065 -0.956640242411383 0 0.211864972361455
M2589_4 348 0.0687345564411339 0.327749474488534 0 -0.305425714942062
M607_4 348 -0.300594169304345 0.256676264071725 0 -1.296165354325
M620_4 348 -0.451929982402708 0.933417496556768 0 0.0666014496864277
M685_4 348 -0.110882450975047 -0.317285016258234 0 0.182182405120302
M807_4 348 -0.371674225861899 0.202139883201839 0 -0.0331338788918247
M849_4 348 0.272291896978542 -0.0392409007466624 0 0.654971285021814
F1348_4 349 -0.940628198471031 -1.17222314140952 0 0.983276219820356
F1942_4 349 -0.569109418969014 -0.0274428633311512 0 0.759233309898449
F2142_4 349 0.140598817396909 0.462855298603948 0 0.248213999772109
F2700_4 349 -0.151821419982889 -1.34829864893373 0 0.602578952749033
F293_4 349 0.176692467102244 -0.534830248531178 0 0.610026202325375
F624_4 349 -0.00704885218456368 -0.481604207619193 0 0.367637618723969
M1273_4 349 0.314188732766625 -0.0530553967893292 0 -0.588719337355301
M1607_4 349 0.694039594528139 -0.248574828221204 0 -0.0701420342625934
M1717_4 349 0.252745728341144 0.0507933223449014 0 0.96094315794957
M1736_4 349 -0.0340238727021723 -0.444191023415099 0 -0.0236624187831633
M2629_4 349 0.657992567990988 -0.0437662490001111 0 -0.586416282194577
M286_4 349 -0.336468674774527 0.851217727879103 0 -0.285203227515999
M425_4 349 0.210578073310101 0.0205760707182737 0 0.217404671853143
M528_4 349 -0.544680633304233 0.192684690679295 0 -0.0429915999663792
F1488_4 350 0.442839434585609 0.764724967871377 0 0.533340182528389
F1722_4 350 0.304841455531945 0.188006336783583 0 0.57873305963722
F1739_4 350 0.222784264899034 -0.368807057143156 0 -0.678455407202788
F2074_4 350 -0.256837903610833 0.195905089500779 0 0.797112657238453
F2185_4 350 0.912584054199613 0.881593934267514 0 0.977534168024016
F2308_4 350 -0.794678212376412 0.30573505964316 0 1.0386343389076
F2589_4 350 0.568970623391722 0.354520974148595 0 1.57947696313233
F336_4 350 0.304605342947387 0.0312088074952045 0 -0.112757201776752
F754_4 350 0.20660500282329 0.0588327856081029 0 0.127818435260344
F840_4 350 0.422977140839083 -0.26525061677664 0 0.0566270322440525
M1201_4 350 -0.0334263633352885 0.331345623687821 0 -0.497134092316862
M1699_4 350 1.25980571408125 0.205605758030554 0 -0.488001731838689
M2754_4 350 0.125224217012676 0.261389691620861 0 0.686931269105042
M743_4 350 -0.701764358804951 0.805527958311078 0 -0.145381944279307
F1577_4 351 -0.115309316698542 0.288833899197261 0 0.0397956716717195
F2044_4 351 0.161418302836065 0.628870577421089 0 0.918471099508413
F2684_4 351 0.0689164605258169 0.167068159685983 0 0.651423930882676
F395_4 351 -0.820748890318773 0.80127234985818 0 1.37083113013268
F98_4 351 0.260818401092974 0.0910255624051786 0 0.0610205653543781
M1127_4 351 0.440387880829579 -0.781131630247466 0 0.665253747279888
M1219_4 351 -0.701455722482288 -0.196065683293051 0 0.147560106088425
M1333_4 351 -0.218635926757256 0.959977836197437 0 0.630162817172801
M1764_4 351 0.91629126959174 0.799300584035669 0 -0.240059149634215
M2342_4 351 -0.256073282269811 1.33281918062745 0 0.567119008959059
M2515_4 351 -0.0536192045081677 0.885113297877079 0 0.13843152269902
M268_4 351 1.04223172804563 0.319838200210209 0 -0.343401808624056
M2758_4 351 0.652993514160723 0.269325791837709 0 0.389671212420643
M781_4 351 -0.355697305451301 -0.448409685151067 0 -0.19049467453107
F1017_4 352 0.499140474031099 -0.569170228435279 0 1.07788904746147
F1641_4 352 0.0244136428706189 -0.49237199149045 0 0.00620398471306827
F2078_4 352 -0.643986537645234 -0.555814861615822 0 -0.171129526435824
F2528_4 352 -0.563556326805607 -0.0196156047583408 0 0.641948961981149
F302_4 352 0.615071077066153 -0.978363181621272 0 0.273947284843891
F333_4 352 -0.330207808304785 -1.10153766696635 0 0.374029183429361
F899_4 352 -0.32094289403071 0.255329506134845 0 -0.219085731020246
M125_4 352 -0.0827863755499501 -0.788539309163495 0 -0.062448537819267
M1808_4 352 0.127714004155554 0.222017165140632 0 0.0827160557539504
M184_4 352 0.127249309617655 1.00505524699785 0 -0.320030033928095
M2049_4 352 0.495551826745904 -0.786150586375613 0 0.729855326160034
M508_4 352 -0.106393394364547 0.850324558314853 0 -0.231719727573256
M592_4 352 -0.530747460431615 -0.773261674812388 0 0.541327286564217
M937_4 352 -0.391176483079978 -0.0119074901429773 0 0.799505455353662
F1847_4 353 -0.0639045605274705 -0.553579401304615 0 0.303848531641234
F1933_4 353 0.191656401482737 0.457116472232234 0 0.345522155292271
F2038_4 353 -0.0640041246996491 0.480168270157597 0 -0.0745897772014312
F324_4 353 0.717977539919975 0.176171928289629 0 -0.349082929192304
F482_4 353 -0.326847249905053 0.204183485325263 0 -0.383324398558862
F696_4 353 -0.0342143989980555 0.0460097551053523 0 0.946128427257558
F907_4 353 -0.454632132582369 -0.441119548014768 0 -0.153329671510624
M1202_4 353 -0.311891627675591 0.118631647440937 0 -0.0787056650029315
M1415_4 353 0.893610180952544 0.175819292138447 0 0.184955051340729
M1642_4 353 -0.665611450338374 0.527404672629977 0 0.0293193649847584
M2554_4 353 0.594379553062413 0.453584725504984 0 0.145516257434678
M266_4 353 -0.131047286180681 -0.0293941457304467 0 1.22402682576273
M267_4 353 0.226823921217267 -0.363701321059698 0 0.895460812696774
M2764_4 353 0.157134563444609 -0.525817935111561 0 -0.35513475766955
F1343_4 354 0.454584606972169 0.49754738897491 0 0.13145621879635
F1597_4 354 0.0713004160456717 -0.58336835029039 0 -0.335078908868454
F171_4 354 -0.0954987753557837 -0.00016407726591039 0 -0.0535395964441155
F1980_4 354 -0.0735375941097321 0.137042270950502 0 0.73762130116609
F2023_4 354 -0.57350726616851 0.0583665246740406 0 0.499681263839958
F2515_4 354 -0.710837952504974 -0.205024037727726 0 0.0772349320418848
F70_4 354 -0.698725319907659 -0.196782728670975 0 -0.677918703401924
M1329_4 354 -0.20638556150105 -0.0197832870435916 0 -1.32744985169366
M1484_4 354 -0.337029888618875 0.737376239431574 0 0.181065112963912
M1842_4 354 -0.0740505677146672 0.283607069125317 0 -0.660723436194851
M1905_4 354 0.193503526497851 0.579396185537873 0 -0.502417720618747
M2035_4 354 -0.479117449399888 0.529653785600422 0 0.896078404430084
M2555_4 354 -0.170975116092263 -0.418417831910228 0 0.043539175792996
M964_4 354 -0.0627669983908931 -0.667456556999117 0 0.392327455658271
F1195_4 355 -0.266251958857125 0.609869481463563 0 0.792795753914857
F1851_4 355 0.797321930405508 -0.165142743475827 0 -0.334093932031773
F2179_4 355 -0.292873213369524 0.00254779494881074 0 0.324097970256401
F2263_4 355 -0.663960853210748 0.4651757716616 0 -0.0483015488371549
F2267_4 355 -0.779481792568637 -0.620306309964517 0 0.778895124006207
F2397_4 355 0.411251423849864 -0.441975383912813 0 0.904046827749279
F2719_4 355 -0.095368529662551 -0.328567398776399 0 0.466553099944784
F564_4 355 0.606584464066447 -0.843059400931114 0 0.205100868573443
M1226_4 355 -0.26405527130133 -0.649057820758383 0 0.742744453235846
M1676_4 355 0.305038195772937 0.359423884512443 0 0.765942949816846
M1902_4 355 -0.227835878150799 0.552282660176379 0 -0.0480415387450573
M2101_4 355 0.0690610346908792 -1.04892449158855 0 0.0621392464792894
M2651_4 355 0.235585955345021 -0.419284686813792 0 -0.749471365079148
M754_4 355 0.674848189470967 0.100066713581517 0 -0.441866443694496
F1241_4 356 0.275490036569049 -0.580648348804666 0 0.0844479279672306
F2482_4 356 0.191093290360792 0.41883344958477 0 0.358992630508217
F2673_4 356 0.115005184960834 -0.439314273976591 0 -0.163035573354981
F396_4 356 -0.640481483472251 -0.11714990973193 0 0.585624082749299
F440_4 356 0.621044667506324 -0.249803305231384 0 -0.0933000267465231
M1135_4 356 0.0438103472383128 -0.757069603763614 0 0.179434325430083
M1777_4 356 0.24589021704543 -0.927516026772944 0 -0.439772023912021
M2130_4 356 -0.588777748994235 -0.993528280856341 0 0.54733963518211
M2479_4 356 0.239874614183882 -0.0237377140332493 0 0.32369380654069
M366_4 356 -0.268060351106787 -0.741131576448337 0 0.55020489176344
M548_4 356 0.639191164210743 -0.371743930594511 0 0.397233568107568
M563_4 356 -0.54266485554324 0.326220429207576 0 -0.14069375264298
M766_4 356 -0.204328178274123 0.249837214104895 0 0.806530990273746
M85_4 356 0.351013859250868 -0.883512818880663 0 0.443664411361019
F1041_4 357 -0.270306943142186 0.0221863049980007 0 0.275737936041955
F1552_4 357 0.134190159026831 -0.169484234724564 0 0.191717632181868
F2168_4 357 0.59980250159893 -0.312738994728819 0 0.544176553680985
F2488_4 357 -0.593277749675954 -1.60351078732293 0 0.110130811799366
F249_4 357 0.541927044335375 0.172255654100367 0 -0.795166519096764
F2788_4 357 -0.125186796444865 -0.495039283112244 0 -0.267959174749801
F444_4 357 -0.0418951826111389 -0.174432033803984 0 -0.144710104352645
F679_4 357 -0.143538929902948 -0.258177703248448 0 -0.155660328183186
M1629_4 357 -0.345436549693194 0.535400609145726 0 0.403707267903317
M2142_4 357 0.231728251458688 0.371543530809395 0 0.565785142347301
M2162_4 357 -0.252743921440121 1.2813410508076 0 -0.00378087852709741
M2476_4 357 0.372573510756872 0.427379215800485 0 0.114830932426426
M311_4 357 -0.215389551882068 -0.0685613445119151 0 0.742474323468805
M96_4 357 -0.369433083863879 -0.232983150426711 0 0.287195688899033
F1220_4 358 0.308127579943191 -1.12164562337064 0 0.865375147171149
F1244_4 358 0.663462278662681 -0.478127730171231 0 1.0255339488894
F2033_4 358 0.29476965509777 0.562634324234959 0 0.0275401309263215
F284_4 358 -0.543728627714091 -0.0242806813964824 0 -0.156013270825948
F45_4 358 0.188289922379793 -0.306696497013392 0 -0.166916325461705
F489_4 358 0.733833272237835 -0.621410639860667 0 0.0723419953629431
F925_4 358 0.700992234178569 0.483992623096482 0 0.573047438050051
F956_4 358 0.540211671252959 0.306944153373819 0 -0.321953709202674
M1155_4 358 0.16134311418032 -0.626402828276217 0 1.14806886789153
M1224_4 358 -0.880830047954491 0.270944959200833 0 0.115729182560028
M1327_4 358 0.994847313029484 0.457730029849436 0 0.99867348422771
M2392_4 358 0.292977780992007 0.663113220049007 0 0.311466615562771
M367_4 358 -0.224189933237005 0.491501273705922 0 0.110088102691423
M784_4 358 -0.484451582803331 -0.459409216414484 0 0.350067497787402
F1066_4 359 0.142991355440103 1.03780127134491 0 0.440076070354942
F1206_4 359 0.390184557157112 -0.549919209892081 0 -0.554173516710125
F1548_4 359 0.00289266792155329 0.800085607708693 0 0.806153836313733
F1701_4 359 -0.34014126338342 0.367108829146533 0 -0.19594637832253
F574_4 359 -0.046501164444248 0.223334332834269 0 -0.206922628049959
F594_4 359 0.152589203221723 0.0410227489793712 0 0.240776680111618
F673_4 359 -0.11729355628669 -0.450203260544411 0 0.086528626490398
F712_4 359 0.247681415975463 0.587657514337626 0 0.0891189713579689
M1091_4 359 -0.761164201588829 0.145514165029619 0 0.226808898546217
M1605_4 359 0.0825660978111491 -0.0878077782128094 0 0.602971079250155
M2061_4 359 0.421971264743111 -0.070475271467034 0 -0.508240320177485
M2071_4 359 -0.173401483776913 -0.317223392559297 0 0.571273374505678
M2269_4 359 0.151539975874246 -0.140277435943771 0 0.885120108540378
M568_4 359 0.0142717145850792 -0.339588501952624 0 0.28775049010654
F1252_4 360 0.0132501624461693 -0.567445380447642 0 -0.432062497512577
F1490_4 360 0.0551984782492082 -0.158512863833846 0 1.08015493394719
F1947_4 360 -0.121293404556604 0.0173897762416384 0 0.401884631540756
F2204_4 360 -0.616594595248769 0.0995812481813597 0 0.830757638178669
F2623_4 360 -0.622524640494636 -0.393005115208328 0 0.223218205129785
F2774_4 360 -0.670173073169553 0.486483243350629 0 -0.199549293344917
F378_4 360 -0.0599967792556067 -0.16399934256218 0 0.342019107880488
F577_4 360 -0.574988719370816 -0.928657360091464 0 -0.0230446534524499
F829_4 360 0.62901474167928 0.0435092310908899 0 -0.572353767200345
F940_4 360 -0.326043461945834 0.107046544967334 0 -0.326894901244061
M1807_4 360 0.070250575992277 0.206461890220308 0 0.12489859935271
M2163_4 360 0.114968455935085 0.31076508290543 0 -0.298634311570493
M31_4 360 0.122079072974278 -0.0327129958289401 0 1.10202150387142
M446_4 360 -0.442905554960449 -0.24706428920285 0 -0.729522835393552
F1068_4 361 -0.0316476470701207 -0.385500791661477 0 1.20750441545318
F1073_4 361 -0.0435734406595524 0.0651843641595649 0 0.568335304351879
F1395_4 361 0.628419674297794 -0.390303444930601 0 0.133734637923929
F1396_4 361 -0.725644534163429 0.021347737950774 0 -0.087512665741277
F172_4 361 0.303555071079235 -0.968297843463674 0 -0.0974767024718997
F2041_4 361 -0.393723325401915 0.708239822190841 0 0.201964292885206
F2161_4 361 0.687302937159175 0.378319331069774 0 0.574290288761074
F675_4 361 -0.231060220307479 -0.839873397153251 0 0.0698911706510263
M1047_4 361 0.145803963315629 0.498304558136293 0 0.826639031635118
M2242_4 361 -0.704540510820402 0.0488916942291906 0 0.080321132436295
M2271_4 361 -0.16759402272561 0.125822492624013 0 -0.923879127498707
M2339_4 361 0.185116958420849 -0.386910230586932 0 0.499377734787371
M378_4 361 -0.124337661522908 0.265267519199803 0 0.326106111493916
M782_4 361 -0.304107399261757 0.252363323959103 0 0.385982521647743
F1402_4 362 0.324197723801637 -0.727192501484563 0 -0.251800085968093
F1974_4 362 0.861476104265371 0.362380640847115 0 -0.415754508324722
F669_4 362 -0.768122503639995 0.594874578756156 0 0.578502822142401
F856_4 362 0.0714199330820814 -1.10397433074584 0 0.105909695529331
M1105_4 362 1.1720447664865 1.27375570986513 0 -0.130605692549307
M111_4 362 -0.479513366202049 -0.37997994522749 0 0.19390184191942
M1361_4 362 0.106014075072924 -1.14672240770328 0 0.447310705099765
M159_4 362 0.166525985891742 0.455894561255185 0 -0.463544523054651
M1870_4 362 -0.0322786863656438 -0.121756153391817 0 0.41619032646691
M2352_4 362 0.813058221356192 -0.476378121282688 0 0.00893439875347951
M45_4 362 -0.286171533950358 0.521780077561992 0 -0.417915143948589
M471_4 362 0.607420587575291 -0.106756169222889 0 -0.615032264283156
M499_4 362 0.14909289776657 -0.0189217108638204 0 -0.247243483622936
M625_4 362 -0.521094039548064 0.401207013363218 0 -0.367914731593681
F108_4 363 -0.742215865457758 0.0645548586328012 0 0.152109826094353
F109_4 363 -0.993680311635705 -0.228807967923932 0 -0.201979698905732
F1759_4 363 -1.01891698641209 0.141626111000084 0 0.515542509632163
F2009_4 363 0.157375866077951 -0.303691501757257 0 0.827845844684723
F2190_4 363 -0.0978131851405547 0.184032948340715 0 -0.030089438313394
F2436_4 363 -0.406291056137383 0.384779549651934 0 0.957029525454272
F2563_4 363 -0.92923783536632 0.0981579740565227 0 -0.0603968830650762
F2592_4 363 0.948872244205965 -0.137737073166743 0 -0.291495091779744
F2708_4 363 -0.223353226365091 -0.138930490645959 0 0.157159741690869
F741_4 363 -0.401612353106347 0.370296412039477 0 0.389526098022994
M2668_4 363 -0.130622327786612 0.524912449843646 0 0.0429768631441632
M417_4 363 -0.232046538167979 -0.210016146308575 0 0.203923795229615
M506_4 363 -0.658999325635407 -0.14631035258016 0 0.396056397647983
M639_4 363 -0.104953881746714 -0.184369218608743 0 0.474200852503124
F1354_4 364 0.46936395079357 0.436150073160743 0 0.100589032171638
F2113_4 364 -0.344032658954495 0.0434617693524645 0 0.0325708991566759
F2402_4 364 1.25225851047355 -0.187690249778839 0 0.284085159599597
F2433_4 364 1.03284551098007 0.197390349965576 0 -0.137718863301097
F2630_4 364 0.275380790973356 -0.0747588626890264 0 0.470313925854263
F460_4 364 -0.419108948243339 0.902324769886913 0 0.371136914575389
F726_4 364 0.380044575952925 0.405758603991099 0 -0.411972250525203
F970_4 364 -0.45772176706393 1.13947278892423 0 0.785505754896612
M1151_4 364 1.16927615555915 -0.265839167654459 0 -0.363860518324402
M1539_4 364 -0.0405274639810576 0.184898009996089 0 0.275338107453294
M1849_4 364 -0.164740895812552 -0.606130501697285 0 0.128692976618015
M2314_4 364 0.269352577557676 1.12425122426646 0 -0.284726396281208
M2547_4 364 -0.290481230949541 -0.170943747193999 0 0.746191774359941
M356_4 364 0.356877177996832 -0.435853610078933 0 -0.0467912765055494
F1064_4 365 -0.387495254920346 -0.115799042620896 0 -0.208610732237816
F160_4 365 -0.460299654455404 0.0522524889864772 0 -0.405980167052161
F1714_4 365 -0.547836192318295 -1.11357364156585 0 0.476796469560081
F2104_4 365 0.18413274385052 -0.466038084606196 0 -0.334160172968068
F287_4 365 0.00637116881709009 -0.883651057002625 0 1.00754840536618
F385_4 365 -0.700226794462239 0.906350273769352 0 -0.797934777593317
M10_4 365 0.103331849115993 -0.693843043394472 0 0.567150922637381
M1358_4 365 0.229475873411233 -0.261872611618927 0 -0.254977575999868
M1738_4 365 0.0300391800428247 0.535362501513828 0 0.0558167696438025
M1969_4 365 0.0508428154703626 0.222599408725768 0 0.754854266592876
M2067_4 365 0.688878314968857 -0.162830031524345 0 0.295963951318275
M2747_4 365 0.128214699777323 -0.419606632487855 0 0.0712433710885483
M496_4 365 -0.387951106036631 -0.44413402893541 0 1.03864072045774
M850_4 365 0.205515551125922 0.223685609027602 0 0.134558509408064
F1257_4 366 -0.0135218524368975 -0.0604633171404043 0 0.322307456824341
F1482_4 366 -0.275455172997255 0.908744500698687 0 0.107458530818241
F1716_4 366 0.301868247686408 -0.62010768622353 0 0.677329912460567
F1725_4 366 0.1560685276679 0.103507807244032 0 0.0198176057398224
F1970_4 366 -0.0810386160464424 0.523498418633534 0 0.406823512240289
F219_4 366 -0.703040205956226 -0.838533045079057 0 0.573825545541577
F2322_4 366 -0.336434167361685 0.57331008782763 0 0.490016028210637
F2401_4 366 0.0315605475683605 0.54595573509723 0 -0.0367061020593787
F817_4 366 0.0914094004340818 -0.11204161371013 0 -0.0183963728284926
F913_4 366 0.472841784944507 0.781338374764282 0 -0.865112761803779
M1029_4 366 -0.0243616734104896 0.00725125587441955 0 -0.381120548272809
M1032_4 366 -0.339191219511934 0.340266057956543 0 0.0419357961595513
M106_4 366 1.09951623722852 0.623217761301771 0 -0.263561925788358
M120_4 366 0.000679035452505791 0.312376810801725 0 -0.219500781342487
F1509_4 367 -0.588737859895569 -0.242499447373572 0 -0.677922470435105
F1606_4 367 0.2831083695345 -0.412805820038944 0 0.198539430368696
F1827_4 367 -0.256033871324023 0.343329861328194 0 0.436250082262304
F2182_4 367 -0.273390226556691 0.132237545756335 0 0.106609122543397
F2628_4 367 -0.608370466487998 0.0892557125251173 0 -0.0232666001209124
F2687_4 367 0.318718015284309 -0.525634518385798 0 0.31582328182585
F2720_4 367 -0.164204779620198 0.676919272822525 0 -0.434435467236726
M1306_4 367 0.0848615370713071 -0.142990222943825 0 -0.0885362333715219
M2190_4 367 0.416109314994302 -0.738279249716795 0 -0.302144332030305
M2412_4 367 -0.245471366624657 0.415209284046479 0 0.20200881701056
M2487_4 367 0.213841619501833 0.734077607401027 0 0.821931265543919
M2516_4 367 -0.715180499842776 0.0617289941946403 0 -0.130452268306099
M444_4 367 0.149463744990528 -0.280158208798154 0 -0.0233387547862137
M992_4 367 0.101168528857057 -0.258637261013185 0 -0.35572667836836
F1469_4 368 -0.162872668457175 0.781130229285195 0 0.188659926569431
F1978_4 368 -0.289343585882034 -0.314645423645434 0 -0.216508023985343
F2198_4 368 -0.242979683843974 -0.791287714114294 0 0.443199500919317
F2335_4 368 0.626050379042394 -0.23061623815401 0 -0.43090375334377
F2779_4 368 0.790044383356962 0.164703927643352 0 0.796673582296972
M100_4 368 0.304545042637869 0.855332890938567 0 -0.227115534656057
M1520_4 368 0.453142169437726 0.0835504855996064 0 -0.067824675281429
M1595_4 368 0.165885808110603 0.142875426884259 0 1.20388058248834
M1823_4 368 -0.242986525787291 -0.735894688358816 0 -0.487051693044276
M2066_4 368 0.0771924871483912 -0.845552545096579 0 0.353300445791657
M2404_4 368 0.226347417262498 -0.0610436506370128 0 0.0991080522178793
M2717_4 368 0.242830467937273 -0.0125838558453274 0 -0.854230226756783
M472_4 368 -0.264559257451755 0.304777355490474 0 -0.181779384546035
M489_4 368 -0.158978364483679 0.268862994857497 0 0.629751942834985
F1512_4 369 -0.00468703600676076 -0.426994489762128 0 -0.454518563366862
F16_4 369 -0.610516265962972 -0.398618496457828 0 0.105997471925036
F1835_4 369 0.644528467607112 -0.19533794045713 0 0.313516628081109
F1953_4 369 -0.31328387815292 0.740400974825734 0 -0.358907614577077
F2015_4 369 0.812242316287035 0.211525974817218 0 0.155689918936294
F2030_4 369 0.774525016875927 0.502428632656115 0 0.443305815820246
F2203_4 369 -0.370857084420287 -0.16868691911961 0 0.567181527248273
F2407_4 369 -0.461913742359816 -0.023450480295473 0 -0.0462179092484848
M1121_4 369 -0.0368105623162864 0.320004171676909 0 -0.0859905820462489
M1632_4 369 -0.319008608780228 -0.572135124815429 0 -0.104097934688885
M344_4 369 -0.0613659602744789 0.738207001649567 0 0.344784900968552
M745_4 369 0.56948555506877 -0.289104579397237 0 -0.288643239384346
M885_4 369 -0.390339500634084 0.376959520699513 0 0.429360835295028
M956_4 369 -0.130301365767036 0.803436052658094 0 0.364937498435027
F1008_4 370 0.994663250328848 -0.498201418182925 0 0.478260718362626
F1549_4 370 -4.63277063485201e-05 -0.236371475694288 0 -0.25981204813929
F1693_4 370 -0.602131258858768 -0.454644422283475 0 0.356997193818771
F1775_4 370 -0.570624923629328 0.810204959402033 0 0.411337794125435
F2016_4 370 0.060206155907825 0.302209185909882 0 -0.126208700509534
F2475_4 370 0.0345714076448094 -0.718969105091513 0 -0.289362947170282
F2632_4 370 0.754329168720844 -0.327489218057861 0 1.45089324100841
F411_4 370 0.964008684248691 0.845788094648628 0 0.630542266836206
F576_4 370 0.595402130088404 -0.0679523524941799 0 -0.414652394342793
M1268_4 370 -0.318747355506549 0.6611045128652 0 0.575348380036458
M2205_4 370 0.563832880479811 -0.319673096143211 0 0.751749648237137
M466_4 370 0.0966578713461088 -0.451725178662449 0 -0.182868653165119
M555_4 370 -0.269816861110737 0.0185408854524337 0 0.0488410289161584
M76_4 370 -0.137750986568202 -0.284536795681464 0 0.620437406795242
F1067_4 371 -0.251295303860219 0.14364645651288 0 0.0268916507508575
F1231_4 371 0.75504163841412 0.932211126441003 0 0.729465506338799
F1430_4 371 -0.160490540003419 -0.0643624787388186 0 -0.227751834904867
F2685_4 371 0.568311665031227 -0.237138822090537 0 -0.373785198959872
F2688_4 371 0.0302039570561653 0.357375259039605 0 0.0726552827915198
F569_4 371 0.346025511799489 -1.07165879619377 0 -0.727486955930481
F692_4 371 -0.562047154540082 0.210476163000974 0 -0.708311369195328
F927_4 371 -0.326973992638424 -0.920461080876868 0 1.24654894788711
M1392_4 371 -0.160594093865395 0.264098019765954 0 0.723077567385376
M1469_4 371 -0.326330497259478 -0.0915896364065386 0 -0.952093920640535
M223_4 371 -0.250228049863289 -0.465931327934217 0 0.0947481515808844
M343_4 371 -0.333513882160515 -0.86635426845135 0 -0.0568393317989584
M473_4 371 0.267170669868561 1.42611397000275 0 -0.555913248115103
M72_4 371 0.546110999031541 -0.260177294354121 0 -0.223346521470698
F1389_4 372 0.546563431705277 -0.358094224217009 0 -0.149441733817716
F2065_4 372 -0.172687467640684 -1.31742335686477 0 -0.174811458872718
F2210_4 372 -0.786887746121079 0.619546178025447 0 -0.0884175092098416
F2268_4 372 0.388768042829566 0.702548687577368 0 -0.34002068303095
F2429_4 372 -0.249646710103154 0.0907063404242685 0 -0.240327901451252
F2612_4 372 -0.406667932972033 -0.561454502490424 0 -0.152388557597692
F771_4 372 -0.0252790443968904 -0.531016027124819 0 -0.412198301096381
F917_4 372 -0.180674593244624 -0.349285970392612 0 0.17258216216661
F977_4 372 -0.241997131852141 0.795177408817486 0 -0.0235980422916394
M119_4 372 -0.175506943115538 0.110859161370232 0 -0.629265234853079
M1826_4 372 0.381757813476039 -0.324079275184533 0 -0.384500083276553
M2316_4 372 1.00307299007884 0.396351750953995 0 0.261577716220288
M2677_4 372 -1.06902550390262 0.0512338766989102 0 1.00179862518065
M336_4 372 -0.166999344864645 0.349582641833683 0 0.80597193822118
F1198_4 373 -0.0106037210851519 0.267401524571325 0 0.497646767291185
F1697_4 373 -0.480246721763548 -0.296605387802807 0 -0.0295622341800451
F2599_4 373 0.36123315644614 0.0409800975947381 0 0.267991825174184
M1028_4 373 0.416164228137599 -0.920778264793959 0 -0.0643235404033743
M1559_4 373 -0.0489022365892496 -0.121046124562871 0 -0.110137457587945
M2000_4 373 -1.01589592771961 -0.606314956350194 0 1.09365772381382
M2268_4 373 0.919463403289888 0.592239672548229 0 -0.212616885094671
M2544_4 373 0.350431627333957 -0.291865269827179 0 -0.394424900574747
M2613_4 373 0.408233315899246 0.400619620846071 0 -0.280665587782975
M2646_4 373 0.269023310479617 -0.0632917175642985 0 -0.518035893597132
M2650_4 373 -0.409960053363194 -0.615803740098388 0 -0.0101176476716152
M49_4 373 -0.511111863286134 0.2863502180694 0 0.202363737792501
M567_4 373 0.371708559370451 -0.258560781232402 0 0.187212667394162
M901_4 373 1.05950962564027 0.0743556402142608 0 0.174441540722386
F1352_4 374 0.405041460625241 0.65937432923096 0 -0.774974649470831
F136_4 374 -0.125484618119308 -0.767463885892659 0 -0.516065767823589
F1405_4 374 -0.00962972196234201 1.15907028019282 0 0.963302761826663
F1525_4 374 0.102628922281236 0.311213247586706 0 -0.128699390954234
F1884_4 374 -0.090961730604766 0.0921359965303477 0 -0.585144205848844
F597_4 374 -0.313512723128639 0.707789484959574 0 0.293270202674369
F716_4 374 -0.771403762947662 0.995028943616525 0 -0.0616127401055491
F868_4 374 -0.172112618496267 -0.319537455187104 0 0.416387955334493
M1255_4 374 0.652467029733118 -0.137059037709609 0 -0.589232636144176
M1556_4 374 -0.78255724544306 -0.338574712417911 0 0.756728959948917
M1573_4 374 -0.33773029916854 -0.0640900464646039 0 -0.636000474442804
M1660_4 374 -0.831085375823167 -0.401582068638248 0 -0.130254398856361
M2414_4 374 -0.00861132196430123 -0.0730250256207929 0 0.774880421463723
M712_4 374 0.848384574720053 -0.806295162304313 0 0.794016613416196
F1418_4 375 0.0226224727272325 0.352685938323975 0 0.514827421874295
F1567_4 375 0.0749668519934217 0.570997755051653 0 0.162133466296754
F1616_4 375 -0.513924088487368 -0.102932093101765 0 0.387730152801889
F1683_4 375 -0.0646504940887812 0.155633703907931 0 0.27779041695765
F1784_4 375 -0.522760320843854 -0.0126655582681213 0 -0.612570075189648
F2575_4 375 -0.179929155652372 -0.345050532133937 0 1.18020721888452
M104_4 375 -0.104991804048004 -0.488812293920843 0 0.456781302181763
M1230_4 375 -0.128268614260629 -0.861185286623293 0 0.675954304414624
M1318_4 375 0.0151024874005467 -0.727038177494956 0 0.232287995587719
M2007_4 375 -0.939766650578233 0.704949120679027 0 -0.0349174215207222
M2456_4 375 0.153565059660841 -0.331342506611847 0 1.03952864406779
M705_4 375 -0.00760410200799309 -0.661457890096834 0 0.504902300995877
M799_4 375 0.305711182789979 -0.00849577344518271 0 0.772855421642761
M950_4 375 0.27060305405409 0.151903315213221 0 0.67436981667472
F1100_4 376 0.0689777994723703 0.447903204246911 0 0.358733344002383
F1299_4 376 0.291669884682068 0.217651685823218 0 0.300845375240807
F201_4 376 -0.796079292917856 0.389364708941449 0 1.1954656321508
F2045_4 376 -0.0576468242223068 0.937591519527963 0 -0.289960547650289
F2209_4 376 0.0388963504223953 -0.263691598648266 0 0.616127290348721
F240_4 376 -0.389400528981903 0.275716670831813 0 -0.225956344830194
F2631_4 376 -0.324179514956877 0.438585647236218 0 0.29454313997474
F636_4 376 0.554211840670705 -0.389551384781972 0 0.583709191039326
F922_4 376 0.296034369060027 -0.401998704554178 0 -0.186172070749348
M1178_4 376 -0.663685303617907 0.687839403560739 0 -0.247555260961033
M1939_4 376 0.385569283891788 -0.121577120670905 0 0.517309270035368
M802_4 376 0.487888699159837 -0.196404544207586 0 0.432208409546763
M904_4 376 0.460942689503468 -1.11946748697078 0 0.259410412595065
M961_4 376 -0.140860924304756 -0.011257015882274 0 -0.055456651306934
F1185_4 377 -0.475749126651073 0.168778159924117 0 0.212432345295884
F1270_4 377 0.5876040384921 -0.499912423232753 0 -0.497296583992527
F226_4 377 -0.0368169394109198 0.584438905314793 0 -0.399705908560462
F278_4 377 0.0603788828006681 0.0161585901143518 0 -0.106500592647153
F308_4 377 0.343192712074505 -0.505072207550169 0 0.0539875510382861
F656_4 377 -0.405667909733236 -0.459458486543501 0 0.385357200463681
F895_4 377 0.163244071697834 0.174410097071202 0 -1.12774320106311
M1093_4 377 0.610594935682214 0.347654553327821 0 -0.3544909997741
M2264_4 377 -0.142740082478124 0.0191533588204539 0 0.398695702921925
M2279_4 377 -0.489791247828147 0.0608812323212126 0 0.286904604985784
M2474_4 377 -0.189610300707429 -0.406378200808144 0 0.560929075220762
M2628_4 377 0.22663398281811 0.796761568977646 0 0.489413036564197
M2774_4 377 -0.581754956591168 -0.0959930636585553 0 -0.330600110729557
M2_4 377 0.163021900191081 0.143134632967031 0 -0.45649752146079
F1373_4 378 0.906719114601975 -0.172199258666445 0 0.345595592896836
F139_4 378 0.782047865405005 -0.593762110263027 0 0.608905677374337
F1467_4 378 -1.17409558821125 -0.10536999673888 0 -0.024817313661215
F2764_4 378 -0.212842403074794 -0.129410914349834 0 -0.423712898045982
F291_4 378 0.0269962945223752 0.786195052023746 0 0.450663254205837
F438_4 378 -0.667960716115651 -0.0796602358133118 0 -0.230545631470069
M1132_4 378 1.04818518791438 0.741349655400935 0 0.510389972712528
M1196_4 378 -0.372039656732094 1.09644243473232 0 0.0459209268037482
M1911_4 378 -0.597199692470222 -0.250255359128964 0 0.959410695675133
M230_4 378 -0.077710681063146 0.509019065355537 0 0.0121635797693621
M289_4 378 0.0192098185501378 -1.30045307799941 0 -0.0453788091385834
M578_4 378 0.341341516917156 -0.122743523719136 0 0.196856387987262
M618_4 378 0.347167723283273 -1.04425155428204 0 -0.2494918975688
M707_4 378 -0.00797237363905243 -0.194195972425005 0 -0.157294896877083
F2416_4 379 -0.584756563258927 -0.429760386640782 0 -0.364086391085596
F2557_4 379 -0.310043291114423 0.0465777419785787 0 0.201046144859655
F264_4 379 -0.86094893889813 -0.160753352660613 0 -0.38882232702558
F47_4 379 0.242319738949474 -0.384743824426823 0 0.33789560061795
F55_4 379 0.513098641964644 -0.200934929063237 0 -0.967731009203689
F596_4 379 0.731111154702302 -0.100351873599279 0 -0.630997067387529
M12_4 379 0.835393099083775 0.498010200788577 0 -0.603022758260354
M13_4 379 -0.129289439239555 1.18905704868582 0 0.328969037623895
M1535_4 379 0.926786621673854 0.889448468700846 0 -0.220444837305993
M1980_4 379 -0.360753434341248 -0.829365504878019 0 0.515860939868974
M2157_4 379 -0.500750689744168 -0.257156732205774 0 -0.0389460608521783
M2191_4 379 -0.365475559269614 -0.102696498945637 0 0.11784279626491
M2633_4 379 0.236134796477085 -0.535957964506498 0 0.452223709373652
M42_4 379 -0.100730061611686 0.476064649501332 0 0.0711961049980742
F1011_4 380 -0.521803414387283 -0.0879049317960698 0 0.283625797593918
F1122_4 380 0.623608991475882 -0.121289909089012 0 -0.51356954951659
F1268_4 380 -0.321608134478372 0.00382648692842458 0 0.456623043868953
F1394_4 380 0.00513388368201584 0.422406566180361 0 -0.162263788443661
F1988_4 380 -0.343724773464985 0.684317039970721 0 0.207314819995125
F274_4 380 0.310213345558508 -0.646912641413693 0 0.422364634521559
F307_4 380 0.256671734070123 0.793514104416757 0 -0.422161715680505
F804_4 380 0.4624084092274 0.808595511144004 0 -0.00850344719149265
M1343_4 380 -0.197854380743613 -0.223760657836993 0 0.241469031397197
M1784_4 380 -0.051055892009787 0.759324445895865 0 0.484593341863769
M2444_4 380 0.221554684690886 0.432386247009431 0 0.34301937377172
M2694_4 380 0.0398599545800877 -0.411886728778988 0 -0.202161264056206
M365_4 380 -0.432532569613637 -0.0112006616117311 0 0.609847868236359
M775_4 380 -0.708033769281857 -0.118776694862206 0 -0.058588755133238
F1058_4 381 -0.283790209771278 -0.0632572122638801 0 0.392417963503049
F1480_4 381 -0.679900152416516 0.359243390911031 0 0.41091816121463
F2101_4 381 0.0451000755307701 -0.662593959429752 0 -0.317446229339202
F214_4 381 0.0860965314594393 0.566224765887794 0 0.06783595379595
F2480_4 381 0.628685859013053 -0.790657254359388 0 0.132910159609207
F806_4 381 0.334081543621471 -0.339384987006584 0 -0.135895199284356
F815_4 381 -0.333949167844173 0.45329639906205 0 0.235524348718541
M1486_4 381 -0.440221402481748 0.22873504835231 0 0.373807088027997
M1615_4 381 -0.307333127977845 -0.0791474306622925 0 0.718363162560562
M1914_4 381 -0.611233260719638 1.11561423597744 0 0.16230714731922
M2746_4 381 -0.139166579619056 0.0478014235611482 0 0.35096237766784
M279_4 381 0.0120658395515297 -0.385861879184421 0 -0.00477049060692009
M612_4 381 0.888115881194801 -0.542297179014068 0 1.12582075163637
M750_4 381 0.475459713641531 0.115835400060522 0 0.726848848713306
F127_4 382 0.676146985536626 -0.582137855348072 0 -0.165219874851199
F1468_4 382 -0.647785858565974 -0.812812852091575 0 -0.582137598277435
F1487_4 382 -0.012771296052651 1.3332824179236 0 0.36715901172882
F1545_4 382 0.672436771878798 -0.356515600002977 0 -0.217940670496215
F1665_4 382 0.139188571170957 -0.307893671143953 0 0.767840310012339
F1958_4 382 -0.0709318917794394 -0.391836942130478 0 1.15003460814186
F2192_4 382 0.210245350968104 0.0763482090973416 0 0.0683706108036555
F2617_4 382 -1.08229592730339 -0.106466353610926 0 -0.602212722444442
F90_4 382 0.0524432186842013 0.0863729532622576 0 -0.0200921600562976
M1420_4 382 -0.145347130188205 1.88842667766786 0 -0.519148658173664
M1433_4 382 -0.00044405541430359 0.246844570559649 0 0.0753548093633371
M2050_4 382 -0.397991709599276 -0.948185079697563 0 0.48453839362387
M23_4 382 0.218462241335664 -0.301777887286533 0 0.376890675944135
M788_4 382 -0.820598811547128 -0.104100162922817 0 -0.280314423090927
F126_4 383 0.799194991344976 -0.382445604426423 0 0.779057200702757
F1718_4 383 0.967271434100542 0.0945313075161628 0 0.696621148860407
F198_4 383 -0.235399028646611 0.272087214103651 0 -0.00913480054255073
F650_4 383 1.28766196015858 0.157894885273576 0 0.0142009914686461
F688_4 383 0.0671999418997125 -0.794970474892031 0 0.202095633516966
M1407_4 383 -0.213893418968035 0.111478206657744 0 0.0272229340732573
M1440_4 383 0.794676855028464 0.560735208321267 0 0.395963976010212
M1485_4 383 0.396381410039512 -0.212575863486283 0 -0.619036228448884
M1685_4 383 -0.400134107739549 0.0437666776618283 0 0.314548814317635
M1878_4 383 -0.135794419458236 -0.629264412939132 0 -0.117808057684794
M2119_4 383 -0.362461698597887 0.212079383319887 0 0.143005076219999
M2171_4 383 0.556003973176815 0.0628625891985548 0 0.396162934263773
M52_4 383 -0.411928130063292 0.22392391071387 0 -0.0269110814568138
M783_4 383 0.817230720260528 0.216238879228013 0 0.252433113363748
F1055_4 384 -0.65805646405893 -0.511355018878596 0 -0.234094345765528
F1170_4 384 0.114920837191644 -0.0679721921427319 0 -0.116552100511161
F1726_4 384 0.852605891605525 0.368029267830932 0 0.163739876120758
F2088_4 384 0.341323504858634 -0.30977101819815 0 -0.698522660274107
F2438_4 384 -0.191662678272989 0.328765875294614 0 0.411448614547048
F2723_4 384 1.03102027682473 -0.146035135314318 0 0.453138263788064
F2725_4 384 0.156004288846154 -0.308585030894168 0 0.547172128338776
F51_4 384 0.261420473755236 0.383910574340318 0 -0.338462669508315
M1551_4 384 0.353261045322217 -0.115137304153949 0 -0.541072955940827
M174_4 384 0.0560108101538479 0.423806960218822 0 0.344001627132881
M1754_4 384 0.100738989891786 0.284086585628144 0 0.801102433552586
M2062_4 384 -0.224407857882223 0.679306871768801 0 0.639653661332312
M2072_4 384 0.330398215849199 0.146662879939528 0 0.149319816754964
M2451_4 384 0.158830467034468 -0.552282915415593 0 0.0997001715766991
F1913_4 385 0.201611679345371 -0.240206083427213 0 -0.16046132014722
F2135_4 385 -0.481807162533427 -0.0624665160711096 0 -0.0931288861229335
F2425_4 385 0.146183446716786 -0.199203976849565 0 0.544094726780621
F2772_4 385 -0.653739365563725 0.453077644545262 0 -1.17073369639835
F296_4 385 1.07760945956615 0.61616392690381 0 -0.102662759964365
F394_4 385 0.258371121188429 0.0604213128726224 0 -0.539861319534234
M1087_4 385 -0.523070389790366 0.0344283994444095 0 0.920093774783135
M183_4 385 0.829753807500645 0.0933541995169908 0 0.917730116793135
M1848_4 385 -0.754518064428254 -0.291065879515576 0 0.165478257331522
M2006_4 385 -0.337771330598885 0.598363557845572 0 0.193245822176607
M222_4 385 0.182396313236934 -0.691514190675481 0 1.04558440369259
M2406_4 385 -0.171267625411045 0.643853205590135 0 0.131158333424732
M2780_4 385 -0.203014558629274 -0.135618663636751 0 0.0856725879628053
M431_4 385 0.792072670669329 -0.252347962169011 0 0.43916306261581
F1290_4 386 -0.174387120442964 -0.198355339688164 0 0.233196723153457
F1766_4 386 -0.369255794495905 -1.17621356574693 0 -0.502421184443592
F1937_4 386 -0.280320904452981 0.110867468344202 0 1.33516221870008
F2232_4 386 -0.0913262007368195 -1.10326586285057 0 -0.199064206889963
F68_4 386 0.494970620108031 0.280298392275495 0 0.741163436715409
F698_4 386 0.56233909070621 -0.171746145916826 0 0.449453984951084
M1183_4 386 -0.122585879877564 0.108026649788787 0 -0.173143960441956
M1393_4 386 0.365347123518148 -0.447155316674829 0 -0.587332366602259
M2383_4 386 -0.339527890088406 -0.491923294237649 0 1.10575402404616
M475_4 386 0.218433059773269 0.750408092153616 0 -0.321942873145194
M545_4 386 -0.911874129228977 0.302059998008284 0 -0.190818404732755
M577_4 386 0.395882424711383 -0.398968763156918 0 -0.664352530821864
M645_4 386 -0.657569946208755 -0.74971626964877 0 -0.467083594405309
M709_4 386 0.282224581791612 -0.463670796090263 0 -0.126866242875667
F140_4 387 0.106049540547376 -0.646844928876452 0 -0.241874590222059
F2778_4 387 0.462182433904768 -0.0811255630849187 0 -0.783603517755538
M1015_4 387 -0.160146447182664 0.548362624058475 0 -0.812948937146733
M1666_4 387 -0.421502312753469 -0.761174286099555 0 0.297453034603297
M1756_4 387 0.416605886175231 0.0976284362577773 0 0.472628130890622
M2232_4 387 1.59139190302344 -1.10261721625223 0 -0.0049184116592203
M2462_4 387 -0.0569659320345586 0.100695850298367 0 0.180017631240145
M2596_4 387 -0.569346014948875 0.630211672729317 0 0.0633397784388321
M2658_4 387 0.27606403423912 0.0284305075091845 0 0.104588971903917
M515_4 387 0.888701056527919 -0.100353663546978 0 -0.0921103190679939
M752_4 387 0.0735358648672507 0.208837879240218 0 0.326809228951345
M808_4 387 -0.143541667876138 -0.0356905764098892 0 0.538130948276305
M879_4 387 1.16444078561139 -0.104516128116789 0 0.49897612223389
M953_4 387 0.390813107176306 0.294363442513884 0 0.202171767707277
F1523_4 388 -0.0282923816310459 -0.333544908367775 0 -0.051665586732687
F2177_4 388 -0.381590225937238 -0.256806324562167 0 -0.348617708553616
F2194_4 388 -0.08423719185635 0.078978070919965 0 -1.12601667134432
F261_4 388 0.489774211499468 -0.0235194497304323 0 1.15284492497769
F2777_4 388 -0.69066930273922 0.40756640953327 0 0.296974612762364
F377_4 388 -0.0135564663578355 0.544131195865527 0 0.858509630410926
F61_4 388 -0.677703921246795 0.483159743578028 0 0.324279074140205
F949_4 388 0.569057574071293 0.150193086483905 0 0.52653459936099
M1331_4 388 0.84595219349144 -0.374473970190441 0 -0.100260199628647
M1796_4 388 -0.309561982267773 -0.753169389238115 0 0.112018924101186
M2566_4 388 -0.450962243696654 -0.153898169625564 0 0.67542929034939
M294_4 388 0.362147039908953 0.129667330891467 0 0.0924930475268098
M780_4 388 0.308419619748175 -0.666424274979034 0 1.22125976042086
M987_4 388 -0.175882452000047 -0.126500756651392 0 1.13304896550266
F141_4 389 0.117169877374422 -0.182393476228745 0 0.377295958789011
F2012_4 389 -0.308372943887844 0.024592757257197 0 -0.176120125922812
F2145_4 389 0.817275557841808 1.11634453286653 0 -0.131410538867318
F2776_4 389 -0.242579138641384 -0.666270747404338 0 0.404218913477113
F546_4 389 0.131023221242655 0.350205099250776 0 -0.384974341431285
M103_4 389 0.266290258654078 -0.0356361755788328 0 0.30267875183438
M1206_4 389 0.0976416181030729 0.0269314717059275 0 0.30110628191181
M2077_4 389 -0.737005620699489 -0.359382937935036 0 -0.0286309171213247
M2128_4 389 0.385566524655997 0.214811728467834 0 0.697711494504454
M2176_4 389 0.97660963223801 0.0180663228595943 0 0.607244666952356
M2387_4 389 -0.51799036003641 0.506441529549242 0 0.297612303525897
M2459_4 389 -0.187694542072235 -0.953878347726945 0 -0.271677592608216
M2494_4 389 0.535654644496212 -0.207528482999465 0 -0.139167774816134
M307_4 389 -0.0331619262706623 -0.323925789429823 0 0.122585939028678
F1287_4 390 0.291491137370164 0.195162518279757 0 0.235282699892077
F1399_4 390 -0.232765567417024 -0.170273876393255 0 -0.379488967419518
F1555_4 390 -0.222862946842258 -0.600987752113508 0 0.428222716928443
F269_4 390 0.897553376302235 -0.540271368477556 0 -0.233586336531807
F342_4 390 -0.233032587024243 -0.426544241326381 0 0.184708697047622
F897_4 390 -0.614039853082935 0.95966256122388 0 -0.600002551863956
M1140_4 390 -0.0750718971085135 -0.0673373894538107 0 -0.508002515190687
M1238_4 390 -0.20922444348573 -0.724101147113048 0 -0.301300949115021
M1363_4 390 0.17782211666679 -0.465576189954386 0 0.0786337981316038
M1416_4 390 0.246726748024559 -0.586925317619132 0 0.197080541089216
M1608_4 390 -0.813710893141286 0.787275347884869 0 0.294108322455465
M1825_4 390 0.0459060765151566 -0.320021889908434 0 -0.228338727337638
M209_4 390 0.354675774496886 0.287853431794057 0 -0.81388996682048
M857_4 390 1.53693117722288 0.584407245512383 0 -0.354658205950454
F1046_4 391 1.52431906302861 0.31523252402091 0 -0.138380645061858
F1752_4 391 0.264139490228451 -0.716754735870543 0 -0.0460125425501018
F2047_4 391 0.283022274985626 -0.208735518074049 0 0.603936961743726
F209_4 391 -0.12091385614204 -0.284225172563075 0 -0.0190285371340394
F2305_4 391 0.392980698796025 0.158165290997842 0 0.205045783111781
F2755_4 391 0.821794834140363 0.360441714772874 0 0.415891460918294
F796_4 391 -0.112287398399228 0.574897359938085 0 -0.00112154854959129
M1156_4 391 -0.617419694383636 0.945464576985878 0 0.532489647193022
M124_4 391 0.0413205412184685 -0.347102045862019 0 0.216717766032932
M1941_4 391 -0.772991089574014 -0.515704037637218 0 -0.229092881800523
M2092_4 391 -1.31729271095124 -0.668581730700588 0 -0.339643670611504
M2246_4 391 0.154347735457628 0.495775828657374 0 0.606946989677154
M402_4 391 -0.0927423570333054 -0.509486484555888 0 0.163352847520951
M600_4 391 -0.335410914109376 0.15865369745745 0 -0.109490898785711
F1441_4 392 -0.333692055559616 0.254312196529371 0 0.357445470740751
F1576_4 392 -0.188905676865144 0.836759945249431 0 -0.351951193031313
F1761_4 392 -0.420759648399638 0.187850591534243 0 -0.0529215093052969
F2534_4 392 -0.256978186875361 0.357475377650662 0 1.14995498846672
F641_4 392 -0.111657921487224 -0.578253239035653 0 -0.366589613851719
F750_4 392 0.0840877987892017 0.729924214046905 0 -0.237800309921182
M1055_4 392 0.127970582317078 0.078539552206436 0 0.353432572569092
M1063_4 392 0.515010297585868 0.447997693555864 0 0.46410410553759
M1345_4 392 0.320301428918064 0.305254949296489 0 0.0533740471203825
M1375_4 392 0.0873573656305008 -0.656248177504708 0 -0.175226354957433
M1404_4 392 0.100556385289984 -0.864935155617264 0 -0.0428747617150967
M2115_4 392 -0.00762589870322239 -0.251023720830533 0 0.421525419487089
M509_4 392 0.173658024655079 0.409980259263777 0 0.254409144925427
M926_4 392 0.192532429021999 -0.127765595433913 0 -0.375386319999063
F1429_4 393 0.664359374573147 -0.296367156106411 0 0.508164385596074
F150_4 393 0.228963721142203 0.358555501786225 0 0.194610452350272
F2414_4 393 0.353876675171736 -0.141398186969071 0 -0.826401181882689
F680_4 393 0.282050738846224 1.25002182021706 0 -0.141672710767826
F740_4 393 0.979095178147828 0.0599513719254176 0 0.216310599207463
F892_4 393 -0.877417636392549 -0.040691636317389 0 0.206314132095977
F905_4 393 -0.938906611995663 0.655244521129679 0 0.647632286182876
M1541_4 393 0.307113715862174 -0.161174592955796 0 0.108173122852392
M187_4 393 -0.178102250593346 -0.261333742766023 0 0.542646139677075
M1917_4 393 0.119628312857745 0.410335994386371 0 -0.165200651660895
M1927_4 393 -0.0155772285830906 -0.831872551563289 0 0.440582567007139
M2040_4 393 -0.113637552172289 -0.291458128661032 0 -0.486207947457514
M2489_4 393 -0.620931110624676 -0.873056147404359 0 0.874219873270958
M372_4 393 -0.586655532225859 -0.409751431845086 0 -1.07473712606085
F1010_4 394 0.446451300210591 -0.112329233724807 0 0.0775582944436771
F1052_4 394 -0.139916951315702 0.444895463442733 0 0.295332336144353
F1473_4 394 -0.379624175194325 0.550884452606622 0 -0.437096392543105
F1883_4 394 -0.165646063172128 0.73253628846078 0 0.802419838145684
F1968_4 394 0.32916277304218 -0.240963773678006 0 0.135949516646593
F2278_4 394 0.508524480913897 -0.519813591754253 0 0.699567468745866
M1027_4 394 0.296073286611082 -0.977843289453473 0 0.257916165756863
M1757_4 394 -0.0951382423198728 0.627264851340195 0 0.192776547024356
M1769_4 394 0.554145968559065 0.454955591615489 0 0.545604635881866
M1834_4 394 0.0437867727804696 1.22172573521325 0 0.159039641312118
M2048_4 394 0.742726582790809 -0.466610452350745 0 0.338573379557106
M2475_4 394 0.239504283323237 0.529230253628065 0 -0.512890541994052
M2519_4 394 0.458328526601068 -0.127081999006366 0 -0.222738292755889
M2745_4 394 -0.471093360123832 0.518617898269993 0 -0.0958442298186206
F1128_4 395 0.592220755452045 -0.439034606989691 0 -0.226114158667264
F1134_4 395 -0.22008366877839 0.0870313989897074 0 0.493603196559502
F1255_4 395 -0.0408216455850242 0.228291235824199 0 0.616109633110983
F1948_4 395 0.149476043480216 -0.0429544781127452 0 0.444138444951964
F348_4 395 -0.214082809432417 0.191610910461325 0 0.361303221969707
F604_4 395 -0.262776826505016 0.204800902082111 0 -0.477757401781919
F853_4 395 -0.115659984031437 0.484903846516848 0 1.14539500048551
M2234_4 395 -0.0614877582936489 -1.26140749882482 0 -0.328106859493982
M2420_4 395 0.299790425358576 0.0823429697960097 0 -0.342994883266298
M2523_4 395 -0.633171328602219 -0.328107558390434 0 -0.0591366614646588
M272_4 395 -0.981121451592542 0.00413006774911295 0 -0.683037017231899
M358_4 395 -0.626365201591413 -0.243314043906801 0 0.129723455338519
M440_4 395 -0.575244867935563 0.752905177081258 0 -0.0301271492592763
M757_4 395 -0.432129184472953 -0.00873689248543286 0 -0.393418890742874
F1251_4 396 -0.625607041010193 0.941972174368441 0 -0.438040411749206
F1675_4 396 0.144692411205238 -0.319406428175585 0 0.285144015634151
F170_4 396 0.0157259669767102 -0.0676300898532064 0 0.763089338963555
F1733_4 396 -0.288402399307742 -0.756886403060876 0 1.04955169860752
F2093_4 396 -0.20792798997542 0.595498022225085 0 0.0594619002975666
F2189_4 396 0.147036779448684 0.297474684808925 0 1.22927850271436
F2739_4 396 -0.544842326432591 0.460854607894857 0 0.83771836595628
F578_4 396 -0.598513976752777 0.62312026614328 0 -0.415167546557106
F746_4 396 -0.0752418462818239 0.380034211422676 0 -0.130719741834539
M1234_4 396 0.262725716333189 -0.0222320241853413 0 0.25881577450537
M2091_4 396 -0.140668883688241 -0.755955252259533 0 -0.0142559050073806
M232_4 396 0.881429549250982 0.771875792659735 0 -0.530383090901142
M350_4 396 0.390155572648493 0.655730361209056 0 0.687596787320278
M927_4 396 -0.0892993955216902 -0.129904019903613 0 0.119784261283718
F1379_4 397 1.08263408209742 -0.000982974472216069 0 -0.401713756559354
F14_4 397 -0.151235198751759 -0.0141500419372371 0 -0.23917414132503
F1547_4 397 0.725536098178165 -0.544952249924975 0 0.736891656901013
F1744_4 397 0.132012456377255 0.0338546681592211 0 -0.0794416231028199
F2193_4 397 -0.773473479936362 -0.52051270680183 0 -0.195013724799505
F473_4 397 -0.206352364044814 -0.96165661262811 0 0.493845346057627
M1051_4 397 -0.0676176140808732 0.141440950956275 0 -0.452078145202316
M1125_4 397 -0.107014813995125 0.194490765180673 0 0.408713606450497
M1305_4 397 0.279226387004077 0.189245848547298 0 0.613006784304812
M1910_4 397 -0.142954752383463 -0.660305605668521 0 -0.738936378712645
M438_4 397 0.80429160819439 -0.848290252413004 0 -0.21895415460215
M825_4 397 -0.0108463082059731 0.987500482336454 0 -0.0696124866305452
M93_4 397 -0.879315859207658 -0.107707741032232 0 0.650973856725377
M955_4 397 -0.234298799628985 -0.620977108266124 0 -0.439677089659144
F1023_4 398 0.0976930882086161 0.295089825534078 0 -0.569031401570348
F1433_4 398 -0.443715270502984 -0.323526354303069 0 -0.197101642613065
F1551_4 398 0.442595054739394 -0.055399035191078 0 0.526945217855039
F1676_4 398 -0.312888273107988 0.174886875045841 0 0.238060635112414
F1792_4 398 0.409830686260796 -0.00893981211849393 0 -0.0234641997880379
F229_4 398 -0.301168803676809 -0.103507233082828 0 1.05339247903078
F2377_4 398 -0.659025984053205 0.529398812692808 0 -0.31893269718246
F2721_4 398 0.568713614885255 0.117363458658815 0 0.477956259178553
F2782_4 398 -0.649251843649926 0.425610546092711 0 -0.148879759631799
F681_4 398 1.06858915103858 -0.452614656751353 0 -0.198183801821428
F946_4 398 -0.490675109457471 -0.499859564992825 0 -1.09991348369797
F982_4 398 0.0977290649938014 0.822615725828909 0 -0.28504453036373
M1303_4 398 -0.111203724291063 0.32099651754226 0 -0.226987631234321
M1410_4 398 -0.126226340089249 0.412176869336477 0 0.418618297943864
F1802_4 399 0.831928380412485 0.478253266233875 0 0.301687558780477
F1844_4 399 0.154196136581439 0.549380275961712 0 -0.183446069053464
F1924_4 399 -0.405637292146215 -1.67468182416025 0 -0.0221218481241939
F2381_4 399 -0.192363015499428 -0.232215419844665 0 0.48318961099835
F2483_4 399 1.42401119495539 -0.321177882698729 0 1.11846783270257
F318_4 399 -0.286195343082236 -0.123990334528497 0 0.671994200828118
F446_4 399 -0.531243938987141 0.486319987488814 0 -0.841918401592919
F888_4 399 0.699113527774045 -0.891073191755046 0 1.00154359374622
M1397_4 399 0.270643602249008 -0.875377161672782 0 0.142389827177406
M154_4 399 0.104512621640514 0.763471013408802 0 0.581409467897032
M2630_4 399 0.996219679918665 -0.542185495985574 0 0.236325933252752
M551_4 399 -0.0278977843985815 0.127629881793837 0 0.343051806940514
M88_4 399 0.732348557828019 -1.06980125773551 0 0.0573396473769021
M954_4 399 0.26197991963907 0.151627383644248 0 -0.352524973050526
F2008_4 400 0.701459687124281 -0.496136516745939 0 0.57339317283405
F2358_4 400 -0.199378756968205 -0.576347310953627 0 -0.490377759148952
F2493_4 400 0.33056302114152 0.239007573661303 0 0.291175295128449
F2506_4 400 0.307356382175635 0.0399944110887798 0 -0.0583053454173121
F355_4 400 -0.317000707298346 -0.845944894119881 0 0.177412527590696
F571_4 400 -0.121577291172384 -0.0775014237201306 0 -0.204541004164491
F625_4 400 0.08888367271657 -0.967371293440987 0 -0.657102529959334
F860_4 400 -0.204654373626075 -0.0562587545756839 0 0.106926342718534
F952_4 400 -0.768297900532873 -0.453751811934568 0 0.292968299901775
M1194_4 400 -0.045643442389628 1.24221229999241 0 0.68485264958004
M2372_4 400 0.540294263217621 -0.231249491643144 0 0.496809951868265
M2455_4 400 0.496741268085363 -0.424165217266884 0 0.818663223128013
M2691_4 400 -0.771149578420252 1.01189266045245 0 0.636654537955257
M495_4 400 -0.104935170200544 -0.588477641738349 0 0.158084367886994
